No,DATE,NO SALES ORDER,KODE CUSTOMER,CUSTOMER NAME,CODE ITEM,ITEM NAME,QTY, PRICE , TOTAL ,INITIAL STOCK,PRODUCTION,DELIVERY,REMAIN SO,NEXT STOCK
,02-Jan-26,PO0000010973,PL0114,PT. INDONESIA KOITO,TRM4149,"PARTISI FG D37D HL (PO-26) WARNA ORANGE,STIKER PO-26",255 ," Rp181,070 "," Rp46,172,850 ",110 ,127 ,237 ,-18 ,0 
,03-Jan-26,PO/KBP26-00006,PL0112,PT. KARYA BUMIMAS PERSADA,KRT02452,BOX WASTAFEL (BBP-BOX-WST),500 ," Rp14,090 "," Rp7,045,000 ",,,,-500 ,0 
,05-Jan-26,A1/STYLEFOX/0A1,PL0161,PT. ANDARI SAKTI,KRT05006,BOX FOX P15XL14XT8,"4,500 ", Rp950 ," Rp4,275,000 ",,"4,500 ","4,500 ",0 ,0 
,05-Jan-26,001/PO/CAC/1/2026,PL0069,PT. CAC PUTRA PERKASA,KRT00131,CARTON BOX 387X277X125,"1,500 "," Rp6,000 "," Rp9,000,000 ","1,540 ",,"1,500 ",0 ,40 
,05-Jan-26,SPG-PO/001/I-2026,PL0168,PT. SIGMA PACK GEMILANG,KRT05007,CB. PANORAMIC/WINDSHIELD BYD UK 1550X160X1040 K150XM125X3/K150 CB/F,20 ," Rp59,500 "," Rp1,190,000 ",,40 ,20 ,0 ,20 
,05-Jan-26,SPG-PO/001/I-2026,PL0168,PT. SIGMA PACK GEMILANG,KRT05008,CB.RWS BYD UK 1390X240X535  K150XM125X3/K150 CB/F,20 ," Rp43,000 "," Rp860,000 ",,20 ,20 ,0 ,0 
,05-Jan-26,SPG-PO/001/I-2026,PL0168,PT. SIGMA PACK GEMILANG,KRT05009,CB.FR/RR DOOR BYD UK 1065X160X615  K150XM125X3/K150 CB/F,35 ," Rp29,000 "," Rp1,015,000 ",,35 ,35 ,0 ,0 
,05-Jan-26,SPG-PO/001/I-2026,PL0168,PT. SIGMA PACK GEMILANG,KRT05010,CB.FR SUBROOF BYD UK 1310X100X350 K150XM125X3/K150 CB/F,10 ," Rp22,000 "," Rp220,000 ",,10 ,10 ,0 ,0 
,05-Jan-26,SPG-PO/001/I-2026,PL0168,PT. SIGMA PACK GEMILANG,KRT05011,CB.FV BYD UK 640X100X340 K150XM125X3/K150 CB/F,20 ," Rp11,500 "," Rp230,000 ",,30 ,20 ,0 ,10 
,05-Jan-26,SPG-PO/001/I-2026,PL0168,PT. SIGMA PACK GEMILANG,KRT05012,CB SW BYD UK 750X100X480 K150XM125X3/K150 CB/F,20 ," Rp15,500 "," Rp310,000 ",,21 ,20 ,0 ,1 
,06-Jan-26,PO2601-010,PL0085,PT . EHWA INDONESIA,KRT01104,4.5INCH OUT BOX (10PK) - DW4724 225X155X115MM (PM2156),"4,000 "," Rp2,221 "," Rp8,884,000 ","4,000 ",,"4,000 ",0 ,0 
,06-Jan-26,PO2601-010,PL0085,PT . EHWA INDONESIA,KRT02166,"OUTBOX SGA 4,5"" MP 100PCS (PM2218)",500 ," Rp6,208 "," Rp3,104,000 ",510 ,,200 ,-300 ,310 
,06-Jan-26,MRO/29016/PC/2026,PL0049,PT. PANASONIC MANUFACTURING INDONESIA,KRT00203,CARTON BOX EVAPORATOR REGULER 72X26.5X22.5CM K275/M125/K275 BF 2 LAYER,330 ," Rp14,800 "," Rp4,884,000 ",,330 ,330 ,0 ,0 
,06-Jan-26,GBU/PO/C/01/2026/00005,PL0087,PT. GUNA BAKTI UNGGUL,KRT01135,DUS NAMPAN FIONA 56X42.5X47 CM,75 ," Rp18,750 "," Rp1,406,250 ",,75 ,75 ,0 ,0 
,06-Jan-26,GBU/PO/C/01/2026/00005,PL0087,PT. GUNA BAKTI UNGGUL,KRT01329,DUS SAPU WINNY 125X30X32.5 CM,100 ," Rp21,600 "," Rp2,160,000 ",,101 ,100 ,0 ,1 
,06-Jan-26,3700183161,PL0151,WIRYAMANTA SADINA,KRT03785,PARTY BOX ACTIVITY (1X50 SET),54 ," Rp473,000 "," Rp25,542,000 ",54 ,,54 ,0 ,0 
,06-Jan-26,3700183162,PL0151, WIRYAMANTA SADINA,KRT03785,PARTY BOX ACTIVITY (1X50 SET),54 ," Rp473,000 "," Rp25,542,000 ",,54 ,54 ,0 ,0 
,06-Jan-26,002/PO/CAC/I/2026,PL0069,PT. CAC PUTRA PERKASA,KRT05017,BOX TUTUP UK 113X110X12.5CM 4 WALL KMK 275 CCBF,100 ," Rp68,500 "," Rp6,850,000 ",,100 ,100 ,0 ,0 
,06-Jan-26,003/PO/CAC/I/2026,PL0069,PT. CAC PUTRA PERKASA,KRT02024,CARTON BOX PARTISI 270X2777X145,200 ," Rp5,700 "," Rp1,140,000 ",,200 ,200 ,0 ,0 
,06-Jan-26,003/PO/CAC/I/2026,PL0069,PT. CAC PUTRA PERKASA,KRT05018,PARTISI,400 ," Rp2,500 "," Rp1,000,000 ",,409 ,400 ,0 ,9 
,06-Jan-26,003/PO/CAC/I/2026,PL0069,PT. CAC PUTRA PERKASA,KRT05019,LAYER,200 , Rp700 ," Rp140,000 ",,205 ,200 ,0 ,5 
,06-Jan-26,PA26010087,PL0023,PT. KAWASAKI MOTOR INDONESIA,KRT01966,CARTON BOX K-79 (BROWN) (K8120-0058),60 ," Rp5,800 "," Rp348,000 ",60 ,,60 ,0 ,0 
,07-Jan-26,PO20260100032,PL0134,PT WANG SARIMULTI UTAMA,KRT03186,LAYER W6 370X220 - LAYER W6,100 ," Rp1,000 "," Rp100,000 ",,105 ,100 ,0 ,5 
,07-Jan-26,001/CSI/PO/I/2026,PL0188,PT. Cipta Synergi Indonesia,KRT01466,BOX PM 550X360X300MM K125/M125X4 CBF,"2,000 "," Rp9,500 "," Rp19,000,000 ",,"2,321 ","2,000 ",0 ,321 
,07-Jan-26,PO20251215000157,PL0113,PT. EVERPRO INDONESIA TECHNOLOGIES,KRT04061,(994819000010083) PACKAGING BOX/NEUTRAL LOGO PACKAGING/UK 370X370X430 MM,"2,000 "," Rp17,500 "," Rp35,000,000 ",,"2,004 ","2,000 ",0 ,4 
,07-Jan-26,PO20251215000157,PL0113,PT. EVERPRO INDONESIA TECHNOLOGIES,KRT04050,(994819000000192) CARTON 5 LAYERS CORRUGATED PAPER OUTER UK 375X375X375 MM HW EXCLUSIVE,"1,000 "," Rp18,600 "," Rp18,600,000 ",,"1,000 ","1,000 ",0 ,0 
,07-Jan-26,PUR-PO-0126/0029,PL0076,PT. ASAHI INDONESIA,KRT00248,CARTON LAYER 950X770,500 ," Rp5,600 "," Rp2,800,000 ",,506 ,500 ,0 ,6 
,07-Jan-26,PO/STP/I/2026/006,PL0101,PT. STAR TEC PACIFIC,KRT02150,SIDE REEL 10 STP,"3,000 "," Rp5,900 "," Rp17,700,000 ",399 ,"2,601 ","3,000 ",0 ,0 
,07-Jan-26,PO/2026/A/006/RMIP,PL0136,PT. TECHNO INDONESIA,KRT03849,LAYER CTN 316X206 MM,300 , Rp520 ," Rp156,000 ",,311 ,300 ,0 ,11 
,07-Jan-26,PO/2026/A/006/RMIP,PL0136,PT. TECHNO INDONESIA,KRT03850,LAYER CTN 350X310 MM,300 , Rp849 ," Rp254,700 ",,316 ,300 ,0 ,16 
,07-Jan-26,PO/2026/A/006/RMIP,PL0136,PT. TECHNO INDONESIA,KRT02767,CARTON BOX 540X490X242 MM,10 ," Rp16,500 "," Rp165,000 ",,13 ,10 ,0 ,3 
,07-Jan-26,PO/2026/A/006/RMIP,PL0136,PT. TECHNO INDONESIA,KRT05024,CARTON BOX 360X326X212 MM,200 ," Rp10,242 "," Rp2,048,400 ",,204 ,200 ,0 ,4 
,07-Jan-26,PO/2026/A/006/RMIP,PL0136,PT. TECHNO INDONESIA,KRT03725,KARTON BOX 326 X 216 X 154 MM,200 ," Rp4,105 "," Rp821,000 ",,204 ,200 ,0 ,4 
,07-Jan-26,PO/2026/A/006/RMIP,PL0136,PT. TECHNO INDONESIA,KRT03726,PARTISI 316 X 206 X 135 MM,200 ," Rp3,857 "," Rp771,400 ",,250 ,200 ,0 ,50 
,08-Jan-26,001/ABM/TLJP/I/26,PL0186,PT. AGRASINDO BERKAH MANDIRI,KRT05023,LAYER COAK,"2,000 "," Rp1,100 "," Rp2,200,000 ",,"2,000 ","2,000 ",0 ,0 
,08-Jan-26,SPG-PO-010/I-2026,PL0168,PT. SIGMA PACK GEMILANG,KRT03574,"KARTON BOX SUZUKI 14"" UK 395X395X190 K150/M125X3/K150 CB/F","1,000 "," Rp11,700 "," Rp11,700,000 ",,"1,001 ","1,000 ",0 ,1 
,08-Jan-26,120126-0010,PL0002,PT. MAJU TEKNIK UTAMA INDONESIA,KRT03516,KARTON BOX VALVE 50 KG 220X160X145 KMK 125 BF,100 ," Rp2,500 "," Rp250,000 ",,105 ,100 ,0 ,5 
,08-Jan-26,WP2601001,PL0049,PT. PANASONIC MANUFACTURING INDONESIA,KRT02336,MASTER BOX 23 X 18 X 9 CM,200 ," Rp4,161 "," Rp832,200 ",,206 ,200 ,0 ,6 
,08-Jan-26,WP2601001,PL0049,PT. PANASONIC MANUFACTURING INDONESIA,KRT02337,MASTER BOX 14 X 14 X 13 CM,300 ," Rp3,150 "," Rp945,000 ",,302 ,300 ,0 ,2 
,08-Jan-26,WP2601001,PL0049,PT. PANASONIC MANUFACTURING INDONESIA,KRT02338,MASTER BOX 58 X 31 X 25 CM,300 ," Rp13,300 "," Rp3,990,000 ",,307 ,300 ,0 ,7 
,09-Jan-26,MRO/29057/PC/2026,PL0049,PT. PANASONIC MANUFACTURING INDONESIA,KRT00449,PACKING MOTOR 04-UK 206X126X256 MM,100 ," Rp1,920 "," Rp192,000 ",,105 ,100 ,0 ,5 
,09-Jan-26,TLJP/26-0001,PL0053,PT. DAE HWA INDONESIA,KRT00195,CARTON BOX DH15 380X280X270 CBF,600 ," Rp7,980 "," Rp4,788,000 ",,600 ,600 ,0 ,0 
,09-Jan-26,TLJP/26-0001,PL0053,PT. DAE HWA INDONESIA,KRT00228,CARTON BOX DH 5 POLOS 820X450X680 MM K125/M125/K125 C/F,40 ," Rp22,700 "," Rp908,000 ",,43 ,40 ,0 ,3 
,09-Jan-26,GBU/PO/C/01/2026/00014,PL0087,PT. GUNA BAKTI UNGGUL,KRT03423,"MASTER BOX CANARY M (UK 56X32,4X40 CM)",50 ," Rp15,760 "," Rp788,000 ",,51 ,50 ,0 ,1 
,09-Jan-26,GBU/PO/C/01/2026/00014,PL0087,PT. GUNA BAKTI UNGGUL,KRT03416,"MASTER BOX CANARY L (UK 73X40X46,5 CM)",50 ," Rp22,200 "," Rp1,110,000 ",,52 ,50 ,0 ,2 
,09-Jan-26,GBU/PO/C/01/2026/00017,PL0087,PT. GUNA BAKTI UNGGUL,KRT01136,"DUS BASKOM SEGI RUBY S 12"" (BB-004) UK. 54.6X50X33 CM",50 ," Rp23,000 "," Rp1,150,000 ",,51 ,50 ,0 ,1 
,09-Jan-26,GBU/PO/C/01/2026/00017,PL0087,PT. GUNA BAKTI UNGGUL,KRT03397,"DUS SEALWARE HAVANA M UK 55X37X69,5 CM",100 ," Rp23,600 "," Rp2,360,000 ",,100 ,100 ,0 ,0 
,09-Jan-26,GBU/PO/C/01/2026/00017,PL0087,PT. GUNA BAKTI UNGGUL,KRT03267,MASTERBOX SEALWARE SNAPY CONTAINER M (UK 54X27X39 CM),100 ," Rp14,190 "," Rp1,419,000 ",,100 ,100 ,0 ,0 
,09-Jan-26,GBU/PO/C/01/2026/00017,PL0087,PT. GUNA BAKTI UNGGUL,KRT01341,MASTER BOX SEALWARE BAHAMA L (UK. 78X55X53 CM),75 ," Rp30,250 "," Rp2,268,750 ",,76 ,75 ,0 ,1 
,12-Jan-26,NST/PO/TLJP/2026-002,PL0141,PT. GESIA CIPTA BUANA,IMP4461,IMPRA LAYER UK 620X430X5MM BIRU MARKING : USE FOR INTERNAL SANSYU,525 ," Rp19,500 "," Rp10,237,500 ",,525 ,525 ,0 ,0 
,12-Jan-26,NST/PO/TLJP/2026-001,PL0141,PT. GESIA CIPTA BUANA,KRT04920,PAPER REEL 330,"2,000 "," Rp1,000 "," Rp2,000,000 ",800 ,"1,200 ","2,000 ",0 ,0 
,12-Jan-26,NST/PO/TLJP/2026-001,PL0141,PT. GESIA CIPTA BUANA,KRT05025,PAPER REEL 360,"1,000 "," Rp1,150 "," Rp1,150,000 ",,"1,000 ","1,000 ",0 ,0 
,12-Jan-26,NST/PO/TLJP/2026-001,PL0141,PT. GESIA CIPTA BUANA,KRT04921,PAPER REEL 370,"2,000 "," Rp1,260 "," Rp2,520,000 ",,"2,000 ","2,000 ",0 ,0 
,12-Jan-26,NST/PO/TLJP/2026-001,PL0141,PT. GESIA CIPTA BUANA,KRT04922,PAPER REEL 380,"2,000 "," Rp1,350 "," Rp2,700,000 ",,"2,000 ","2,000 ",0 ,0 
,12-Jan-26,2620037,PL0052,PT. ASTEER THAI SUMMIT,KRT01420,CARTON BOX NECK FUEL FILLER QX 810X140X320MM (K150/M125/K150 C/F),100 ," Rp12,650 "," Rp1,265,000 ",,100 ,100 ,0 ,0 
,12-Jan-26,2620037,PL0052,PT. ASTEER THAI SUMMIT,KRT03549,CARTON BOX FRONT END QX 1500X630X420 MM K150/M125/K150 C/F,100 ," Rp51,458 "," Rp5,145,800 ",,100 ,100 ,0 ,0 
,12-Jan-26,PO/KBP26-00040,PL0112,PT. KARYA BUMIMAS PERSADA,KRT02188,BOX KLOSET JONGKOK ISI 3 ORTA (BBP-BOX-SX),500 ," Rp24,960 "," Rp12,480,000 ",,501 ,500 ,0 ,1 
,12-Jan-26,PO/KBP26-00043,PL0112,PT. KARYA BUMIMAS PERSADA,KRT02188,BOX KLOSET JONGKOK ISI 3 ORTA (BBP-BOX-SX),500 ," Rp24,960 "," Rp12,480,000 ",,,,-500 ,0 
,12-Jan-26,PUR-PO/-0126/0064,PL0076,PT. ASAHI INDONESIA,KRT02602,CARTON BOX 250X210X130,100 ," Rp3,385 "," Rp338,500 ",,101 ,100 ,0 ,1 
,13-Jan-26,DHT-2026.01.395,PL0054,CV. DAARUL HUDA TEKNIK,IMP3889,PARTISI B74 GBWT 40 HOLES UK 290 x 290 x  70MM,200 ," Rp74,000 "," Rp14,800,000 ",,201 ,200 ,0 ,1 
,13-Jan-26,PO2601-028,PL0085,PT. EHWA INDONESIA,KRT02570,"BULK BOX 6"" (PM2004)",500 ," Rp5,481 "," Rp2,740,500 ",,506 ,500 ,0 ,6 
,13-Jan-26,PO2601-028,PL0085,PT. EHWA INDONESIA,KRT02087,"BULK BOX 7"" (PM2005)","1,500 "," Rp6,543 "," Rp9,814,500 ",400 ,"1,100 ","1,500 ",0 ,0 
,13-Jan-26,PO2601-028,PL0085,PT. EHWA INDONESIA,KRT01283,"HUSQVARNA 16"" OUTBOX 5PK 530X490X50MM (PM2163)",500 ," Rp13,871 "," Rp6,935,500 ",351 ,200 ,500 ,0 ,51 
,13-Jan-26,PO2601-028,PL0085,PT. EHWA INDONESIA,KRT02883,"OUT BOX DIABLO 3"" IP 3 PCS PET 30% (PM2246)","5,000 "," Rp1,294 "," Rp6,470,000 ","1,097 ","3,903 ","5,000 ",0 ,0 
,13-Jan-26,PO2601-028,PL0085,PT. EHWA INDONESIA,KRT02884,"OUT BOX DIABLO 3"" MP 15 PCS PET 30% (PM2247)","2,000 "," Rp2,279 "," Rp4,558,000 ",494 ,"1,506 ","2,000 ",0 ,0 
,13-Jan-26,PO2601-028,PL0085,PT. EHWA INDONESIA,KRT02885,"OUT BOX DIABLO 4""-5"" IP 5PK PET 30% (PM2248)","3,000 "," Rp2,264 "," Rp6,792,000 ",,"12,350 ","3,000 ",0 ,"9,350 "
,13-Jan-26,PO2601-028,PL0085,PT. EHWA INDONESIA,KRT02886,"0UT BOX DIABLO 4""-5"" MP 20PK PET 30% (PM2249)",500 ," Rp3,185 "," Rp1,592,500 ",,"1,530 ",500 ,0 ,"1,030 "
,13-Jan-26,PO2601-028,PL0085,PT. EHWA INDONESIA,KRT02889,"OUT BOX DIABLO 7"" IP 3PK PET 30% (PM2252)","1,000 "," Rp3,567 "," Rp3,567,000 ",,"1,300 ","1,000 ",0 ,300 
,13-Jan-26,PO2601-028,PL0085,PT. EHWA INDONESIA,KRT02169,"OUTBOX SGA 14"" IP 3PCS (PM2223)",500 ," Rp3,977 "," Rp1,988,500 ",150 ,350 ,500 ,0 ,0 
,13-Jan-26,PO2601-028,PL0085,PT. EHWA INDONESIA,KRT02167,"OUTBOX SGA 7"" IP 5PCS (PM2222)","1,000 "," Rp1,649 "," Rp1,649,000 ",,"1,200 ","1,000 ",0 ,200 
,13-Jan-26,PO2601-028,PL0085,PT. EHWA INDONESIA,KRT02146,"BULK BOX 4,5"" (PM2002)","1,000 "," Rp4,375 "," Rp4,375,000 ",700 ,300 ,"1,000 ",0 ,0 
,14-Jan-26,GBU/PO/C/01/2026/00025,PL0087,PT. GUNA BAKTI UNGGUL,KRT01307,"DUS BASKOM SEGI RUBY L 16"" (BB-006) 66X35X45 CM",50 ," Rp20,850 "," Rp1,042,500 ",,50 ,50 ,0 ,0 
,14-Jan-26,GBU/PO/C/01/2026/00025,PL0087,PT. GUNA BAKTI UNGGUL,KRT00259,DUS CUTLERY HOLDER CLARA UK 66.5X41X39CM,100 ," Rp22,460 "," Rp2,246,000 ",,102 ,100 ,0 ,2 
,14-Jan-26,GBU/PO/C/01/2026/00025,PL0087,PT. GUNA BAKTI UNGGUL,KRT04023,MASTER BOX TEMPAT BUMBU ELENA (UK 77X35.5X46 CM),75 ," Rp2,162,162 "," Rp162,162,150 ",,76 ,75 ,0 ,1 
,14-Jan-26,GBU/PO/C/01/2026/00025,PL0087,PT. GUNA BAKTI UNGGUL,KRT00261,DUS GELAS KRISTAL DALLAS M (NEW) 48.5X39X36CM,50 ," Rp17,000 "," Rp850,000 ",,51 ,50 ,0 ,1 
,14-Jan-26,PO/KBP/26-00057,PL0112,PT. KARYA BUMIMAS PERSADA,KRT03902,BOX KLOSET JONGKOK ISI 3 EVOGLO (BBP-BOX-SX EVG),500 ," Rp24,960 "," Rp12,480,000 ",,500 ,500 ,0 ,0 
,14-Jan-26,C90869,PL0023,PT. KAWASAKI MOTOR INDONESIA,KRT00174,CARTON BOX CB 24-E (K3110-0012),340 ," Rp3,734 "," Rp1,269,560 ",,340 ,340 ,0 ,0 
,14-Jan-26,C90869,PL0023,PT. KAWASAKI MOTOR INDONESIA,KRT00175,CARTON BOX CB 25-D (K3110-0011),100 ," Rp2,222 "," Rp222,200 ",100 ,,100 ,0 ,0 
,14-Jan-26,C90869,PL0023,PT. KAWASAKI MOTOR INDONESIA,KRT00391,LAYER UK 1065X340X5 (K3140-0020),"2,200 "," Rp3,663 "," Rp8,058,600 ","2,200 ",,"2,200 ",0 ,0 
,14-Jan-26,C90869,PL0023,PT. KAWASAKI MOTOR INDONESIA,KRT02700,LAYER 1060X370X5 (K3140-0047),"2,000 "," Rp3,651 "," Rp7,302,000 ","2,000 ",,"2,000 ",0 ,0 
,14-Jan-26,C90869,PL0023,PT. KAWASAKI MOTOR INDONESIA,KRT04027,BIG CARTON BOX LX230 STD (NEW COM.SYMBOL) (K3120-0033),8 ," Rp53,750 "," Rp430,000 ",,8 ,8 ,0 ,0 
,15-Jan-26,PO0003202601080004,PL0011,PT. SAKATA NIMOTECH INDONESIA,KRT04217,"CARTON BOX S/B, SZ 480X283X160MM","5,000 "," Rp6,700 "," Rp33,500,000 ",,"5,007 ","5,000 ",0 ,7 
,15-Jan-26,GBU/PO/C/01/2026/00039,PL0087,PT. GUNA BAKTI UNGGUL,KRT03581,DUS LUNCH BOX MILANO UK 75.5X63.5X29 CM,100 ," Rp23,460 "," Rp2,346,000 ",,100 ,100 ,0 ,0 
,15-Jan-26,GBU/PO/C/01/2026/00039,PL0087,PT. GUNA BAKTI UNGGUL,KRT03927,DUS SEALWARE ALISYA M 1200ML UK 72X35X50 CM,100 ," Rp23,000 "," Rp2,300,000 ",,100 ,100 ,0 ,0 
,15-Jan-26,GBU/PO/C/01/2026/00039,PL0087,PT. GUNA BAKTI UNGGUL,KRT04917,"DUS SEALWARE ALISYA S 950ML UK 53,5X53,5X66 CM",100 ," Rp31,990 "," Rp3,199,000 ",,100 ,100 ,0 ,0 
,15-Jan-26,GBU/PO/C/01/2026/00039,PL0087,PT. GUNA BAKTI UNGGUL,KRT01318,DUS SEALWARE BAHAMA S (SW 17S) 78X73.5X48.5 CM,100 ," Rp15,766 "," Rp1,576,600 ",,100 ,100 ,0 ,0 
,15-Jan-26,GBU/PO/C/01/2026/00039,PL0087,PT. GUNA BAKTI UNGGUL,KRT03396,MASTER BOX SEALWARE BOWL KALISYA L (UK 54X54X41 CM),100 ," Rp23,300 "," Rp2,330,000 ",,101 ,100 ,0 ,1 
,15-Jan-26,GBU/PO/C/01/2026/00039,PL0087,PT. GUNA BAKTI UNGGUL,KRT02163,"MASTER BOX SEALWARE BOWL, KALISYA M (UK. 71,6X36X48 CM)",100 ," Rp23,681 "," Rp2,368,100 ",,101 ,100 ,0 ,1 
,15-Jan-26,GBU/PO/C/01/2026/00039,PL0087,PT. GUNA BAKTI UNGGUL,KRT04914,DUS SEALWARE ELIPSE S (SW 075) UK 78X55X47 CM,100 ," Rp28,850 "," Rp2,885,000 ",,100 ,100 ,0 ,0 
,15-Jan-26,GBU/PO/C/01/2026/00039,PL0087,PT. GUNA BAKTI UNGGUL,KRT03418,"DUS SEALWARE ELSA S (69,5X69,5X47,5 CM)",100 ," Rp34,900 "," Rp3,490,000 ",,100 ,100 ,0 ,0 
,15-Jan-26,GBU/PO/C/01/2026/00039,PL0087,PT. GUNA BAKTI UNGGUL,KRT01823,"DUS SEALWARE ELSA XL (69,5X52X67 CM)",100 ," Rp31,626 "," Rp3,162,600 ",,100 ,100 ,0 ,0 
,15-Jan-26,GBU/PO/C/01/2026/00039,PL0087,PT. GUNA BAKTI UNGGUL,KRT03422,"MASTER BOX SEALWARE SWEETY L (UK 69,5X51X57,5 CM)",75 ," Rp27,160 "," Rp2,037,000 ",,75 ,75 ,0 ,0 
,15-Jan-26,GBU/PO/C/01/2026/00039,PL0087,PT. GUNA BAKTI UNGGUL,KRT03417,"MASTER BOX SEALWARE SWEETY M (UK 69,5X34,5X83,5 CM)",75 ," Rp26,500 "," Rp1,987,500 ",,75 ,75 ,0 ,0 
,15-Jan-26,PO20260100092,PL0134,PT WANG SARIMULTI UTAMA,KRT03489,KARTON BOX W20 690X400X420 - BOX W20,17 ," Rp18,200 "," Rp309,400 ",,17 ,17 ,0 ,0 
,15-Jan-26,PO20260100092,PL0134,PT WANG SARIMULTI UTAMA,KRT02718,BOX W18 S W 547X269X223 - BOX W18,114 ," Rp5,300 "," Rp604,200 ",,203 ,114 ,0 ,89 
,15-Jan-26,PO20260100092,PL0134,PT WANG SARIMULTI UTAMA,KRT03184,BOX W1 S W 479X285X217 - BOX W1,112 ," Rp5,200 "," Rp582,400 ",,200 ,112 ,0 ,88 
,15-Jan-26,PO20260100092,PL0134,PT WANG SARIMULTI UTAMA,KRT03394,BOX CARTON W2 UK. 790X270X145MM - BOX W2,48 ," Rp5,300 "," Rp254,400 ",,51 ,48 ,0 ,3 
,15-Jan-26,PO20260100092,PL0134,PT WANG SARIMULTI UTAMA,KRT02719,BOX W6 S W 370X220X130 - BOX W6,200 ," Rp4,000 "," Rp800,000 ",,213 ,200 ,0 ,13 
,15-Jan-26,PO20260100092,PL0134,PT WANG SARIMULTI UTAMA,KRT03188,LAYER W20 650X380MM - LAYER W20,33 ," Rp2,400 "," Rp79,200 ",,33 ,33 ,0 ,0 
,15-Jan-26,PO20260100092,PL0134,PT WANG SARIMULTI UTAMA,KRT03187,LAYER W18 520X260 MM - LAYER W18,218 ," Rp1,400 "," Rp305,200 ",18 ,200 ,218 ,0 ,0 
,15-Jan-26,PO20260100092,PL0134,PT WANG SARIMULTI UTAMA,KRT03185,LAYER W1 460X270 - LAYER W1,462 ," Rp1,200 "," Rp554,400 ",262 ,200 ,462 ,0 ,0 
,15-Jan-26,PO20260100092,PL0134,PT WANG SARIMULTI UTAMA,KRT03186,LAYER W6 370X220 - LAYER W6,400 ," Rp1,000 "," Rp400,000 ",200 ,200 ,400 ,0 ,0 
,15-Jan-26,PO20260100092,PL0134,PT WANG SARIMULTI UTAMA,KRT03490,PARTISI W20 (9 HOLE) 650X280X400 - PARTISI 20 9 HOLE,3 ," Rp13,400 "," Rp40,200 ",,5 ,,-3 ,5 
,15-Jan-26,PO20260100092,PL0134,PT WANG SARIMULTI UTAMA,KRT03190,PARTISI W18 (8 HOLE) 520X260X225 - PARTISI W18 8 HOLE,205 ," Rp2,500 "," Rp512,500 ",,213 ,205 ,0 ,8 
,15-Jan-26,PO20260100092,PL0134,PT WANG SARIMULTI UTAMA,KRT03307,PARTISI W18 (3 HOLE) 520X260X225 - PARTISI W18 3 HOLE,33 ," Rp2,500 "," Rp82,500 ",,338 ,33 ,0 ,305 
,15-Jan-26,PO20260100092,PL0134,PT WANG SARIMULTI UTAMA,KRT03189,(PARTISI W182) PARTISI W18 (2 HOLE) 520X260X225,41 ," Rp3,800 "," Rp155,800 ",,41 ,41 ,0 ,0 
,15-Jan-26,PO20260100092,PL0134,PT WANG SARIMULTI UTAMA,KRT03191,PARTISI W6 (3 HOLE) 370X220X125 - PARTISI W6 3 HOLE,48 ," Rp2,800 "," Rp134,400 ",,50 ,48 ,0 ,2 
,15-Jan-26,PO20260100092,PL0134,PT WANG SARIMULTI UTAMA,KRT03492,PARTISI W2 3 HOLE 500X250X125 - PARTISI W2 3 HOLE,48 ," Rp3,800 "," Rp182,400 ",,50 ,48 ,0 ,2 
,15-Jan-26,TLJ/26-0002,PL0053,PT. DAE HWA INDONESIA,KRT00228,CARTON BOX DH 5 POLOS 820X450X680 MM K125/M125/K125 C/F,200 ," Rp22,700 "," Rp4,540,000 ",,250 ,200 ,0 ,50 
,17-Jan-26,SGP-PO/024/I-2026,PL0168,PT. SIGMA PACK GEMILANG,KRT03574,"KARTON BOX SUZUKI 14"" UK 395X395X190 K150/M125X3/K150 CB/F","1,000 "," Rp11,700 "," Rp11,700,000 ",,"1,250 ","1,000 ",0 ,250 
,19-Jan-26,0261901,TR48,CV. FLORA JAYA ABADI,KRT01269,CARTON BOX 378X283X210 MM,500 ," Rp7,300 "," Rp3,650,000 ",,500 ,500 ,0 ,0 
,19-Jan-26,PL2600167,TR7,"SANOH INDONESIA, PT",KRT00051,BOX 700 X 360 X 250 SNI07,100 ," Rp16,926 "," Rp1,692,600 ",,205 ,100 ,0 ,105 
,19-Jan-26,PL2600167,TR7,"SANOH INDONESIA, PT",KRT00047,BOX 575 X 550 X 340 SNI10,100 ," Rp27,342 "," Rp2,734,200 ",,100 ,100 ,0 ,0 
,19-Jan-26,PL2600167,TR7,"SANOH INDONESIA, PT",KRT00042,BOX 500 X 330 X 240 SNI11,200 ," Rp13,485 "," Rp2,697,000 ",200 ,,200 ,0 ,0 
,19-Jan-26,PL2600167,TR7,"SANOH INDONESIA, PT",KRT00360,LAYER 2 MM 730 X 250 LAY09,200 ," Rp2,046 "," Rp409,200 ",,200 ,200 ,0 ,0 
,19-Jan-26,GBU/PO/C/01/2026/00041,PL0087,PT. GUNA BAKTI UNGGUL,KRT01138,DUS SEALWARE BAHAMA M (SW 350) 78X73X45.5 CM,100 ," Rp36,500 "," Rp3,650,000 ",,100 ,100 ,0 ,0 
,20-Jan-26,PUR-PO/0126/0101,PL0076,PT. ASAHI INDONESIA,KRT00248,CARTON LAYER 950X770,"1,000 "," Rp5,600 "," Rp5,600,000 ","1,000 ",,"1,000 ",0 ,0 
,20-Jan-26,PO2601-062,PL0085,PT. EHWA INDONESIA,KRT00273,EURO SHIPPING BOX 1180X780X780 (PM9044),100 ," Rp199,000 "," Rp19,900,000 ",49 ,51 ,100 ,0 ,0 
,20-Jan-26,GBU/PO/C/01/2026/00044,PL0087,PT. GUNA BAKTI UNGGUL,KRT01276,MASTER BOX MANGKOK 101 (UK. 49X30X40 CM),50 ," Rp14,500 "," Rp725,000 ",,51 ,50 ,0 ,1 
,20-Jan-26,GBU/PO/C/01/2026/00047,PL0087,PT. GUNA BAKTI UNGGUL,KRT01304,MASTER BOX RANTANG FIESTA S/2 70X62X41.5 CM,50 ," Rp33,560 "," Rp1,678,000 ",,51 ,50 ,0 ,1 
,20-Jan-26,C90969,PL0023,PT. KAWASAKI MOTOR INDONESIA,KRT05044,PARTISI CRANKCASE COMP LX232 PACKING (K9970-0011),78 ," Rp55,000 "," Rp4,290,000 ",,151 ,78 ,0 ,73 
,20-Jan-26,DHT-2026.01.402,PL0054,CV. DAARUL HUDA TEKNIK,KRT01197,BOX D38L TYPE A 280 X 220 X 85MM,120 ," Rp3,700 "," Rp444,000 ",,120 ,120 ,0 ,0 
,20-Jan-26,DHT-2026.01.402,PL0054,CV. DAARUL HUDA TEKNIK,KRT00065,BOX D38L TYPE B 542 X 310 X 85MM,240 ," Rp5,700 "," Rp1,368,000 ",,240 ,240 ,0 ,0 
,20-Jan-26,DHT-2026.01.402,PL0054,CV. DAARUL HUDA TEKNIK,KRT00481,PARTISI INNER BOX D38L TYPE B,240 ," Rp6,200 "," Rp1,488,000 ",,240 ,240 ,0 ,0 
,20-Jan-26,DHT-2026.01.402,PL0054,CV. DAARUL HUDA TEKNIK,KRT01198,PALLET D38L SIZE 1150X960X120MM,6 ," Rp293,396 "," Rp1,760,376 ",,6 ,6 ,0 ,0 
,20-Jan-26,DHT-2026.01.402,PL0054,CV. DAARUL HUDA TEKNIK,KRT01199,TOP PALLET 1150X960X100MM,6 ," Rp31,160 "," Rp186,960 ",,6 ,6 ,0 ,0 
,20-Jan-26,DHT-2026.01.402,PL0054,CV. DAARUL HUDA TEKNIK,KRT01200,BODY/OUTER PALLET 1135X945X650MM,6 ," Rp54,527 "," Rp327,162 ",,6 ,6 ,0 ,0 
,20-Jan-26,PO ASI/26/0082,PL0096,PT. ASAHI SUKSES INDUSTRI,KRT01690,CARTON BOX 120070005 WEAR PLATE ASSY (RESIN) QTY=2PCS (145X100X100) A1 K150/M125/K150 BF,"1,000 "," Rp1,300 "," Rp1,300,000 ",,"1,015 ","1,000 ",0 ,15 
,20-Jan-26,PO ASI/26/0082,PL0096,PT. ASAHI SUKSES INDUSTRI,KRT03527,CARTON BOX A033070005 GUIDE RUBBER QTY 2PCS UK 180X130X115MM K125/M125/K125 BF,"1,000 "," Rp1,600 "," Rp1,600,000 ",,"1,008 ","1,000 ",0 ,8 
,20-Jan-26,PO ASI/26/0082,PL0096,PT. ASAHI SUKSES INDUSTRI,KRT03528,CARTON BOX A033070018 RUBBER SIDE BEARER QTY 2PCS UK 275X105X75MM K125/M125/K125 BF,"1,000 "," Rp1,650 "," Rp1,650,000 ",,"1,035 ","1,000 ",0 ,35 
,20-Jan-26,PO ASI/26/0082,PL0096,PT. ASAHI SUKSES INDUSTRI,KRT01692,CARTON BOX I20070004 WEAR LINER (CENTER PLATE LINER) QTY 1PCS (250X250X10) A5 K150/M125/K150 BF,"1,000 "," Rp1,550 "," Rp1,550,000 ",,"1,013 ","1,000 ",0 ,13 
,20-Jan-26,MRO/29178/PC/2026,PL0049,PT. PANASONIC MANUFACTURING INDONESIA,KRT05087,LAYER PACKING COMPRESOR UK 26X22CM K125/M125/125 CF,500 , Rp750 ," Rp375,000 ",,500 ,500 ,0 ,0 
,20-Jan-26,0109/PB/UTM/0126,PL0014,PT. TRIDAYA PERSANUSA PRATAMA,KRT00012,ALAS KARTON 110 X 110 CM,250 ," Rp15,125 "," Rp3,781,250 ",,250 ,250 ,0 ,0 
,21-Jan-26,664/MIG/PO/I/26,PL0181,PT. MULTI INSAN GEMILANG,KRT04037,KARDUS BOX UK 1050X1050X750 MM,4 ," Rp100,700 "," Rp402,800 ",,4 ,4 ,0 ,0 
,21-Jan-26,664/MIG/PO/I/26,PL0181,PT. MULTI INSAN GEMILANG,KRT04038,KARDUS BOX 650X550X600 MM,56 ," Rp35,000 "," Rp1,960,000 ",,69 ,56 ,0 ,13 
,21-Jan-26,TLJ/26-0003,PL0053,PT. DAE HWA INDONESIA,KRT01519,CARTON BOX DH19 650X380X370 MM K125/M125/K125 CF,20 ," Rp11,800 "," Rp236,000 ",530 ,,20 ,0 ,510 
,21-Jan-26,3700185437,PL0151, WIRYAMANTA SADINA,KRT03355,PARTY PACK RAMADHAN (1X50 SET),60 ," Rp513,432 "," Rp30,805,920 ",,60 ,60 ,0 ,0 
,21-Jan-26,3700185438,PL0151, WIRYAMANTA SADINA,KRT03355,PARTY PACK RAMADHAN (1X50 SET),20 ," Rp513,432 "," Rp10,268,640 ",,20 ,20 ,0 ,0 
,21-Jan-26,3700185439,PL0151, WIRYAMANTA SADINA,KRT03356,FLAVOR BOX RAMADHAN (1X50 SET),60 ," Rp382,883 "," Rp22,972,980 ",,60 ,60 ,0 ,0 
,21-Jan-26,3700185440,PL0151, WIRYAMANTA SADINA,KRT03356,FLAVOR BOX RAMADHAN (1X50 SET),48 ," Rp382,883 "," Rp18,378,384 ",,48 ,48 ,0 ,0 
,21-Jan-26,3700185441,PL0151, WIRYAMANTA SADINA,KRT03356,FLAVOR BOX RAMADHAN (1X50 SET),32 ," Rp382,883 "," Rp12,252,256 ",,32 ,32 ,0 ,0 
,21-Jan-26,PO 1/SPPI/2026,PL0119,PT. SAMSUNG PRINT & PACK INDONESIA,KRT05047,"COMM, CPC 1-5 UK 360X310X530 DOUBLE WALL K125/M125X4 GRAND BRASSERIE",250 ," Rp16,022 "," Rp4,005,500 ",,250 ,250 ,0 ,0 
,21-Jan-26,PO 1/SPPI/2026,PL0119,PT. SAMSUNG PRINT & PACK INDONESIA,KRT05048,"COMM, CPC 1-1 UK 435X270X630 DOUBLE WALL K125/M125X4 ASORO",200 ," Rp18,705 "," Rp3,741,000 ",,200 ,200 ,0 ,0 
,21-Jan-26,PO 1/SPPI/2026,PL0119,PT. SAMSUNG PRINT & PACK INDONESIA,KRT05049,"COMM, CPC 1-2 UK 460X345X360 DOUBLE WALL K125/M125X4 ASORO",67 ," Rp18,480 "," Rp1,238,160 ",,67 ,67 ,0 ,0 
,21-Jan-26,PO 1/SPPI/2026,PL0119,PT. SAMSUNG PRINT & PACK INDONESIA,KRT05050,"COMM, CPC 1-3 UK 460X420X350 DOUBLE WALL K125/M125X4 ASORO",67 ," Rp20,160 "," Rp1,350,720 ",,68 ,67 ,0 ,1 
,21-Jan-26,PO 1/SPPI/2026,PL0119,PT. SAMSUNG PRINT & PACK INDONESIA,KRT05051,"COMM, CPC 1-27  UK 435X270X720 DOUBLE WALL K125/M125X4 BUDDAKAN",100 ," Rp18,705 "," Rp1,870,500 ",,101 ,100 ,0 ,1 
,21-Jan-26,PO 1/SPPI/2026,PL0119,PT. SAMSUNG PRINT & PACK INDONESIA,KRT05052,"COMM, CPC 1-32 UK 435X270X670 DOUBLE WALL K125/M125X4 PASTIS",80 ," Rp20,300 "," Rp1,624,000 ",,82 ,80 ,0 ,2 
,21-Jan-26,PO 1/SPPI/2026,PL0119,PT. SAMSUNG PRINT & PACK INDONESIA,KRT05053,"COMM, CPC 1-4 UK 515X190X475 DOUBLE WALL K125/M125X4 PLUM BOTTOM",100 ," Rp13,904 "," Rp1,390,400 ",,100 ,100 ,0 ,0 
,21-Jan-26,PO/2026/A/015/RMIP,PL0136,PT. TECHNO INDONESIA,KRT02768,LAYER 530X480MM,150 ," Rp1,575 "," Rp236,250 ",,154 ,150 ,0 ,4 
,21-Jan-26,PO/2026/A/015/RMIP,PL0136,PT. TECHNO INDONESIA,KRT02767,CARTON BOX 540X490X242 MM,50 ," Rp16,500 "," Rp825,000 ",,50 ,50 ,0 ,0 
,21-Jan-26,PO/2026/A/015/RMIP,PL0136,PT. TECHNO INDONESIA,KRT03726,PARTISI CTN 316 X 206 X 135 MM,200 ," Rp3,857 "," Rp771,400 ",,,,-200 ,0 
,21-Jan-26,PO/2026/A/015/RMIP,PL0136,PT. TECHNO INDONESIA,KRT02769,PARTISI 530X480x110MM,182 ," Rp3,300 "," Rp600,600 ",,185 ,182 ,0 ,3 
,21-Jan-26,PO/2026/A/015/RMIP,PL0136,PT. TECHNO INDONESIA,KRT03730,PARTISI CTN 350 X 320 X 145 MM,200 ," Rp7,003 "," Rp1,400,600 ",,,,-200 ,0 
,21-Jan-26,PO20260100147,PL0134,PT WANG SARIMULTI UTAMA,KRT03489,KARTON BOX W20 690X400X420 - BOX W20,110 ," Rp18,200 "," Rp2,002,000 ",,111 ,110 ,0 ,1 
,21-Jan-26,PO20260100147,PL0134,PT WANG SARIMULTI UTAMA,KRT03184,BOX W1 S W 479X285X217 - BOX W1,264 ," Rp5,200 "," Rp1,372,800 ",,264 ,264 ,0 ,0 
,21-Jan-26,PO20260100147,PL0134,PT WANG SARIMULTI UTAMA,KRT03188,LAYER W20 650X380MM - LAYER W20,660 ," Rp2,400 "," Rp1,584,000 ",,327 ,327 ,-333 ,0 
,21-Jan-26,PO20260100147,PL0134,PT WANG SARIMULTI UTAMA,KRT04064,GEN-2025-725816-PARTISI W1 10 HOLE,264 ," Rp2,400 "," Rp633,600 ",265 ,,264 ,0 ,1 
,22-Jan-26,005/PO/CAC/I/2026,PL0069,PT. CAC PUTRA PERKASA,KRT05086,SIKU KARTON UK 5X5X4XP.78 CM,500 ," Rp5,200 "," Rp2,600,000 ",500 ,,500 ,0 ,0 
,19-Jan-26,PA26010232,PL0023,PT. KAWASAKI MOTOR INDONESIA,KRT01966,CARTON BOX K-79 (BROWN) (K8120-0058),25 ," Rp5,800 "," Rp145,000 ",25 ,,25 ,0 ,0 
,23-Jan-26,GBU/PO/C/01/2026/00060,PL0087,PT. GUNA BAKTI UNGGUL,KRT01353,DUS GELAS REVA 72X40X34 CM,50 ," Rp20,540 "," Rp1,027,000 ",,51 ,50 ,0 ,1 
,23-Jan-26,GBU/PO/C/01/2026/00060,PL0087,PT. GUNA BAKTI UNGGUL,KRT03419,"DUS KOTAK SABUN BENING (UK 63X46,5X51 CM)",50 ," Rp19,500 "," Rp975,000 ",,50 ,50 ,0 ,0 
,23-Jan-26,MRO/29231/PC/2026,PL0049,PT. PANASONIC MANUFACTURING INDONESIA,KRT01097,CARTON BOX FAN MOTOR OUTDOOR REGULER K275 M125 K275 BF 2 LAYER DM 13X12X16,200 ," Rp5,652 "," Rp1,130,400 ",,200 ,200 ,0 ,0 
,23-Jan-26,MRO/29231/PC/2026,PL0049,PT. PANASONIC MANUFACTURING INDONESIA,KRT01252,CARTON BOX FAN MOTOR INDOOR REGULER K275 M125 K275 BF 2 LAYER DM 11X11X15,200 ," Rp2,023 "," Rp404,600 ",,200 ,200 ,0 ,0 
,23-Jan-26,MRO/29231/PC/2026,PL0049,PT. PANASONIC MANUFACTURING INDONESIA,KRT00185,CARTON BOX COMPRESSOR REGULER 24.5X21X36 K275/M125/K275 BF 2 LAYER,100 ," Rp30,623 "," Rp3,062,300 ",,100 ,100 ,0 ,0 
,23-Jan-26,MRO/29231/PC/2026,PL0049,PT. PANASONIC MANUFACTURING INDONESIA,KRT00225,CARTON BOX PCB REGULER 19X19X7 K275/M125/K275 EF 2 LAYER,400 ," Rp3,515 "," Rp1,406,000 ",,400 ,400 ,0 ,0 
,23-Jan-26,MRO/29231/PC/2026,PL0049,PT. PANASONIC MANUFACTURING INDONESIA,KRT05088,BOX DIE CUT POLOS UK 200X50X30 MM K150/M125/K150 FLUTE,400 ," Rp1,000 "," Rp400,000 ",,400 ,400 ,0 ,0 
,23-Jan-26,MRO/29231/PC/2026,PL0049,PT. PANASONIC MANUFACTURING INDONESIA,KRT00247,CARTON BOX VANE HORIZONTAL (REG) 85X45X720MM,300 ," Rp3,400 "," Rp1,020,000 ",,300 ,300 ,0 ,0 
,23-Jan-26,MRO/29231/PC/2026,PL0049,PT. PANASONIC MANUFACTURING INDONESIA,KRT00059,CARTON BOX CB OD REGULER 33X25X12 K275/M125/K275 BF 2 LAYER,100 ," Rp7,505 "," Rp750,500 ",,100 ,100 ,0 ,0 
,23-Jan-26,MRO/29231/PC/2026,PL0049,PT. PANASONIC MANUFACTURING INDONESIA,KRT00246,CARTON BOX VANE HORIZONTAL (BC) 115X50X940MM,100 ," Rp4,200 "," Rp420,000 ",,100 ,100 ,0 ,0 
,23-Jan-26,PO0003202601120008,PL0011,PT. SAKATA NIMOTECH INDONESIA,KRT04218,CARTON BOX S/B INNER,100 ," Rp5,000 "," Rp500,000 ",,100 ,100 ,0 ,0 
,23-Jan-26,PO0003202601120008,PL0011,PT. SAKATA NIMOTECH INDONESIA,KRT04219,CARTON LAYER S/B,"4,500 ", Rp700 ," Rp3,150,000 ","4,511 ","4,511 ","4,500 ",0 ,"4,522 "
,23-Jan-26,PO0003202601120008,PL0011,PT. SAKATA NIMOTECH INDONESIA,KRT04220,LAYER INNER RH/LH,250 ," Rp1,200 "," Rp300,000 ",,251 ,250 ,0 ,1 
,23-Jan-26,PO0003202601120008,PL0011,PT. SAKATA NIMOTECH INDONESIA,KRT04032,PARTISI INNER HOLE 10,300 ," Rp1,200 "," Rp360,000 ",300 ,,300 ,0 ,0 
,23-Jan-26,PO0003202601120008,PL0011,PT. SAKATA NIMOTECH INDONESIA,KRT03719,PARTISI INNER HOLE 15,100 ," Rp1,800 "," Rp180,000 ",102 ,,100 ,0 ,2 
,23-Jan-26,PO0003202601120008,PL0011,PT. SAKATA NIMOTECH INDONESIA,KRT03720,PARTISI INNER HOLE 25,100 ," Rp2,000 "," Rp200,000 ",,105 ,100 ,0 ,5 
,23-Jan-26,PO0003202601120008,PL0011,PT. SAKATA NIMOTECH INDONESIA,KRT04030,PARTISI OUTER HOLE 7 CTR,100 ," Rp1,200 "," Rp120,000 ",,101 ,100 ,0 ,1 
,23-Jan-26,PO0003202601120008,PL0011,PT. SAKATA NIMOTECH INDONESIA,KRT04031,PARTISI OUTER HOLE 10,150 ," Rp2,400 "," Rp360,000 ",150 ,,150 ,0 ,0 
,23-Jan-26,PO0003202601120008,PL0011,PT. SAKATA NIMOTECH INDONESIA,KRT02422,PARTISI OUTER HOLE 5 CTR LIPAT,300 ," Rp1,450 "," Rp435,000 ",,312 ,300 ,0 ,12 
,23-Jan-26,PO0003202601120008,PL0011,PT. SAKATA NIMOTECH INDONESIA,KRT02323,PARTISI OUTER HOLE 5 SIDE (DOUBLE WALL),500 ," Rp2,300 "," Rp1,150,000 ",200 ,300 ,500 ,0 ,0 
,23-Jan-26,PO0003202601120008,PL0011,PT. SAKATA NIMOTECH INDONESIA,KRT04284,LAYER KARTON PERO,120 , Rp500 ," Rp60,000 ",,122 ,120 ,0 ,2 
,23-Jan-26,PO0003202601120008,PL0011,PT. SAKATA NIMOTECH INDONESIA,KRT04099,PARTISI OC13D 4 HOLE,250 ," Rp1,600 "," Rp400,000 ",,255 ,250 ,0 ,5 
,23-Jan-26,PO0003202601120008,PL0011,PT. SAKATA NIMOTECH INDONESIA,KRT04100,PARTISI OC13D 7 HOLE,250 ," Rp1,900 "," Rp475,000 ",,254 ,250 ,0 ,4 
,23-Jan-26,PO20260123000050,PL0113,PT. EVERPRO INDONESIA TECHNOLOGIES,KRT04061,(994819000010083) PACKAGING BOX/NEUTRAL LOGO PACKAGING/UK 370X370X430 MM,"5,000 "," Rp17,500 "," Rp87,500,000 ",,"5,011 ","5,000 ",0 ,11 
,23-Jan-26,PO20260123000050,PL0113,PT. EVERPRO INDONESIA TECHNOLOGIES,KRT04050,(994819000000192) CARTON 5 LAYERS CORRUGATED PAPER OUTER UK 375X375X375 MM HW EXCLUSIVE,"3,000 "," Rp18,600 "," Rp55,800,000 ",,"3,003 ","2,510 ",-490 ,493 
,23-Jan-26,PO20260123000050,PL0113,PT. EVERPRO INDONESIA TECHNOLOGIES,KRT03985,(998486000060432) PACKAGING/CARD BOARD/IVORY BOARD/WHITE/27 6MMX200MM/D100012,"12,000 ", Rp900 ," Rp10,800,000 ","12,000 ",,"12,000 ",0 ,0 
,23-Jan-26,PO20260123000050,PL0113,PT. EVERPRO INDONESIA TECHNOLOGIES,KRT03780,(998486000060400) PACKING/BOX/E-SHAPED INNER CARTON BOX/NO PRINTING /E-SHAPED CORRUGATED PAPER/NATURAL COLOR/280x200x40MM/D500007,"2,300 "," Rp2,650 "," Rp6,095,000 ",,"2,310 ","2,300 ",0 ,10 
,23-Jan-26,PO20260123000050,PL0113,PT. EVERPRO INDONESIA TECHNOLOGIES,KRT03781,(998486000060401) PACKING/BOX/F-SHAPED OUTER CARTON/BLACK PRINTING/DOUBLE-LAYER CORRUGATED PAPER/NATURAL COLOR/440X300X485MM/D500051,130 ," Rp18,960 "," Rp2,464,800 ",,141 ,130 ,0 ,11 
,22-Jan-26,PO2601-084,PL0085,PT. EHWA INDONESIA,KRT05089,"OUTBOX HUSQVARNA2 12"" MP (10 PCS) UK 380X350X115 (PM2272)",300 ," Rp9,900 "," Rp2,970,000 ",,300 ,300 ,0 ,0 
,22-Jan-26,PO2601-084,PL0085,PT. EHWA INDONESIA,KRT05090,"OUTBOX HUSQVARNA2 14"" MP (10 PCS) UK 435X400X115 (PM2273)",550 ," Rp12,300 "," Rp6,765,000 ",,550 ,550 ,0 ,0 
,22-Jan-26,PO2601-084,PL0085,PT. EHWA INDONESIA,KRT05091,"OUTBOX HUSQVARNA2 16"" MP (5 PCS) UK 435X400X115 (PM2274)",500 ," Rp13,800 "," Rp6,900,000 ",80 ,420 ,500 ,0 ,0 
,22-Jan-26,PO2601-079,PL0085,PT. EHWA INDONESIA,KRT01230,4.5INCH OUT BOX(30PK)-BSA4790M 315X205X155 (PM2158),"2,000 "," Rp3,378 "," Rp6,756,000 ","1,500 ",500 ,"2,000 ",0 ,0 
,22-Jan-26,PO2601-079,PL0085,PT. EHWA INDONESIA,KRT02465,"BULK BOX 4"" (PM2001)","1,000 "," Rp3,870 "," Rp3,870,000 ",,"1,003 ","1,000 ",0 ,3 
,22-Jan-26,PO2601-079,PL0085,PT. EHWA INDONESIA,KRT01897,"BULK BOX 5"" (PM2003)",500 ," Rp4,932 "," Rp2,466,000 ",,601 ,500 ,0 ,101 
,22-Jan-26,PO2601-079,PL0085,PT. EHWA INDONESIA,KRT02563,"BOSCH 4.5""-5"" 20PK OUT BOX FOR INDIVIDUAL BOX (PM2144)",500 ," Rp3,798 "," Rp1,899,000 ",,500 ,500 ,0 ,0 
,22-Jan-26,PO2601-079,PL0085,PT. EHWA INDONESIA,KRT01279,OUT BOX BOSCH VA 7INCH IP 5PCS 257X238X47 (PM2093),"2,000 "," Rp3,973 "," Rp7,946,000 ",,"2,000 ","2,000 ",0 ,0 
,22-Jan-26,PO2601-079,PL0085,PT. EHWA INDONESIA,KRT02565,OUT BOX BOSCH VA 4-5 INCH MP 20 PCS (PM2094),500 ," Rp2,955 "," Rp1,477,500 ",,502 ,500 ,0 ,2 
,22-Jan-26,PO2601-079,PL0085,PT. EHWA INDONESIA,KRT02885,"OUT BOX DIABLO 4""-5"" IP 5PK PET 30% (PM2248)","1,000 "," Rp2,264 "," Rp2,264,000 ","1,000 ",,"1,000 ",0 ,0 
,22-Jan-26,PO2601-079,PL0085,PT. EHWA INDONESIA,KRT02886,"0UT BOX DIABLO 4""-5"" MP 20PK PET 30% (PM2249)",500 ," Rp3,185 "," Rp1,592,500 ",300 ,200 ,500 ,0 ,0 
,22-Jan-26,PO2601-079,PL0085,PT. EHWA INDONESIA,KRT02889,"OUT BOX DIABLO 7"" IP 3PK PET 30% (PM2252)","1,500 "," Rp3,567 "," Rp5,350,500 ",,"1,501 ","1,500 ",0 ,1 
,22-Jan-26,PO2601-079,PL0085,PT. EHWA INDONESIA,KRT02891,"OUT BOX DIABLO 7"" MP 15PK PET 30% SEG-TU (PM2254)",500 ," Rp5,351 "," Rp2,675,500 ",500 ,,500 ,0 ,0 
,22-Jan-26,PO2601-079,PL0085,PT. EHWA INDONESIA,KRT02731,"PEARL 4.5-5"" (PM2044)","1,000 "," Rp1,950 "," Rp1,950,000 ",,"1,007 ","1,000 ",0 ,7 
,22-Jan-26,PO2601-079,PL0085,PT. EHWA INDONESIA,KRT01332,OUTBOX BOSCH 4.5 2PACK IP5PCS (PM2195),"6,000 "," Rp2,636 "," Rp15,816,000 ","1,809 ","4,191 ","6,000 ",0 ,0 
,22-Jan-26,PO2601-079,PL0085,PT. EHWA INDONESIA,KRT01333,OUTBOX BOSCH 4.5 2PACK MP20PCS (PM2196),"1,500 "," Rp5,723 "," Rp8,584,500 ",250 ,"1,250 ","1,500 ",0 ,0 
,22-Jan-26,PO2601-079,PL0085,PT. EHWA INDONESIA,KRT02164,"OUTBOX SGA 4,5"" IP 5PK (PM2221)",500 , Rp922 ," Rp461,000 ",,515 ,500 ,0 ,15 
,22-Jan-26,PO2601-079,PL0085,PT. EHWA INDONESIA,KRT02169,"OUTBOX SGA 14"" IP 3PCS (PM2223)","1,500 "," Rp3,977 "," Rp5,965,500 ","1,380 ",120 ,"1,500 ",0 ,0 
,22-Jan-26,PO2601-079,PL0085,PT. EHWA INDONESIA,KRT04978,"OUTBOX KOBALT 3"" IP (4PCS) (PM2270)",500 , Rp950 ," Rp475,000 ",,500 ,500 ,0 ,0 
,26-Jan-26,MRO/29257/PC/2026,PL0049,PT. PANASONIC MANUFACTURING INDONESIA,KRT00448,PACKING COVER ASSY UK 530X230X260MM,100 ," Rp5,791 "," Rp579,100 ",,103 ,100 ,0 ,3 
,26-Jan-26,668/MIG/PO/I/26,PL0181,PT. MULTI INSAN GEMILANG,KRT05094,BOX UK 245X180 CM KMK 200 CBF,50 ," Rp60,700 "," Rp3,035,000 ",,51 ,50 ,0 ,1 
,26-Jan-26,004/CMG/I/26,,MULTIMAYAKA,KRT05093,BOX PACKING HAND OIL PUMP UK 205X185X149 MM K150/M125/K150 C/FLUTE,600 ," Rp6,190 "," Rp3,714,000 ",,602 ,600 ,0 ,2 
,23-Jan-26,008/CSI/PO/I/2026,PL0188,PT. Cipta Synergi Indonesia,IMP4462,MODIF BOX A SIZE BEFORE 1400 X 120 X 400 SIZE AFTER 1400 X 120 X 200,30 ," Rp29,500 "," Rp885,000 ",,5 ,5 ,-25 ,0 
,23-Jan-26,008/CSI/PO/I/2026,PL0188,PT. Cipta Synergi Indonesia,IMP4463,MODIF BOX B SIZE BEFORE 1100 X 120 X 400 SIZE AFTER 1100 X 120 X 200,30 ," Rp29,500 "," Rp885,000 ",,4 ,4 ,-26 ,0 
,23-Jan-26,008/CSI/PO/I/2026,PL0188,PT. Cipta Synergi Indonesia,IMP4464,MODIF BOX D SIZE BEFORE 1400 X 400 X 450 SIZE AFTER 700 X 400 X 450,15 ," Rp55,700 "," Rp835,500 ",,4 ,4 ,-11 ,0 
,23-Jan-26,008/CSI/PO/I/2026,PL0188,PT. Cipta Synergi Indonesia,IMP4465,MODIF BOX E SIZE BEFORE 1200 X 400 X 450 SIZE AFTER 1200 X 320 X 450 (DIPOTONG),15 ," Rp38,200 "," Rp573,000 ",,5 ,5 ,-10 ,0 
,27-Jan-26,GBU/PO/C/01/2026/00067,PL0087,PT. GUNA BAKTI UNGGUL,KRT05104,"MASTER BOX SEALWARE SWEETY S (UK 69,5X34,5X76,5 CM)",100 ," Rp31,800 "," Rp3,180,000 ",,100 ,100 ,0 ,0 
,27-Jan-26,GBU/PO/C/01/2026/00072,PL0087,PT. GUNA BAKTI UNGGUL,KRT01276,MASTER BOX MANGKOK 101 (UK. 49X30X40 CM),100 ," Rp14,500 "," Rp1,450,000 ",,101 ,100 ,0 ,1 
,27-Jan-26,280/MIG/PO/X/26,PL0181,PT. MULTI INSAN GEMILANG,KRT04994,SHEET 245 X 180 CM K200/M125X3/K200 CBF,50 ," Rp60,700 "," Rp3,035,000 ",50 ,,50 ,0 ,0 
,27-Jan-26,PL2600273,TR7,"SANOH INDONESIA, PT",KRT00040,BOX 450 X 300 X 240 SNI02,150 ," Rp11,439 "," Rp1,715,850 ",,150 ,150 ,0 ,0 
,27-Jan-26,PL2600273,TR7,"SANOH INDONESIA, PT",KRT00042,BOX 500 X 330 X 240 SNI11,150 ," Rp13,485 "," Rp2,022,750 ",150 ,,150 ,0 ,0 
,22-Jan-26,002-CM-B-0126,PL0004,PT. FUKOKU TOKAI RUBBER INDONESIA,KRT05095,"CARTON BOX FILE 650X350X350MM K125/M125X3/K125 CBF PRINTING 2 SISI 'ACCOUNTING""",30 ," Rp17,850 "," Rp535,500 ",,30 ,30 ,0 ,0 
,22-Jan-26,002-CM-B-0126,PL0004,PT. FUKOKU TOKAI RUBBER INDONESIA,KRT05096,"CARTON BOX FILE 650X350X350MM K125/M125X3/K125 CBF PRINTING 2 SISI ""SALES""",50 ," Rp17,850 "," Rp892,500 ",,50 ,50 ,0 ,0 
,23-Jan-26,008-CM-B-0126,PL0004,PT. FUKOKU TOKAI RUBBER INDONESIA,KRT02896,CARTON BOX (IND) 335X265X100MM,700 ," Rp5,800 "," Rp4,060,000 ",399 ,302 ,700 ,0 ,1 
,23-Jan-26,008-CM-B-0126,PL0004,PT. FUKOKU TOKAI RUBBER INDONESIA,KRT01145,LAYER POLOS 290X290MM K150/M125/K150 CF,700 , Rp480 ," Rp336,000 ",500 ,200 ,700 ,0 ,0 
,23-Jan-26,008-CM-B-0126,PL0004,PT. FUKOKU TOKAI RUBBER INDONESIA,KRT01215,LAYER LUBANG 8 290X290MM (K150/M125/K150 CF),700 , Rp680 ," Rp476,000 ",470 ,230 ,700 ,0 ,0 
,23-Jan-26,008-CM-B-0126,PL0004,PT. FUKOKU TOKAI RUBBER INDONESIA,KRT01147,LAYER 150X290MM K150/M125/K150 CF,800 , Rp340 ," Rp272,000 ",590 ,210 ,800 ,0 ,0 
,23-Jan-26,008-CM-B-0126,PL0004,PT. FUKOKU TOKAI RUBBER INDONESIA,KRT01217,LAYER 1050X1050MM (K150/M125X3/K150 CBF),200 ," Rp12,300 "," Rp2,460,000 ",188 ,12 ,200 ,0 ,0 
,23-Jan-26,008-CM-B-0126,PL0004,PT. FUKOKU TOKAI RUBBER INDONESIA,KRT02897,CARTON BOX 011 SF 180X275X80MM,200 ," Rp1,900 "," Rp380,000 ",,202 ,200 ,0 ,2 
,23-Jan-26,008-CM-B-0126,PL0004,PT. FUKOKU TOKAI RUBBER INDONESIA,KRT01218,CARTON BOX HOP TORQUE 305X305X216MM (PRINTING) K150/M125X3/K150 CBF,50 ," Rp7,100 "," Rp355,000 ",,51 ,50 ,0 ,1 
,23-Jan-26,008-CM-B-0126,PL0004,PT. FUKOKU TOKAI RUBBER INDONESIA,KRT01219,CARTON BOX HOP TORQUE (SMALL) 115X115X115MM (PRINTING) K200/M125/K200 CF,200 ," Rp3,600 "," Rp720,000 ",,203 ,200 ,0 ,3 
,23-Jan-26,008-CM-B-0126,PL0004,PT. FUKOKU TOKAI RUBBER INDONESIA,KRT01220,CARTON BOX POUNCH STRAPLES (WTB) 135X135X155MM (K150XM125X3/K150 BCF),"2,500 "," Rp2,100 "," Rp5,250,000 ","1,292 ","1,208 ","2,500 ",0 ,0 
,23-Jan-26,008-CM-B-0126,PL0004,PT. FUKOKU TOKAI RUBBER INDONESIA,KRT01221,CARTON BOX ISUZU P/N. 8974968572 UK: 375X280X175MM (K150/M125X3/K150 CB/F),600 ," Rp13,063 "," Rp7,837,800 ",448 ,152 ,600 ,0 ,0 
,23-Jan-26,008-CM-B-0126,PL0004,PT. FUKOKU TOKAI RUBBER INDONESIA,KRT01425,BOX DPG-MC16-M100 315X315X235MM K150/M125X3/K150 CBF,"1,000 "," Rp7,000 "," Rp7,000,000 ","1,253 ",,"1,000 ",0 ,253 
,23-Jan-26,008-CM-B-0126,PL0004,PT. FUKOKU TOKAI RUBBER INDONESIA,KRT01301,CARTON BOX 1533660451 CARTON BOX : 375X280X175 MM,300 ," Rp9,000 "," Rp2,700,000 ",97 ,103 ,200 ,-100 ,0 
,23-Jan-26,008-CM-B-0126,PL0004,PT. FUKOKU TOKAI RUBBER INDONESIA,KRT02898,CARTON BOX 1533660412 375X280X175MM,360 ," Rp10,000 "," Rp3,600,000 ",206 ,154 ,360 ,0 ,0 
,23-Jan-26,008-CM-B-0126,PL0004,PT. FUKOKU TOKAI RUBBER INDONESIA,KRT02725,CARTON BOX ME017116 355X355X97 MM (TANPA PARTISI),150 ," Rp7,300 "," Rp1,095,000 ",,151 ,150 ,0 ,1 
,23-Jan-26,008-CM-B-0126,PL0004,PT. FUKOKU TOKAI RUBBER INDONESIA,KRT01223,PARTISI DC13D (48609-BZ070) 325X245X110MM K150/M125/K150 CF,600 ," Rp3,100 "," Rp1,860,000 ",,370 ,370 ,-230 ,0 
,23-Jan-26,008-CM-B-0126,PL0004,PT. FUKOKU TOKAI RUBBER INDONESIA,KRT00,CARTON BOX 1361890262 CARTON BOX 375X280X175 MM,50 ," Rp13,500 "," Rp675,000 ",,50 ,50 ,0 ,0 
,23 Jan 2026,C90993,PL0023,PT. KAWASAKI MOTOR INDONESIA,KRT04028,BIG CARTON BX/BR 125 (NEW COM.SYMBOL) PACKING (K3120-0034),100 ," Rp55,000 "," Rp5,500,000 ",,100 ,100 ,0 ,0 
,26-Jan-26,012-CM-B-0126,PL0004,PT. FUKOKU TOKAI RUBBER INDONESIA,KRT02903,"CARTON BOX ""TAM"" UK 150X150X50MM K200.M125/K150 BF",400 ," Rp1,500 "," Rp600,000 ",,402 ,400 ,0 ,2 
,26-Jan-26,012-CM-B-0126,PL0004,PT. FUKOKU TOKAI RUBBER INDONESIA,KRT02904,"CARTON BOX ""ADM"" UK 150X150X50MM K200.M125/K150 BF","1,500 "," Rp1,550 "," Rp2,325,000 ",,"1,521 ","1,500 ",0 ,21 
,26-Jan-26,012-CM-B-0126,PL0004,PT. FUKOKU TOKAI RUBBER INDONESIA,KRT02106,CARTON BOX TAM IMV 150X150X65 MM (K150/M125/K150/B/F),500 ," Rp1,400 "," Rp700,000 ",,502 ,500 ,0 ,2 
,26-Jan-26,022-CM-B-0126,PL0004,PT. FUKOKU TOKAI RUBBER INDONESIA,KRT02895,CARTON BOX TRAD 335X335X260MM K150/M125X3/K150 BC/F,100 ," Rp9,900 "," Rp990,000 ",,100 ,100 ,0 ,0 
,21-Jan-26,PO/11/PSR/2026,PL0005,PT. PRADANI SUMBER REJEKI,KRT04254,OUTER CARTON SIZE 1 METER X 1 METER K150-160 CM X 110 CM,21 ," Rp20,480 "," Rp430,080 ",,22 ,21 ,0 ,1 
,21-Jan-26,PO/11/PSR/2026,PL0005,PT. PRADANI SUMBER REJEKI,KRT04255,INNER CARTON SIZE 1 METER X 1 METER K125-110 CM X 110 CM,21 ," Rp8,500 "," Rp178,500 ",,21 ,21 ,0 ,0 
,30-Jan-26,PO/18/PSR/2026,PL0005,PT. PRADANI SUMBER REJEKI,KRT05112,LAYER CARTON UK. 100 CM X 190 CM CRAFT 150,40 ," Rp3,200 "," Rp128,000 ",,40 ,40 ,0 ,0 
,26-Jan-26,TLJ/26-0004,PL0053,PT. DAE HWA INDONESIA,KRT00191,CARTON BOX DH1 560X380X340 CF,200 ," Rp9,400 "," Rp1,880,000 ",,200 ,200 ,0 ,0 
,26-Jan-26,TLJ/26-0004,PL0053,PT. DAE HWA INDONESIA,KRT00200,CARTON BOX DH4 380X280X270 CBF,100 ," Rp5,320 "," Rp532,000 ",,,,-100 ,0 
,26-Jan-26,TLJ/26-0004,PL0053,PT. DAE HWA INDONESIA,KRT00201,CARTON BOX DH9 300X120X100 MM K125/M125/K125 BF,100 ," Rp1,380 "," Rp138,000 ",,100 ,100 ,0 ,0 
,26-Jan-26,TLJ/26-0004,PL0053,PT. DAE HWA INDONESIA,KRT00195,CARTON BOX DH15 380X280X270 CBF,900 ," Rp7,980 "," Rp7,182,000 ",,917 ,900 ,0 ,17 
,26-Jan-26,TLJ/26-0004,PL0053,PT. DAE HWA INDONESIA,KRT00197,CARTON BOX DH18 380X300X80 MM K125/M125X4 CBF,100 ," Rp6,160 "," Rp616,000 ",,100 ,100 ,0 ,0 
,26-Jan-26,TLJ/26-0004,PL0053,PT. DAE HWA INDONESIA,KRT00193,CARTON BOX DH12 380X290X150 SINGLE,300 ," Rp4,450 "," Rp1,335,000 ",197 ,103 ,300 ,0 ,0 
,26-Jan-26,TLJ/26-0004,PL0053,PT. DAE HWA INDONESIA,KRT02722,CARTON BOX DH8 POLOS 727X380X320MM K200/M125/K200 C/F,"1,000 "," Rp12,800 "," Rp12,800,000 ",696 ,304 ,"1,000 ",0 ,0 
,26-Jan-26,TLJ/26-0005,PL0053,PT. DAE HWA INDONESIA,KRT01266,PAPER ANGEL 50X50X10X1200,20 ," Rp16,000 "," Rp320,000 ",,20 ,20 ,0 ,0 
,26-Jan-26,TLJ/26-0005,PL0053,PT. DAE HWA INDONESIA,KRT01390,PAPER ANGEL 50X50X10X1000,50 ," Rp15,500 "," Rp775,000 ",,50 ,50 ,0 ,0 
,26-Jan-26,TLJ/26-0005,PL0053,PT. DAE HWA INDONESIA,KRT02983,PAPER ANGEL 50X50X10X1020,35 ," Rp15,700 "," Rp549,500 ",,35 ,35 ,0 ,0 
,26-Jan-26,PL2600223,TR7,"SANOH INDONESIA, PT",KRT00028,BOX 1050 X 260 X 115 SNI03,100 ," Rp15,996 "," Rp1,599,600 ",,101 ,100 ,0 ,1 
,26-Jan-26,PL2600223,TR7,"SANOH INDONESIA, PT",KRT00051,BOX 700 X 360 X 250 SNI07,50 ," Rp16,926 "," Rp846,300 ",,51 ,50 ,0 ,1 
,26-Jan-26,PL2600223,TR7,"SANOH INDONESIA, PT",KRT00052,BOX 735 X 255 X 200 SNI09,50 ," Rp14,415 "," Rp720,750 ",430 ,,50 ,0 ,380 
,26-Jan-26,PL2600223,TR7,"SANOH INDONESIA, PT",KRT00042,BOX 500 X 330 X 240 SNI11,100 ," Rp13,485 "," Rp1,348,500 ",100 ,,100 ,0 ,0 
,27-Jan-26,262701,TR48,CV. FLORA JAYA ABADI,KRT01269,CARTON BOX 378X283X210 MM,"1,000 "," Rp7,300 "," Rp7,300,000 ",852 ,148 ,"1,000 ",0 ,0 
,28-Jan-26,001/TLJ/DSK/I/26,PL0028,PT. DAIWA SINERGI KARYATAMA,KRT00485,PARTISI K48 (SET - PANJANG - 3 + PENDEK -6),"2,300 "," Rp4,300 "," Rp9,890,000 ","2,300 ",,"2,300 ",0 ,0 
,28-Jan-26,001/TLJ/DSK/I/26,PL0028,PT. DAIWA SINERGI KARYATAMA,KRT00484,PARTISI K2FA PANJANG : 640 X 95 MM PENDEK : 440 X 95 MM,"3,000 "," Rp6,300 "," Rp18,900,000 ","1,700 ",,"1,700 ","-1,300 ",0 
,28-Jan-26,001/TLJ/DSK/I/26,PL0028,PT. DAIWA SINERGI KARYATAMA,KRT00483,"PARTISI KOWF/LIGHT GUIDE (PANJANG 3, PENDEK 6)","1,500 "," Rp3,290 "," Rp4,935,000 ","1,500 ",,"1,500 ",0 ,0 
,28-Jan-26,001/TLJ/DSK/I/26,PL0028,PT. DAIWA SINERGI KARYATAMA,KRT04951,PARTISI SENSOR K07A,200 ," Rp6,300 "," Rp1,260,000 ",200 ,,200 ,0 ,0 
,28-Jan-26,001/TLJ/DSK/I/26,PL0028,PT. DAIWA SINERGI KARYATAMA,KRT00450,PALLET 107 X 107 X 12,100 ," Rp92,500 "," Rp9,250,000 ",100 ,,100 ,0 ,0 
,28-Jan-26,001/TLJ/DSK/I/26,PL0028,PT. DAIWA SINERGI KARYATAMA,KRT00460,PALLET KARTON 110 X 110 X 12 CM  K125/M125X4  CB/F,300 ," Rp97,500 "," Rp29,250,000 ",,193 ,193 ,-107 ,0 
,28-Jan-26,001/TLJ/DSK/I/26,PL0028,PT. DAIWA SINERGI KARYATAMA,IMP2878,IMPRABOARD UK. 1500X2000MM T:3MM WARNA KUNING,10 ," Rp85,000 "," Rp850,000 ",11 ,,10 ,0 ,1 
,28-Jan-26,NST/PO/TLJP/2026-003,PL0141,PT. GESIA CIPTA BUANA,KRT04920,PAPER REEL 330,"1,500 "," Rp1,000 "," Rp1,500,000 ",,"1,710 ","1,500 ",0 ,210 
,28-Jan-26,NST/PO/TLJP/2026-003,PL0141,PT. GESIA CIPTA BUANA,KRT05025,PAPER REEL 360,500 ," Rp1,150 "," Rp575,000 ",,505 ,500 ,0 ,5 
,28-Jan-26,NST/PO/TLJP/2026-003,PL0141,PT. GESIA CIPTA BUANA,KRT04921,PAPER REEL 370,"1,000 "," Rp1,260 "," Rp1,260,000 ",,"1,014 ","1,000 ",0 ,14 
,28-Jan-26,NST/PO/TLJP/2026-003,PL0141,PT. GESIA CIPTA BUANA,KRT04922,PAPER REEL 380,"1,350 "," Rp2,000 "," Rp2,700,000 ",,"2,075 ","1,350 ",0 ,725 
,19-Jan-26,C90947,PL0023,PT. KAWASAKI MOTOR INDONESIA,KRT05004,CARTON BOX A-30 (NEW COM.SYMBOL) PACKING (K3110-0103),"1,084 "," Rp3,170 "," Rp3,436,280 ",380 ,704 ,"1,084 ",0 ,0 
,19-Jan-26,C90947,PL0023,PT. KAWASAKI MOTOR INDONESIA,KRT05000,CARTON BOX A-87 (NEW COM.SYMBOL) (K3110-0100),245 ," Rp5,500 "," Rp1,347,500 ",,252 ,245 ,0 ,7 
,27-Jan-26,C91022,PL0023,PT. KAWASAKI MOTOR INDONESIA,KRT04025,BIG CARTON BOX 421X (NEW COM.SYMBOL) (K3120-0036),402 ," Rp48,700 "," Rp19,577,400 ",145 ,257 ,402 ,0 ,0 
,27-Jan-26,C91022,PL0023,PT. KAWASAKI MOTOR INDONESIA,KRT04026,BIG CARTON BOX LX140C (NEW COM.SYMBOL) PACKING (K3120-0032),77 ," Rp46,909 "," Rp3,611,993 ",,78 ,77 ,0 ,1 
,27-Jan-26,C91022,PL0023,PT. KAWASAKI MOTOR INDONESIA,KRT04027,BIG CARTON BOX LX230 STD (NEW COM.SYMBOL) (K3120-0033),411 ," Rp53,750 "," Rp22,091,250 ",,411 ,411 ,0 ,0 
,27-Jan-26,C91022,PL0023,PT. KAWASAKI MOTOR INDONESIA,KRT04028,BIG CARTON BX/BR 125 (NEW COM.SYMBOL) PACKING (K3120-0034),190 ," Rp55,000 "," Rp10,450,000 ",120 ,70 ,190 ,0 ,0 
,28-Jan-26,PL2600295,TR7,"SANOH INDONESIA, PT",KRT00036,BOX 360 X 275 X 80,150 ," Rp5,301 "," Rp795,150 ",,150 ,150 ,0 ,0 
,28-Jan-26,PL2600295,TR7,"SANOH INDONESIA, PT",KRT00360,LAYER 2 MM 730 X 250 LAY09,100 ," Rp2,046 "," Rp204,600 ",,,,-100 ,0 
,28-Jan-26,PL2600295,TR7,"SANOH INDONESIA, PT",KRT00996,SIDE BOARD PROTECTOR SIKU5,300 ," Rp8,277 "," Rp2,483,100 ",,300 ,300 ,0 ,0 
,28-Jan-26,PL2600295,TR7,"SANOH INDONESIA, PT",KRT00040,BOX 450 X 300 X 240 SNI02,200 ," Rp11,439 "," Rp2,287,800 ",360 ,,100 ,-100 ,260 
,28-Jan-26,PL2600295,TR7,"SANOH INDONESIA, PT",KRT00051,BOX 700 X 360 X 250 SNI07,200 ," Rp16,926 "," Rp3,385,200 ",,100 ,100 ,-100 ,0 
,28-Jan-26,PL2600295,TR7,"SANOH INDONESIA, PT",KRT00047,BOX 575 X 550 X 340 SNI10,200 ," Rp27,342 "," Rp5,468,400 ",100 ,,100 ,-100 ,0 
,28-Jan-26,PL2600295,TR7,"SANOH INDONESIA, PT",KRT00042,BOX 500 X 330 X 240 SNI11,300 ," Rp13,485 "," Rp4,045,500 ",30 ,270 ,300 ,0 ,0 
,28-Jan-26,PL2600295,TR7,"SANOH INDONESIA, PT",KRT00030,BOX 1350 X 335 X 100 SNI13,100 ," Rp15,345 "," Rp1,534,500 ",,,,-100 ,0 
,28-Jan-26,PL2600295,TR7,"SANOH INDONESIA, PT",KRT00044,BOX 530 X 460 X 315 SNI14,100 ," Rp18,135 "," Rp1,813,500 ",,,,-100 ,0 
,28-Jan-26,PL2600295,TR7,"SANOH INDONESIA, PT",KRT00029,BOX 1060 X 460 X 315 SNI16,100 ," Rp28,644 "," Rp2,864,400 ",,,,-100 ,0 
,28-Jan-26,PL2600295,TR7,"SANOH INDONESIA, PT",KRT02935,KARTON SNI18 (575X275X160),200 ," Rp12,560 "," Rp2,512,000 ",470 ,,200 ,0 ,270 
,28-Jan-26,PO2-2026/A/032/RMIP,PL0139,PT. TRI SAUDARA SENTOSA INDUSTRI,KRT02910,LAYER KARTON BOX IA (590X390MM),"1,000 ", Rp900 ," Rp900,000 ",,"1,000 ","1,000 ",0 ,0 
,29-Jan-26,SPG-PO/036/I-2026,PL0168,PT. SIGMA PACK GEMILANG,KRT03547,CB.DPT-IC0G-M034 K200/M125/K200 B/F 570X190X190,"2,000 "," Rp6,559 "," Rp13,118,000 ",,"1,901 ","1,900 ",-100 ,1 
,29-Jan-26,SPG-PO/036/I-2026,PL0168,PT. SIGMA PACK GEMILANG,KRT03545,CB.DPT-IC0G-L096 K200/M125/K200 B/F 630X130X130,500 ," Rp4,300 "," Rp2,150,000 ",500 ,,500 ,0 ,0 
,29-Jan-26,26010059,PL0071,PT. YAMATOGOMU INDONESIA,KRT00319,KARTON BOX NS-6,"3,000 "," Rp18,695 "," Rp56,085,000 ",,"2,700 ","2,700 ",-300 ,0 
,29-Jan-26,26010059,PL0071,PT. YAMATOGOMU INDONESIA,KRT00318,KARTON BOX NS-10,600 ," Rp12,389 "," Rp7,433,400 ",580 ,20 ,600 ,0 ,0 
,28-Jan-26,PO20260100208,PL0134,PT WANG SARIMULTI UTAMA,KRT03489,KARTON BOX W20 690X400X420 - BOX W20,32 ," Rp18,200 "," Rp582,400 ",,32 ,32 ,0 ,0 
,28-Jan-26,PO20260100208,PL0134,PT WANG SARIMULTI UTAMA,KRT02718,BOX W18 S W 547X269X223 - BOX W18,188 ," Rp5,300 "," Rp996,400 ",150 ,38 ,188 ,0 ,0 
,28-Jan-26,PO20260100208,PL0134,PT WANG SARIMULTI UTAMA,KRT03184,BOX W1 S W 479X285X217 - BOX W1,379 ," Rp5,200 "," Rp1,970,800 ",,179 ,179 ,-200 ,0 
,28-Jan-26,PO20260100208,PL0134,PT WANG SARIMULTI UTAMA,KRT02719,BOX W6 S W 370X220X130 - BOX W6,187 ," Rp4,000 "," Rp748,000 ",,187 ,187 ,0 ,0 
,28-Jan-26,PO20260100208,PL0134,PT WANG SARIMULTI UTAMA,KRT03187,LAYER W18 520X260 MM - LAYER W18,350 ," Rp1,400 "," Rp490,000 ",,352 ,350 ,0 ,2 
,28-Jan-26,PO20260100208,PL0134,PT WANG SARIMULTI UTAMA,KRT03185,LAYER W1 460X270 - LAYER W1,"1,583 "," Rp1,200 "," Rp1,899,600 ",,883 ,883 ,-700 ,0 
,28-Jan-26,PO20260100208,PL0134,PT WANG SARIMULTI UTAMA,KRT03186,LAYER W6 370X220 - LAYER W6,300 ," Rp1,000 "," Rp300,000 ",,500 ,300 ,0 ,200 
,28-Jan-26,PO20260100208,PL0134,PT WANG SARIMULTI UTAMA,KRT03190,PARTISI W18 (8 HOLE) 520X260X225 - PARTISI W18 8 HOLE,150 ," Rp2,500 "," Rp375,000 ",,200 ,200 ,50 ,0 
,28-Jan-26,PO20260100208,PL0134,PT WANG SARIMULTI UTAMA,KRT03307,PARTISI W18 (3 HOLE) 520X260X225 - PARTISI W18 3 HOLE,87 ," Rp2,500 "," Rp217,500 ",,87 ,87 ,0 ,0 
,28-Jan-26,PO20260100208,PL0134,PT WANG SARIMULTI UTAMA,KRT03191,PARTISI W6 (3 HOLE) 370X220X125 - PARTISI W6 3 HOLE,250 ," Rp2,800 "," Rp700,000 ",,70 ,70 ,-180 ,0 
,26-Jan-26,0302/CR/01/26,PL0039,PT. YASUNAGA INDONESIA,KRT00446,OUTER BOX CONROD ( 995X555X250 ) MM,50 ," Rp31,065 "," Rp1,553,250 ",,50 ,50 ,0 ,0 
,26-Jan-26,0302/CR/01/26,PL0039,PT. YASUNAGA INDONESIA,KRT00280,INNER BOX (306X271X110) MM,"1,000 "," Rp6,365 "," Rp6,365,000 ",,"1,000 ","1,000 ",0 ,0 
,26-Jan-26,0302/CR/01/26,PL0039,PT. YASUNAGA INDONESIA,KRT01603,CARTON BOX 1GD (355X268X155)MM,"1,250 "," Rp5,200 "," Rp6,500,000 ",,"1,251 ","1,250 ",0 ,1 
,26-Jan-26,0302/CR/01/26,PL0039,PT. YASUNAGA INDONESIA,KRT01604,SIDE PAD 1GD (440X555) MM,"1,250 "," Rp2,100 "," Rp2,625,000 ",,"1,250 ","1,250 ",0 ,0 
,26-Jan-26,0302/CR/01/26,PL0039,PT. YASUNAGA INDONESIA,KRT01605,CENTER PAD 1GD (BANTALAN) (130X200)MM,"2,500 ", Rp325 ," Rp812,500 ",,"2,500 ","2,500 ",0 ,0 
,26-Jan-26,0302/CR/01/26,PL0039,PT. YASUNAGA INDONESIA,KRT01606,LAYER CARTON 1GD (130X80)MM T.14MM,"2,500 ", Rp325 ," Rp812,500 ",,"2,500 ","2,500 ",0 ,0 
,30-Jan-26,011/CSI/PO/I/2026,PL0188,PT. Cipta Synergi Indonesia,IMP4467,IMPRABOX A T5 BIRU 1400 X 120 X 200 MM,5 ," Rp129,000 "," Rp645,000 ",,5 ,5 ,0 ,0 
,30-Jan-26,011/CSI/PO/I/2026,PL0188,PT. Cipta Synergi Indonesia,IMP4468,IMPRABOX B T5 BIRU 1100 X 120 X 200 MM,5 ," Rp114,200 "," Rp571,000 ",,5 ,5 ,0 ,0 
,30-Jan-26,011/CSI/PO/I/2026,PL0188,PT. Cipta Synergi Indonesia,IMP4469,IMPRABOX D T5 BIRU 700 X 400 X 450 MM,5 ," Rp155,300 "," Rp776,500 ",,6 ,5 ,0 ,1 
,30-Jan-26,011/CSI/PO/I/2026,PL0188,PT. Cipta Synergi Indonesia,IMP4470,IMPRABOX E T5 BIRU UK 1200 X 320 X 450 MM,5 ," Rp166,800 "," Rp834,000 ",,5 ,5 ,0 ,0 
,30-Jan-26,012/CSI/PO/I/2026,PL0188,PT. Cipta Synergi Indonesia,KRT05109,KARTON BOX POLOS UK 47X15X17 CM KMK 125 CBF,100 ," Rp5,500 "," Rp550,000 ",,100 ,100 ,0 ,0 
,30-Jan-26,012/CSI/PO/I/2026,PL0188,PT. Cipta Synergi Indonesia,KRT05110,KARTON BOX POLOS UK 50X32X31 CM KMK 125 CBF,100 ," Rp14,200 "," Rp1,420,000 ",,100 ,100 ,0 ,0 
,30-Jan-26,012/CSI/PO/I/2026,PL0188,PT. Cipta Synergi Indonesia,KRT05111,KARTON BOX POLOS UK 130X18X18 CM KMK 125 CBF,100 ," Rp4,500 "," Rp450,000 ",,100 ,100 ,0 ,0 
,30-Jan-26,PA26010369,PL0023,PT. KAWASAKI MOTOR INDONESIA,KRT01966,CARTON BOX K-79 (BROWN) (K8120-0058),20 ," Rp5,800 "," Rp116,000 ",410 ,,20 ,0 ,390 
,30-Jan-26,PO2-2026/A/039/RMIP,PL0139,PT. TRI SAUDARA SENTOSA INDUSTRI,KRT02910,LAYER KARTON BOX IA (590X390MM),"6,000 ", Rp900 ," Rp5,400,000 ",,"3,504 ","3,500 ","-2,500 ",4 
,30-Jan-26,PO2-2026/A/039/RMIP,PL0139,PT. TRI SAUDARA SENTOSA INDUSTRI,KRT01340,"MASTER BOX  RAK MULTIGUNA S/3 (UK.60,5X46,4X59,2 CM)",50 ," Rp274,125 "," Rp13,706,250 ",,50 ,50 ,0 ,0 
,30-Jan-26,GBU/PO/C/01/2026/00080,PL0087,PT. GUNA BAKTI UNGGUL,KRT03421,"MASTER BOX SAPU ITALY (UK 120X41X27,5 CM)",150 ," Rp18,705 "," Rp2,805,750 ",,100 ,100 ,-50 ,0 
,30-Jan-26,GBU/PO/C/01/2026/00080,PL0087,PT. GUNA BAKTI UNGGUL,KRT03397,"DUS SEALWARE HAVANA M UK 55X37X69,5 CM",100 ," Rp25,370 "," Rp2,537,000 ",,100 ,100 ,0 ,0 
,30-Jan-26,GBU/PO/C/01/2026/00080,PL0087,PT. GUNA BAKTI UNGGUL,KRT04913,"DUS SIKAT MAXI 1015 UK 51,5X44X33 CM",75 ," Rp23,650 "," Rp1,773,750 ",,75 ,75 ,0 ,0 
,30-Jan-26,GBU/PO/C/01/2026/00080,PL0087,PT. GUNA BAKTI UNGGUL,KRT03264,MASTERBOX BOTOL REIKA 800 ML (UK 45X30X49 CM),100 ," Rp16,340 "," Rp1,634,000 ",,100 ,100 ,0 ,0 
,30-Jan-26,GBU/PO/C/01/2026/00080,PL0087,PT. GUNA BAKTI UNGGUL,KRT03275,"MASTERBOX BOTOL AIR MINUM BRIZZ 600 ML (UK. 30X22,5X39 CM)",100 ," Rp220,375 "," Rp22,037,500 ",,100 ,100 ,0 ,0 
,30-Jan-26,GBU/PO/C/01/2026/00080,PL0087,PT. GUNA BAKTI UNGGUL,KRT03274,MASTERBOX BOTOL AIR MINUM BRIZZ 800 ML (UK. 45X45X49 CM),100 ," Rp16,340 "," Rp1,634,000 ",,100 ,100 ,0 ,0 
,30-Jan-26,GBU/PO/C/01/2026/00080,PL0087,PT. GUNA BAKTI UNGGUL,KRT03273,"MASTERBOX BOTOL AIR MINUM BRIZZ 1000 ML (UK.48X32X51,6 CM)",100 ," Rp192,425 "," Rp19,242,500 ",,100 ,100 ,0 ,0 
,30-Jan-26,GBU/PO/C/01/2026/00080,PL0087,PT. GUNA BAKTI UNGGUL,KRT01212,DUS PENGKI KIRENA NEW 96X55X28CM,100 ," Rp282,725 "," Rp28,272,500 ",,,,-100 ,0 
,30-Jan-26,GBU/PO/C/01/2026/00080,PL0087,PT. GUNA BAKTI UNGGUL,KRT01213,LAYER PENGKI KIRENA NEW 96X55CM,100 ," Rp3,225 "," Rp322,500 ",,,,-100 ,0 
,30-Jan-26,GBU/PO/C/01/2026/00080,PL0087,PT. GUNA BAKTI UNGGUL,KRT03419,"DUS KOTAK SABUN BENING (UK 63X46,5X51 CM)",50 ," Rp209,625 "," Rp10,481,250 ",,50 ,50 ,0 ,0 
,30-Jan-26,C91084,PL0023,PT. KAWASAKI MOTOR INDONESIA,KRT01002,SIKU CARTON 7X7 CM (K3150-0003),"2,000 ", Rp605 ," Rp1,210,000 ","3,580 ",,"2,000 ",0 ,"1,580 "
,30-Jan-26,C91084,PL0023,PT. KAWASAKI MOTOR INDONESIA,KRT00436,MASTERBOX Z-03 COMMUNICATION SYMBOL (K3110-0063),200 ," Rp71,478 "," Rp14,295,600 ",,153 ,153 ,-47 ,0 
,30-Jan-26,C91084,PL0023,PT. KAWASAKI MOTOR INDONESIA,KRT04026,BIG CARTON BOX LX140C (NEW COM.SYMBOL) PACKING (K3120-0032),80 ," Rp469,909 "," Rp37,592,720 ",,83 ,80 ,0 ,3 
,30-Jan-26,C91084,PL0023,PT. KAWASAKI MOTOR INDONESIA,KRT04028,BIG CARTON BX/BR 125 (NEW COM.SYMBOL) PACKING (K3120-0034),80 ," Rp55,000 "," Rp4,400,000 ",,81 ,80 ,0 ,1 
,30-Jan-26,C91084,PL0023,PT. KAWASAKI MOTOR INDONESIA,KRT05119,CARTON BOX A-28 (NEW COM.SYMBOL) PACKING (K3110-0101),200 ," Rp4,850 "," Rp970,000 ",,311 ,200 ,0 ,111 
,15-Jan-26,C90933,PL0023,PT. KAWASAKI MOTOR INDONESIA,KRT00174,CARTON BOX CB 24-E (K3110-0012),"1,150 "," Rp3,734 "," Rp4,294,100 ",450 ,700 ,"1,150 ",0 ,0 
,15-Jan-26,C90933,PL0023,PT. KAWASAKI MOTOR INDONESIA,KRT00175,CARTON BOX CB 25-D (K3110-0011),260 ," Rp2,222 "," Rp577,720 ",,261 ,260 ,0 ,1 
,15-Jan-26,C90933,PL0023,PT. KAWASAKI MOTOR INDONESIA,KRT00177,CARTON BOX CB 32-B (K3110-0004),70 ," Rp9,512 "," Rp665,840 ",,,,-70 ,0 
,15-Jan-26,C90933,PL0023,PT. KAWASAKI MOTOR INDONESIA,KRT00179,CARTON BOX CB 34-D (K3110-0009),120 ," Rp6,489 "," Rp778,680 ",,120 ,120 ,0 ,0 
,15-Jan-26,C90933,PL0023,PT. KAWASAKI MOTOR INDONESIA,KRT00434,MASTERBOX M-04 COMMUNICATION SYMBOL (K3110-0060),145 ," Rp54,949 "," Rp7,967,605 ",,145 ,145 ,0 ,0 
,15-Jan-26,C90933,PL0023,PT. KAWASAKI MOTOR INDONESIA,KRT00391,LAYER UK 1065X340X5 (K3140-0020),"5,370 "," Rp3,663 "," Rp19,670,310 ","2,350 ","3,020 ","5,370 ",0 ,0 
,15-Jan-26,C90933,PL0023,PT. KAWASAKI MOTOR INDONESIA,KRT00436,MASTERBOX Z-03 COMMUNICATION SYMBOL (K3110-0063),120 ," Rp71,478 "," Rp8,577,360 ",,120 ,120 ,0 ,0 
,15-Jan-26,C90933,PL0023,PT. KAWASAKI MOTOR INDONESIA,KRT02700,LAYER 1060X370X5 (K3140-0047),"4,000 "," Rp3,651 "," Rp14,604,000 ",,"4,000 ","4,000 ",0 ,0 
,15-Jan-26,C90933,PL0023,PT. KAWASAKI MOTOR INDONESIA,KRT01002,SIKU CARTON 7X7 CM (K3150-0003),"1,059 ", Rp605 ," Rp640,695 ",,"1,059 ","1,059 ",0 ,0 
,15-Jan-26,C90933,PL0023,PT. KAWASAKI MOTOR INDONESIA,KRT04174,PARTISI SEAT ASSY FRONT LE500 PACKING (K9970-0009),102 ," Rp76,665 "," Rp7,819,830 ",,102 ,102 ,0 ,0 
,15-Jan-26,C90933,PL0023,PT. KAWASAKI MOTOR INDONESIA,KRT04175,PARTISI SEAT ASSY REAR LE500 PACKING (K9970-0010),51 ," Rp42,617 "," Rp2,173,467 ",,51 ,51 ,0 ,0 
,20-Jan-26,C90965,PL0023,PT. KAWASAKI MOTOR INDONESIA,KRT00175,CARTON BOX CB 25-D (K3110-0011),260 ," Rp2,222 "," Rp577,720 ",,260 ,260 ,0 ,0 
,20-Jan-26,C90965,PL0023,PT. KAWASAKI MOTOR INDONESIA,KRT00169,CARTON BOX CB 22-A (K3110-0001),100 ," Rp15,726 "," Rp1,572,600 ",,100 ,100 ,0 ,0 
,29 Jan 2026,120126-0098,PL0002,PT. MAJU TEKNIK UTAMA INDONESIA,KRT04165,KARTON BOX VALVE 3KG 200X140X140X MM K150/M150/K150 BF SINGLE WALL,"10,000 "," Rp3,700 "," Rp37,000,000 ","3,200 ",,"3,200 ","-6,800 ",0 
,02-Feb-26,PO20260202000050,PL0113,PT. EVERPRO INDONESIA TECHNOLOGIES,KRT03985,(998486000060432) PACKAGING/CARD BOARD/IVORY BOARD/WHITE/27 6MMX200MM/D100012,"20,000 ", Rp900 ," Rp18,000,000 ",,"20,000 ","20,000 ",0 ,0 
,02-Feb-26,PO20260202000050,PL0113,PT. EVERPRO INDONESIA TECHNOLOGIES,KRT03780,(998486000060400) PACKING/BOX/E-SHAPED INNER CARTON BOX/NO PRINTING /E-SHAPED CORRUGATED PAPER/NATURAL COLOR/280x200x40MM/D500007,"4,000 "," Rp2,650 "," Rp10,600,000 ",,"4,000 ","4,000 ",0 ,0 
,02-Feb-26,PO20260202000050,PL0113,PT. EVERPRO INDONESIA TECHNOLOGIES,KRT03781,(998486000060401) PACKING/BOX/F-SHAPED OUTER CARTON/BLACK PRINTING/DOUBLE-LAYER CORRUGATED PAPER/NATURAL COLOR/440X300X485MM/D500051,200 ," Rp18,960 "," Rp3,792,000 ",,200 ,200 ,0 ,0 
,02-Feb-26,PO20260202000050,PL0113,PT. EVERPRO INDONESIA TECHNOLOGIES,KRT04061,(994819000010083) PACKAGING BOX/NEUTRAL LOGO PACKAGING/UK 370X370X430 MM,"7,000 "," Rp17,500 "," Rp122,500,000 ","1,600 ","2,360 ","3,960 ","-3,040 ",0 
,03-Feb-26,TLJ/26-0006,PL0053,PT. DAE HWA INDONESIA,KRT00189,CARTON BOX DFI 690X510X450 MM K125/M125X3/K125 CB/F,500 ," Rp21,480 "," Rp10,740,000 ",205 ,205 ,410 ,-90 ,0 
,03-Feb-26,SPG-PO/043/II-2026,PL0168,PT. SIGMA PACK GEMILANG,KRT03676,CB. RCL D74A TOYOTA K150/M125X3/K150 CB/F 395X322X250,300 ," Rp9,200 "," Rp2,760,000 ",,300 ,300 ,0 ,0 
,03-Feb-26,SPG-PO/043/II-2026,PL0168,PT. SIGMA PACK GEMILANG,KRT03677,LAYER ATAS RCL D74A UK 380X310X370 K150/M125X3/K150 CB/F,"1,100 "," Rp2,500 "," Rp2,750,000 ",,,,"-1,100 ",0 
,03-Feb-26,SPG-PO/043/II-2026,PL0168,PT. SIGMA PACK GEMILANG,KRT03678,LAYER BAWAH RCL D74A UK 380X310X370 K150/M125X3/K150 CB/F,600 ," Rp2,500 "," Rp1,500,000 ",,,,-600 ,0 
,03-Feb-26,C91120,PL0023,PT. KAWASAKI MOTOR INDONESIA,KRT05003,CARTON BOX CB 24-E (NEW COM.SYMBOL) PACKING (K3110-0117),"1,260 "," Rp3,030 "," Rp3,817,800 ",,,,"-1,260 ",0 
,03-Feb-26,C91120,PL0023,PT. KAWASAKI MOTOR INDONESIA,KRT00175,CARTON BOX CB 25-D (K3110-0011),200 ," Rp2,222 "," Rp444,400 ",,200 ,200 ,0 ,0 
,03-Feb-26,C91120,PL0023,PT. KAWASAKI MOTOR INDONESIA,KRT05132,CARTON BOX CB 31-D (NEW COM.SYMBOL) PACKING (K3110-0113),180 ," Rp11,100 "," Rp1,998,000 ",,,,-180 ,0 
,03-Feb-26,C91120,PL0023,PT. KAWASAKI MOTOR INDONESIA,KRT00434,MASTERBOX M-04 COMMUNICATION SYMBOL (K3110-0060),210 ," Rp54,949 "," Rp11,539,290 ",,50 ,50 ,-160 ,0 
,03-Feb-26,C91120,PL0023,PT. KAWASAKI MOTOR INDONESIA,KRT00391,LAYER UK 1065X340X5 (K3140-0020),"1,000 "," Rp3,663 "," Rp3,663,000 ",,"1,000 ","1,000 ",0 ,0 
,03-Feb-26,C91120,PL0023,PT. KAWASAKI MOTOR INDONESIA,KRT00436,MASTERBOX Z-03 COMMUNICATION SYMBOL (K3110-0063),200 ," Rp71,478 "," Rp14,295,600 ",,,,-200 ,0 
,03-Feb-26,C91120,PL0023,PT. KAWASAKI MOTOR INDONESIA,KRT00179,CARTON BOX CB 34-D (K3110-0009),230 ," Rp6,489 "," Rp1,492,470 ",,230 ,230 ,0 ,0 
,04-Feb-26,006/PO/CAC/II/2026,PL0069,PT. CAC PUTRA PERKASA,KRT00142,CARTON BOX 620X263X205,300 ," Rp15,900 "," Rp4,770,000 ",,300 ,300 ,0 ,0 
,04-Feb-26,006/PO/CAC/II/2026,PL0069,PT. CAC PUTRA PERKASA,KRT00137,CARTON BOX 540X360X220,500 ," Rp11,200 "," Rp5,600,000 ",,500 ,500 ,0 ,0 
,04-Feb-26,006/PO/CAC/II/2026,PL0069,PT. CAC PUTRA PERKASA,KRT04101,CARTON BOX 1000X240X150MM,"1,000 "," Rp13,350 "," Rp13,350,000 ",,"1,000 ","1,000 ",0 ,0 
,04-Feb-26,002/ABM/TLJP/I/26,PL0186,PT. AGRASINDO BERKAH MANDIRI,KRT05120,KARTON BOX HFAMA 24.5X24.5X1.4 CM,500 ," Rp2,700 "," Rp1,350,000 ",,500 ,500 ,0 ,0 
,04-Feb-26,PO/KBP26-00097,PL0112,PT. KARYA BUMIMAS PERSADA,KRT02188,BOX KLOSET JONGKOK ISI 3 ORTA (BBP-BOX-SX),500 ," Rp24,960 "," Rp12,480,000 ",,,,-500 ,0 
,04-Feb-26,PO/STP/II/2026/029,PL0101,PT. STAR TEC PACIFIC,KRT02220,SIDE REEL 550 STP,"3,000 "," Rp11,800 "," Rp35,400,000 ",,800 ,800 ,"-2,200 ",0 
,05-Feb-26,GBU/PO/C/02/2026/00003,PL0087,PT. GUNA BAKTI UNGGUL,KRT01341,MASTER BOX SEALWARE BAHAMA L (UK. 78X55X53 CM),100 ," Rp32,518 "," Rp3,251,800 ",,100 ,100 ,0 ,0 
,05-Feb-26,GBU/PO/C/02/2026/00003,PL0087,PT. GUNA BAKTI UNGGUL,KRT03397,"DUS SEALWARE HAVANA M UK 55X37X69,5 CM",50 ," Rp25,370 "," Rp1,268,500 ",,50 ,50 ,0 ,0 
,05-Feb-26,GBU/PO/C/02/2026/00003,PL0087,PT. GUNA BAKTI UNGGUL,KRT03423,"MASTER BOX CANARY M (UK 56X32,4X40 CM)",75 ," Rp16,942 "," Rp1,270,650 ",,75 ,75 ,0 ,0 
,05-Feb-26,GBU/PO/C/02/2026/00003,PL0087,PT. GUNA BAKTI UNGGUL,KRT03416,"MASTER BOX CANARY L (UK 73X40X46,5 CM)",75 ," Rp23,865 "," Rp1,789,875 ",,75 ,75 ,0 ,0 
,05-Feb-26,GBU/PO/C/02/2026/00003,PL0087,PT. GUNA BAKTI UNGGUL,KRT01192,"MASTER BOX PIRING 9"" PP/MELAMIX (UK. 47X47X24CM)",100 ," Rp15,910 "," Rp1,591,000 ",,100 ,100 ,0 ,0 
,05-Feb-26,GBU/PO/C/02/2026/00003,PL0087,PT. GUNA BAKTI UNGGUL,KRT03421,"MASTER BOX SAPU ITALY (UK 120X41X27,5 CM)",200 ," Rp18,705 "," Rp3,741,000 ",,,,-200 ,0 
,05-Feb-26,2602.0172/K3G-ATK/II/2026,PL0208,KOPRASI KARYAWAN KELOMPOK GOBEL,KRT05121,BOX UK 500X300X200 K200/M125/K200 C/F,500 ," Rp9,200 "," Rp4,600,000 ",,500 ,500 ,0 ,0 
,05-Feb-26,2602.0172/K3G-ATK/II/2026,PL0208,KOPRASI KARYAWAN KELOMPOK GOBEL,KRT05122,BOX UK 320/300/200 K200/M125/K200 C/F,500 ," Rp7,100 "," Rp3,550,000 ",,500 ,500 ,0 ,0 
,05-Feb-26,2602.0172/K3G-ATK/II/2026,PL0208,KOPRASI KARYAWAN KELOMPOK GOBEL,KRT05123,BOX UK 250/170/150 K200/M125/K200 C/F,500 ," Rp4,000 "," Rp2,000,000 ",,500 ,500 ,0 ,0 
,05-Feb-26,2602.0172/K3G-ATK/II/2026,PL0208,KOPRASI KARYAWAN KELOMPOK GOBEL,KRT05124,BOX EVAP UK 700X270X230,200 ," Rp10,900 "," Rp2,180,000 ",,200 ,200 ,0 ,0 
,05-Feb-26,MRO/29342/PC/2026,PL0049,PT. PANASONIC MANUFACTURING INDONESIA,KRT01252,CARTON BOX FAN MOTOR INDOOR REGULER K275 M125 K275 BF 2 LAYER DM 11X11X15,200 ," Rp2,023 "," Rp404,600 ",,200 ,200 ,0 ,0 
,05-Feb-26,MRO/29342/PC/2026,PL0049,PT. PANASONIC MANUFACTURING INDONESIA,KRT00203,CARTON BOX EVAPORATOR REGULER 72X26.5X22.5 K275/M125/K275 BF 2 LAYER,200 ," Rp14,800 "," Rp2,960,000 ",,200 ,200 ,0 ,0 
,05-Feb-26,MRO/29342/PC/2026,PL0049,PT. PANASONIC MANUFACTURING INDONESIA,KRT05130,BOX POLOS UK. 750X265X255MM KMK 200CBF (DOUBLE WOOL),100 ," Rp16,360 "," Rp1,636,000 ",,100 ,100 ,0 ,0 
,05-Feb-26,MRO/29342/PC/2026,PL0049,PT. PANASONIC MANUFACTURING INDONESIA,KRT05131,CARTON BOX CONDESOR REGULER UK. 64X54.6X28.5 K275/M125/K275 BF SOBLE FLUTE,100 ," Rp29,400 "," Rp2,940,000 ",,100 ,100 ,0 ,0 
,05-Feb-26,MRO/29342/PC/2026,PL0049,PT. PANASONIC MANUFACTURING INDONESIA,KRT03538,BOX POLOS UK 700X480X240 MM K275/M125/K275 BF,100 ," Rp23,000 "," Rp2,300,000 ",,100 ,100 ,0 ,0 
,05-Feb-26,MRO/29342/PC/2026,PL0049,PT. PANASONIC MANUFACTURING INDONESIA,KRT02911,CARTON BOX CFF REGULER 11.5X11X65 K275/M125/K275 BF 2 LAYER,100 ," Rp6,720 "," Rp672,000 ",,100 ,100 ,0 ,0 
,05-Feb-26,MRO/29342/PC/2026,PL0049,PT. PANASONIC MANUFACTURING INDONESIA,KRT00204,CARTON BOX EVAPORATOR  BIG CAP 96X30X25.5 K275/M125/K275 BF 2 LAYER,100 ," Rp20,750 "," Rp2,075,000 ",,100 ,100 ,0 ,0 
,05-Feb-26,MRO/29342/PC/2026,PL0049,PT. PANASONIC MANUFACTURING INDONESIA,KRT00246,CARTON BOX VANE HORIZONTAL (BC) 115X50X940MM,200 ," Rp4,200 "," Rp840,000 ",,200 ,200 ,0 ,0 
,05-Feb-26,28045/TLJ/VGP/26,PL0013,PT. INDONESIA NIPPON SEIKI,KRT01007,Siku Karton Uk. 5x5x0.5cm (P=110cm),"2,000 "," Rp6,353 "," Rp12,706,000 ",,,,"-2,000 ",0 
,05-Feb-26,28045/TLJ/VGP/26,PL0013,PT. INDONESIA NIPPON SEIKI,KRT01008,Siku Karton Uk. 5x5x0.5cm (P=85cm),400 ," Rp4,935 "," Rp1,974,000 ",,,,-400 ,0 
,05-Feb-26,28045/TLJ/VGP/26,PL0013,PT. INDONESIA NIPPON SEIKI,KRT01003,SIKU KARTON 5X5X0.5 (P 106),500 ," Rp6,143 "," Rp3,071,500 ",,,,-500 ,0 
,05-Feb-26,28045/TLJ/VGP/26,PL0013,PT. INDONESIA NIPPON SEIKI,KRT01009,Siku Karton Uk. 5x5x0.5cm (P=96cm),300 ," Rp5,563 "," Rp1,668,900 ",,,,-300 ,0 
,05-Feb-26,28045/TLJ/VGP/26,PL0013,PT. INDONESIA NIPPON SEIKI,KRT00472,PARTISI UK 640X440X45 K150/M125/K150 C/F,100 ," Rp5,653 "," Rp565,300 ",,,,-100 ,0 
,05-Feb-26,28045/TLJ/VGP/26,PL0013,PT. INDONESIA NIPPON SEIKI,KRT00145,CARTON BOX 700X400X240MM K150/M125/K150 CF BKA,100 ," Rp15,500 "," Rp1,550,000 ",,,,-100 ,0 
,05-Feb-26,28045/TLJ/VGP/26,PL0013,PT. INDONESIA NIPPON SEIKI,KRT00475,PARTISI B02 690X390X105MM K125/M125X4 CBF BKA,200 ," Rp11,500 "," Rp2,300,000 ",,,,-200 ,0 
,05-Feb-26,28045/TLJ/VGP/26,PL0013,PT. INDONESIA NIPPON SEIKI,KRT02925,BOX 700X400X200 MM K150/M125/K200 C/F K200/M125X3/K150 CBF + K200/M125/K200 CF,300 ," Rp13,300 "," Rp3,990,000 ",,,,-300 ,0 
,05-Feb-26,28045/TLJ/VGP/26,PL0013,PT. INDONESIA NIPPON SEIKI,KRT02922,PARTISI 690X390X190 MM K150/M125X3/K150 CBF (DOUBLE WOOL),500 ," Rp13,900 "," Rp6,950,000 ",,,,-500 ,0 
,05-Feb-26,28045/TLJ/VGP/26,PL0013,PT. INDONESIA NIPPON SEIKI,KRT02923,LAYER 690X390 MM M12/M125/125 BF + LAPIS PE FOAM T5MM,300 ," Rp14,200 "," Rp4,260,000 ",,,,-300 ,0 
,05-Feb-26,28045/TLJ/VGP/26,PL0013,PT. INDONESIA NIPPON SEIKI,KRT02924,LAYER 690X390MM M125/M125/M125 BF TANPA PE FOAM,"1,500 "," Rp1,900 "," Rp2,850,000 ",,,,"-1,500 ",0 
,05-Feb-26,28045/TLJ/VGP/26,PL0013,PT. INDONESIA NIPPON SEIKI,KRT03841,PARTISI BLS CF,100 ," Rp8,290 "," Rp829,000 ",,,,-100 ,0 
,05-Feb-26,28045/TLJ/VGP/26,PL0013,PT. INDONESIA NIPPON SEIKI,KRT03842,PARTISI STANDAR PAKING PCB ASSY K84 K150/M125/K150 BF,100 ," Rp13,780 "," Rp1,378,000 ",,,,-100 ,0 
,05-Feb-26,C91135,PL0023,PT. KAWASAKI MOTOR INDONESIA,KRT00177,CARTON BOX CB 32-B (K3110-0004),12 ," Rp9,512 "," Rp114,144 ",,12 ,12 ,0 ,0 
,07-Feb-26,TLJ/26-0007,PL0053,PT. DAE HWA INDONESIA,KRT00191,CARTON BOX DH1 560X380X340 CF,500 ," Rp9,400 "," Rp4,700,000 ",250 ,,250 ,-250 ,0 
,07-Feb-26,TLJ/26-0007,PL0053,PT. DAE HWA INDONESIA,KRT00195,CARTON BOX DH15 380X280X270 CBF,500 ," Rp7,980 "," Rp3,990,000 ",100 ,,100 ,-400 ,0 
,07-Feb-26,TLJ/26-0007,PL0053,PT. DAE HWA INDONESIA,KRT00197,CARTON BOX DH18 380X300X80 MM K125/M125X4 CBF,100 ," Rp6,160 "," Rp616,000 ",,,,-100 ,0 
,08-Feb-26,PO.2602.0002,PL0098,PT. MIKASA MITRA MULIA,KRT01733,JUNGLE BOX TYPE S,110 ," Rp88,700 "," Rp9,757,000 ",,,,-110 ,0 
,08-Feb-26,PO.2602.0002,PL0098,PT. MIKASA MITRA MULIA,KRT01732,JUNGLE BOX TYPE M,100 ," Rp99,500 "," Rp9,950,000 ",,,,-100 ,0 
,09-Feb-26,002/ABM/TLJP/II/26,PL0186,PT. AGRASINDO BERKAH MANDIRI,KRT05120,KARTON BOX HFAMA 24.5X24.4X190 MM KMK 125 BF,500 ," Rp3,000 "," Rp1,500,000 ",,,,-500 ,0 
,09-Feb-26,TLJ/26-0008,PL0053,PT. DAE HWA INDONESIA,KRT00189,CARTON BOX DFI 690X510X450 MM K125/M125X3/K125 CB/F,300 ," Rp21,480 "," Rp6,444,000 ",,,,-300 ,0 
,10-Feb-26,SPG-PO/048/II-2026,PL0168,PT. SIGMA PACK GEMILANG,KRT05142,CB. HMP VA K200/M150X3/K200 BC/F 146X200X1270,100 ," Rp100,000 "," Rp10,000,000 ",,,,-100 ,0 
,10-Feb-26,SPG-PO/048/II-2026,PL0168,PT. SIGMA PACK GEMILANG,KRT04154,CB. HMP VB K200/M150X3/K200 BC/F 146X200X1050,200 ," Rp90,000 "," Rp18,000,000 ",,,,-200 ,0 
,10-Feb-26,063/MII-PO/02/2026,PL0150,PT. MEIHOKU INDUSTRY INDONESIA,KRT02960,K150/M125/K150 CF BROWN 515TX375X520,300 ," Rp9,120 "," Rp2,736,000 ",110 ,191 ,300 ,0 ,1 
,10-Feb-26,GBU/PO/C/02/2026/00019,PL0087,PT. GUNA BAKTI UNGGUL,KRT03442,MASTER BOX GANTUNGAN BAJU KAWAII (UK. 62x42x38 CM),100 ," Rp23,112 "," Rp2,311,200 ",,,,-100 ,0 
,10-Feb-26,PO2602-026,PL0085,PT. EHWA INDONESIA,KRT02571,"BULK BOX 8"" (PM2006)",200 ," Rp7,236 "," Rp1,447,200 ",,200 ,200 ,0 ,0 
,10-Feb-26,PO2602-026,PL0085,PT. EHWA INDONESIA,KRT02567,OUT BOX BOSCH VA 4-5 INCH IP 5 PCS (PM2093),500 ," Rp3,973 "," Rp1,986,500 ",,500 ,500 ,0 ,0 
,10-Feb-26,PO2602-026,PL0085,PT. EHWA INDONESIA,KRT01229,OUT BOX DWA47421 OUT BOX 3PK 452X420X40 B/F (PM2067),500 ," Rp8,730 "," Rp4,365,000 ",,,,-500 ,0 
,10-Feb-26,PO2602-026,PL0085,PT. EHWA INDONESIA,KRT02857.,OUTBOX BOSCH SLEEVE 4-5 INCH IP (5PCS) (PM2237),"1,500 "," Rp2,058 "," Rp3,087,000 ",,"1,500 ","1,500 ",0 ,0 
,10-Feb-26,PO2602-026,PL0085,PT. EHWA INDONESIA,KRT02858,OUTBOX BOSCH SLEEVE 4-5 INCH MP (20PCS) (PM2238),500 ," Rp6,566 "," Rp3,283,000 ",,500 ,500 ,0 ,0 
,10-Feb-26,PO2602-026,PL0085,PT. EHWA INDONESIA,KRT02859,OUTBOX BOSCH SLEEVE 6-7 INCH IP (5PCS) (PM2239),500 ," Rp2,793 "," Rp1,396,500 ",,500 ,500 ,0 ,0 
,10-Feb-26,PO2602-026,PL0085,PT. EHWA INDONESIA,KRT02170,"OUTBOX SGA 14"" MP 9PCS (PM2220)",500 ," Rp9,991 "," Rp4,995,500 ",100 ,400 ,500 ,0 ,0 
,10-Feb-26,PO2602-026,PL0085,PT. EHWA INDONESIA,KRT01108,"OUTBOX GT 4-4.5"" SPYDER MP 120PCS (PM2170)",500 ," Rp11,887 "," Rp5,943,500 ",150 ,,146 ,-354 ,4 
,10-Feb-26,PO2602-026,PL0085,PT. EHWA INDONESIA,KRT03551,"OUTBOX GT 404.5"" SPYDER IP 6 PCS (PM2168)",700 ," Rp2,274 "," Rp1,591,800 ",,700 ,700 ,0 ,0 
,10 Feb 2026,PO/KBP26-00151,PL0112,PT. KARYA BUMIMAS PERSADA,KRT02188,BOX KLOSET JONGKOK ISI 3 ORTA (BBP-BOX-SX),500 ," Rp24,960 "," Rp12,480,000 ",,,,-500 ,0 
,10 Feb 2026,PO/KBP26-00152,PL0112,PT. KARYA BUMIMAS PERSADA,KRT02188,BOX KLOSET JONGKOK ISI 3 ORTA (BBP-BOX-SX),500 ," Rp24,960 "," Rp12,480,000 ",,,,-500 ,0 
,10 Feb 2026,02/SPPI/2026,PL0119,PT SAM SUNG PRINT PACK INDONESIA,KRT05144,"COMM, CPC 1-46 UK 430X340X250 DOUBLE WALL K125/M125X4 BOUCHEE",20 ," Rp13,272 "," Rp265,440 ",,20 ,20 ,0 ,0 
,10 Feb 2026,02/SPPI/2026,PL0119,PT SAM SUNG PRINT PACK INDONESIA,KRT05145,"COMM, CPC 1-47 UK 420X310X425 DOUBLE WALL K125/M125X4 HILL HOUSE",40 ," Rp16,800 "," Rp672,000 ",,40 ,40 ,0 ,0 
,10 Feb 2026,02/SPPI/2026,PL0119,PT SAM SUNG PRINT PACK INDONESIA,KRT05146,"COMM, CPC 1-48 UK 380X350X425 DOUBLE WALL K125/M125X4 HILL HOUSE",180 ," Rp15,480 "," Rp2,786,400 ",,180 ,180 ,0 ,0 
,10 Feb 2026,02/SPPI/2026,PL0119,PT SAM SUNG PRINT PACK INDONESIA,KRT05147,"COMM, CPC 1-49 UK 435X435X425 DOUBLE WALL K125/M125X4 OPEN HOUSE",50 ," Rp22,428 "," Rp1,121,400 ",,50 ,50 ,0 ,0 
,10 Feb 2026,02/SPPI/2026,PL0119,PT SAM SUNG PRINT PACK INDONESIA,KRT05148,"COMM, CPC 1-50 UK 460X460X345 DOUBLE WALL K125/M125X4 ZAYTINYA",75 ," Rp23,688 "," Rp1,776,600 ",,75 ,75 ,0 ,0 
,10 Feb 2026,02/SPPI/2026,PL0119,PT SAM SUNG PRINT PACK INDONESIA,KRT05149,"COMM, CPC 1-51 UK 435X270X580 DOUBLE WALL K125/M125X4 DARLING JACKS",100 ," Rp16,835 "," Rp1,683,500 ",,100 ,100 ,0 ,0 
,10 Feb 2026,02/SPPI/2026,PL0119,PT SAM SUNG PRINT PACK INDONESIA,KRT05150,"COMM, CPC 1-52 UK 710X350X275 DOUBLE WALL K125/M125X4 THE JOYCE",67 ," Rp21,168 "," Rp1,418,256 ",,67 ,67 ,0 ,0 
,10 Feb 2026,02/SPPI/2026,PL0119,PT SAM SUNG PRINT PACK INDONESIA,KRT05151,"COMM, CPC 1-55 UK 435X270X540 DOUBLE WALL K125/M125X4 MIDDLE CHILD",40 ," Rp18,270 "," Rp730,800 ",,40 ,40 ,0 ,0 
,11-Feb-26,TLJ/26-0009,PL0053,PT. DAE HWA INDONESIA,KRT00201,CARTON BOX DH9 300X120X100 MM K125/M125/K125 BF,200 ," Rp1,380 "," Rp276,000 ",100 ,,100 ,-100 ,0 
,11-Feb-26,TLJ/26-0009,PL0053,PT. DAE HWA INDONESIA,KRT02722,CARTON BOX DH8 POLOS 727X380X320MM K200/M125/K200 C/F,"1,100 "," Rp12,800 "," Rp14,080,000 ",,600 ,600 ,-500 ,0 
,11-Feb-26,4/SPPI/2026,PL0119,PT SAM SUNG PRINT PACK INDONESIA,KRT05155,"HOBBY LOBBY, HL 1-28 UK 370X350X320 DOUBLE WALL K125/M125X4 FOOTBALL GIFT BAG",830 ," Rp13,364 "," Rp11,092,120 ",,,,-830 ,0 
,12-Feb-26,PO/2026/B/002/RMIP,PL0136,PT. TECHNO INDONESIA,KRT03849,LAYER CTN 316X206 MM,300 , Rp520 ," Rp156,000 ",,300 ,300 ,0 ,0 
,12-Feb-26,PO20260212000036,PL0113,PT. EVERPRO INDONESIA TECHNOLOGIES,KRT04061,(994819000010083) PACKAGING BOX/NEUTRAL LOGO PACKAGING/UK 370X370X430 MM,"5,000 "," Rp17,500 "," Rp87,500,000 ",,,,"-5,000 ",0 
,12-Feb-26,PO20260212000036,PL0113,PT. EVERPRO INDONESIA TECHNOLOGIES,KRT04050,(994819000000192) CARTON 5 LAYERS CORRUGATED PAPER OUTER UK 375X375X375 MM HW EXCLUSIVE,"1,000 "," Rp18,600 "," Rp18,600,000 ",,,,"-1,000 ",0 
,12-Feb-26,PO/2026-01/PJS-012,PL0206,PT. PROGRESSA JAYA SINERGI,KRT05152,CB. 4GV/X41 UK 583X383X508 K275/M150/K275/M150/K275 BC/F,500 ," Rp34,000 "," Rp17,000,000 ",,,,-500 ,0 
,12-Feb-26,PO/2026-01/PJS-012,PL0206,PT. PROGRESSA JAYA SINERGI,KRT05153,CB. 4GV/X50 UK 453X453X638 K275/M150/K275/M150/K275 BC/F,500 ," Rp38,500 "," Rp19,250,000 ",,,,-500 ,0 
,12-Feb-26,POIS510/260200769,PL0205,PT. INDOSAFETY SENTOSA INDUSTRY,KRT04973,LAYER 530X355MM,"3,000 "," Rp1,330 "," Rp3,990,000 ",,"3,000 ","3,000 ",0 ,0 
,12-Feb-26,POIS510/260200769,PL0205,PT. INDOSAFETY SENTOSA INDUSTRY,KRT04972,BOX POLOS 550X360X160MMEE122,250 ," Rp13,335 "," Rp3,333,750 ",,250 ,250 ,0 ,0 
,12-Feb-26,PO2602-040,PL0085,PT. EHWA INDONESIA,KRT00273,EURO SHIPPING BOX 1180X780X780 (PM9044),100 ," Rp199,000 "," Rp19,900,000 ",,,,-100 ,0 
,11-Feb-26,3/SPPI/2026,PL0119,PT SAM SUNG PRINT PACK INDONESIA,KRT05154,"COMM,CPC 1-53 UK 710X350X275 DOUBLE WALL K125/M125X4 AROMA",67 ," Rp21,168 "," Rp1,418,256 ",,,,-67 ,0 
,13 Feb 2026,120226-0032,PL0002,PT. MAJU TEKNIK UTAMA INDONESIA,KRT04165,KARTON BOX VALVE 55 KG 215X155X140 MM K150/M150/K150 BF SINGLE WALL,"2,250 "," Rp4,500 "," Rp10,125,000 ",,800 ,800 ,"-1,450 ",0 
,13 Feb 2026,120226-0032,PL0002,PT. MAJU TEKNIK UTAMA INDONESIA,KRT02149,PARTISI BOX VALVE 3KG,800 , Rp400 ," Rp320,000 ",,,,-800 ,0 
,13 Feb 2026,PO20260200321,PL0134,PT WANG SARIMULTI UTAMA,KRT02719,BOX W6 S W 370X220X130 - BOX W6,112 ," Rp4,000 "," Rp448,000 ",,112 ,112 ,0 ,0 
,13 Feb 2026,PO20260200321,PL0134,PT WANG SARIMULTI UTAMA,KRT03186,LAYER W6 370X220 - LAYER W6,74 ," Rp1,000 "," Rp74,000 ",,74 ,74 ,0 ,0 
,12-Feb-26,GBU/PO/C/02/2026/00035,PL0087,PT. GUNA BAKTI UNGGUL,KRT05158,"MASTER BOX SEALWARE TWISTY L UK.33,5X33,5X34 CM",100 ," Rp13,500 "," Rp1,350,000 ",,,,-100 ,0 
,12-Feb-26,GBU/PO/C/02/2026/00035,PL0087,PT. GUNA BAKTI UNGGUL,KRT05159,"PARTISI SEALWARE TWISTY L UK 32,5X33 CM",200 ," Rp2,000 "," Rp400,000 ",,,,-200 ,0 
,12-Feb-26,GBU/PO/C/02/2026/00035,PL0087,PT. GUNA BAKTI UNGGUL,KRT01090,MASTER BOX PIRING 9 CEPER UK. 48X48X23 CM,100 ," Rp18,000 "," Rp1,800,000 ",,,,-100 ,0 
,12-Feb-26,PO/003/II/2026,PL0142,PT. NARATAMA,KRT05160,"MASTER BOX POLOS DOUBLE WALL (UK. 50X33X17,3 CM)",25 ," Rp11,400 "," Rp285,000 ",,,,-25 ,0 
,14-Feb-26,POIS510/260200803,PL0205,PT. INDOSAFETY SENTOSA INDUSTRY,KRT04972,BOX POLOS 550X360X160MMEE122,400 ," Rp13,335 "," Rp5,334,000 ",,400 ,400 ,0 ,0 
,13-Feb-26,5/SPPI/2026,PL0119,PT SAM SUNG PRINT PACK INDONESIA,KRT05161,"COMM,CPC 2-26 UK 460X330X225 DOUBLE WALL K125/M125X4 CHOICE COLLECTION 8",16 ," Rp14,742 "," Rp235,872 ",,,,-16 ,0 
,13-Feb-26,5/SPPI/2026,PL0119,PT SAM SUNG PRINT PACK INDONESIA,KRT05162,"COMM,CPC 2-27 UK 440X360X425 DOUBLE WALL K125/M125X4 CHOICE COLLECTION 16",15 ," Rp19,516 "," Rp292,740 ",,,,-15 ,0 
,13-Feb-26,5/SPPI/2026,PL0119,PT SAM SUNG PRINT PACK INDONESIA,KRT05163,"COMM,CPC 2-28 UK 490X220X530 DOUBLE WALL K125/M125X4 CHOICE COLLECTION 20",30 ," Rp17,374 "," Rp521,220 ",,,,-30 ,0 
,13-Feb-26,5/SPPI/2026,PL0119,PT SAM SUNG PRINT PACK INDONESIA,KRT05164,"COMM,CPC 2-45 UK 545X370X320 DOUBLE WALL K125/125X4 GAYLES BAKERY 48",400 ," Rp19,298 "," Rp7,719,200 ",,,,-400 ,0 
,13-Feb-26,5/SPPI/2026,PL0119,PT SAM SUNG PRINT PACK INDONESIA,KRT05165,"COMM,CPC 2-46 UK 545X370X320 DOUBLE WALL K125/125X4 GAYLES BAKERY 49",100 ," Rp19,298 "," Rp1,929,800 ",,,,-100 ,0 
,16-Feb-26,GBU/PO/C/02/2026/0042,PL0087,PT. GUNA BAKTI UNGGUL,KRT00267,DUS SIKAT KARINA UK. 39X33X41.5 CM,100 ," Rp15,103 "," Rp1,510,300 ",,,,-100 ,0 
,16-Feb-26,PO-L-202602000116,PL0126,PT INTEGRASI MEDIKA PRIMA,TRM4533,IMPRABOARD 5MM 60 X 100CM,5 ," Rp80,000 "," Rp400,000 ",,,,-5 ,0 
,16-Feb-26,088/MII-PO/02/2026,PL0150,PT. MEIHOKU INDUSTRY INDONESIA,KRT03177,K150/M125/K150 CF BROWN UK 75TX260X550,300 ," Rp4,380 "," Rp1,314,000 ",,,,-300 ,0 
,16-Feb-26,002/TLJ/DSK/II/26,PL0028,PT. DAIWA SINERGI KARYATAMA,KRT00485,PARTISI K48 (SET - PANJANG - 3 + PENDEK -6),"2,600 "," Rp4,300 "," Rp11,180,000 ",,,,"-2,600 ",0 
,16-Feb-26,002/TLJ/DSK/II/26,PL0028,PT. DAIWA SINERGI KARYATAMA,KRT00484,PARTISI K2FA PANJANG : 640 X 95 MM PENDEK : 440 X 95 MM,"3,300 "," Rp6,300 "," Rp20,790,000 ",,,,"-3,300 ",0 
,16-Feb-26,002/TLJ/DSK/II/26,PL0028,PT. DAIWA SINERGI KARYATAMA,KRT04950,"PARTISI KOWF/LIGHT GUIDE (PANJANG 3, PENDEK 6)","1,500 "," Rp3,290 "," Rp4,935,000 ",,,,"-1,500 ",0 
,16-Feb-26,002/TLJ/DSK/II/26,PL0028,PT. DAIWA SINERGI KARYATAMA,KRT04951,PARTISI SENSOR K07A,200 ," Rp6,300 "," Rp1,260,000 ",,,,-200 ,0 
,16-Feb-26,002/TLJ/DSK/II/26,PL0028,PT. DAIWA SINERGI KARYATAMA,KRT04952,PALLET 107 X 107 X 12,100 ," Rp92,500 "," Rp9,250,000 ",,,,-100 ,0 
,16-Feb-26,002/TLJ/DSK/II/26,PL0028,PT. DAIWA SINERGI KARYATAMA,KRT04953,PALLET  110 X 110 X 12 ,300 ," Rp97,500 "," Rp29,250,000 ",,,,-300 ,0 
,16-Feb-26,002/TLJ/DSK/II/26,PL0028,PT. DAIWA SINERGI KARYATAMA,KRT00326,KARTON BOX XE511 (UK. 550X550X420 MM),100 ," Rp23,000 "," Rp2,300,000 ",,,,-100 ,0 
,16-Feb-26,002/TLJ/DSK/II/26,PL0028,PT. DAIWA SINERGI KARYATAMA,KRT00476,PARTISI B2B 64 X 44 X 540 MM,100 ," Rp7,282 "," Rp728,200 ",,,,-100 ,0 
,16-Feb-26,002/TLJ/DSK/II/26,PL0028,PT. DAIWA SINERGI KARYATAMA,KRT00394,LAYER XE511 (UK. 540 X 540 MM),300 ," Rp1,980 "," Rp594,000 ",,,,-300 ,0 
,16-Feb-26,002/TLJ/DSK/II/26,PL0028,PT. DAIWA SINERGI KARYATAMA,KRT00500,PARTISI XE 511 KOMBINASI (UK. 530X90 MM / ISI 7 PCS),200 ," Rp4,509 "," Rp901,800 ",,,,-200 ,0 
,18-Feb-26,PO0003202602030004,PL0011,PT. SAKATA NIMOTECH INDONESIA,KRT04217,"CARTON BOX S/B, SZ 480X283X160MM","1,300 "," Rp6,700 "," Rp8,710,000 ",,,,"-1,300 ",0 
,18-Feb-26,PO0003202602030004,PL0011,PT. SAKATA NIMOTECH INDONESIA,KRT04218,CARTON BOX S/B INNER,100 ," Rp5,000 "," Rp500,000 ",,,,-100 ,0 
,18-Feb-26,PA26020104,PL0023,PT. KAWASAKI MOTOR INDONESIA,KRT01966,CARTON BOX K-79 (BROWN) (K8120-0058),40 ," Rp5,800 "," Rp232,000 ",,,,-40 ,0 
,18-Feb-26,PL2600485,TR7,"SANOH INDONESIA, PT",KRT00052,BOX 735 X 255 X 200 SNI09,100 ," Rp14,415 "," Rp1,441,500 ",,100 ,100 ,0 ,0 
,18-Feb-26,PL2600485,TR7,"SANOH INDONESIA, PT",KRT00042,BOX 500 X 330 X 240 SNI11,150 ," Rp13,485 "," Rp2,022,750 ",,,,-150 ,0 
,19-Feb-26,PO/IS510/260200855,PL0205,PT. INDOSAFETY SENTOSA INDUSTRY,KRT04972 ,BOX POLOS (550X360X160MM EE-122),400 ," Rp13,335 "," Rp5,334,000 ",,400 ,400 ,0 ,0 
,19-Feb-26,SPG-PO/052/II-2026,PL0168,PT. SIGMA PACK GEMILANG,KRT03676,CB. RCL D74A TOYOTA K150/M125X3/K150 CB/F 395X322X250,500 ," Rp9,200 "," Rp4,600,000 ",,,,-500 ,0 
,19-Feb-26,SPG-PO/052/II-2026,PL0168,PT. SIGMA PACK GEMILANG,KRT03678,LAYER BAWAH RCL D74A UK 380X310X370 K150/M125X3/K150 CB/F,500 ," Rp2,500 "," Rp1,250,000 ",,,,-500 ,0 
,19-Feb-26,26020153,PL0071,PT. YAMATOGOMU INDONESIA,KRT00319,KARTON BOX NS-6,"2,500 "," Rp18,695 "," Rp46,737,500 ",,,,"-2,500 ",0 
,19-Feb-26,26020153,PL0071,PT. YAMATOGOMU INDONESIA,KRT00318,KARTON BOX NS-10,400 ," Rp12,389 "," Rp4,955,600 ",,,,-400 ,0 
,19-Feb-26,PUR-PO/0226/0279,PL0076,PT. ASAHI INDONESIA,KRT00226,CARTON BOX POLOS 300X300X200,300 ," Rp9,310 "," Rp2,793,000 ",,300 ,300 ,0 ,0 
,19-Feb-26,007/PO/CAC/I/2026,PL0069,PT. CAC PUTRA PERKASA,KRT01001,SIKU KARTON 5 X 5 X 4 X P.100 CM,500 ," Rp5,200 "," Rp2,600,000 ",,,,-500 ,0 
,19-Feb-26,6/SPPI/2026,PL0119,PT SAM SUNG PRINT PACK INDONESIA,KRT05179,"HOBBY LOBBY, HL 2-1 UK 460X270X300 DOUBLE WALL K125/M125X4 SKU 1717305",219 ," Rp11,610 "," Rp2,542,590 ",,,,-219 ,0 
,19-Feb-26,6/SPPI/2026,PL0119,PT SAM SUNG PRINT PACK INDONESIA,KRT05180,"HOBBY LOBBY, HL 2-2 UK 340X290X480 DOUBLE WALL K125/M125X4 SKU 2316784",193 ," Rp13,416 "," Rp2,589,288 ",,,,-193 ,0 
,19-Feb-26,6/SPPI/2026,PL0119,PT SAM SUNG PRINT PACK INDONESIA,KRT05181,"HOBBY LOBBY, HL 2-3 UK 340X290X480 DOUBLE WALL K125/M125X4 SKU 2316800",56 ," Rp14,560 "," Rp815,360 ",,,,-56 ,0 
,19-Feb-26,6/SPPI/2026,PL0119,PT SAM SUNG PRINT PACK INDONESIA,KRT05182,"HOBBY LOBBY, HL 2-4 UK 340X290X440 DOUBLE WALL K125/M125X4 SKU 396978",171 ," Rp13,416 "," Rp2,294,136 ",,,,-171 ,0 
,19-Feb-26,6/SPPI/2026,PL0119,PT SAM SUNG PRINT PACK INDONESIA,KRT05183,"HOBBY LOBBY, HL 2-5 UK 425X385X300 DOUBLE WALL K125/M125X4 SKU 395335",225 ," Rp16,061 "," Rp3,613,725 ",,,,-225 ,0 
,19-Feb-26,6/SPPI/2026,PL0119,PT SAM SUNG PRINT PACK INDONESIA,KRT05184,"HOBBY LOBBY, HL 2-6 UK 425X385X230 DOUBLE WALL K125/M125X4 SKU 17172997",736 ," Rp14,990 "," Rp11,032,640 ",,,,-736 ,0 
,19-Feb-26,6/SPPI/2026,PL0119,PT SAM SUNG PRINT PACK INDONESIA,KRT05185,"HOBBY LOBBY, HL 2-7 UK 270X250X430 DOUBLE WALL K125/M125X4 SKU 265215",298 ," Rp9,752 "," Rp2,906,096 ",,,,-298 ,0 
,19-Feb-26,6/SPPI/2026,PL0119,PT SAM SUNG PRINT PACK INDONESIA,KRT05186,"HOBBY LOBBY, HL 2-8 UK 340X290X480 DOUBLE WALL K125/M125X4 SKU 2316792",370 ," Rp13,416 "," Rp4,963,920 ",,,,-370 ,0 
,19-Feb-26,6/SPPI/2026,PL0119,PT SAM SUNG PRINT PACK INDONESIA,KRT05187,"HOBBY LOBBY, HL 2-9 UK 340X290X440 DOUBLE WALL K125/M125X4 SKU 396069",215 ," Rp13,416 "," Rp2,884,440 ",,,,-215 ,0 
,19-Feb-26,6/SPPI/2026,PL0119,PT SAM SUNG PRINT PACK INDONESIA,KRT05188,"HOBBY LOBBY, HL 2-10 UK 505X270X340 DOUBLE WALL K125/M125X4 SKU 395780",66 ," Rp15,582 "," Rp1,028,412 ",,,,-66 ,0 
,19-Feb-26,6/SPPI/2026,PL0119,PT SAM SUNG PRINT PACK INDONESIA,KRT05189,"HOBBY LOBBY, HL 2-11 UK 460 X270X300 DOUBLE WALL K125/M125X4 SKU 265348","1,536 "," Rp11,610 "," Rp17,832,960 ",,,,"-1,536 ",0 
,19-Feb-26,6/SPPI/2026,PL0119,PT SAM SUNG PRINT PACK INDONESIA,KRT05190,"HOBBY LOBBY, HL 2-12 UK 425 X385X230 DOUBLE WALL K125/M125X4 SKU 561944","1,168 "," Rp14,990 "," Rp17,508,320 ",,,,"-1,168 ",0 
,19-Feb-26,6/SPPI/2026,PL0119,PT SAM SUNG PRINT PACK INDONESIA,KRT05191,"HOBBY LOBBY, HL 2-13 UK 505 X270X340 DOUBLE WALL K125/M125X4 SKU 395582",183 ," Rp14,358 "," Rp2,627,514 ",,,,-183 ,0 
,19-Feb-26,6/SPPI/2026,PL0119,PT SAM SUNG PRINT PACK INDONESIA,KRT05192,"HOBBY LOBBY, HL 2-14 UK 460 X270X300 DOUBLE WALL K125/M125X4 SKU 2445914",167 ," Rp11,610 "," Rp1,938,870 ",,,,-167 ,0 
,19-Feb-26,6/SPPI/2026,PL0119,PT SAM SUNG PRINT PACK INDONESIA,KRT05193,"HOBBY LOBBY, HL 2-15 UK 425 X385X230 DOUBLE WALL K125/M125X4 SKU 2316776",288 ," Rp14,990 "," Rp4,317,120 ",,,,-288 ,0 
,19-Feb-26,6/SPPI/2026,PL0119,PT SAM SUNG PRINT PACK INDONESIA,KRT05194,"HOBBY LOBBY, HL 2-16 UK 460 X275X380 DOUBLE WALL K125/M125X4 SKU 2482834",51 ," Rp14,798 "," Rp754,698 ",,,,-51 ,0 
,19-Feb-26,6/SPPI/2026,PL0119,PT SAM SUNG PRINT PACK INDONESIA,KRT05195,"HOBBY LOBBY, HL 2-17 UK 460 X275X380 DOUBLE WALL K125/M125X4 SKU 2482842",106 ," Rp13,635 "," Rp1,445,310 ",,,,-106 ,0 
,19-Feb-26,6/SPPI/2026,PL0119,PT SAM SUNG PRINT PACK INDONESIA,KRT05196,"HOBBY LOBBY, HL 2-18 UK 385 X220X280 DOUBLE WALL K125/M125X4 SKU 1682335",100 ," Rp9,675 "," Rp967,500 ",,,,-100 ,0 
,19-Feb-26,6/SPPI/2026,PL0119,PT SAM SUNG PRINT PACK INDONESIA,KRT05197,"HOBBY LOBBY, HL 2-19 UK 460 X275X380 DOUBLE WALL K125/M125X4 SKU 2249001",139 ," Rp13,635 "," Rp1,895,265 ",,,,-139 ,0 
,19-Feb-26,6/SPPI/2026,PL0119,PT SAM SUNG PRINT PACK INDONESIA,KRT05198,"HOBBY LOBBY, HL 2-20 UK 580 X350X445 DOUBLE WALL K125/M125X4 SKU 2446433",159 ," Rp22,059 "," Rp3,507,381 ",,,,-159 ,0 
,19-Feb-26,6/SPPI/2026,PL0119,PT SAM SUNG PRINT PACK INDONESIA,KRT05199,"HOBBY LOBBY, HL 2-21 UK 580 X250X445 DOUBLE WALL K125/M125X4 SKU 518787",112 ," Rp17,544 "," Rp1,964,928 ",,,,-112 ,0 
,19-Feb-26,6/SPPI/2026,PL0119,PT SAM SUNG PRINT PACK INDONESIA,KRT051200,"HOBBY LOBBY, HL 2-22 UK 580 X250X445 DOUBLE WALL K125/M125X4 SKU 518845",95 ," Rp14,090 "," Rp1,338,550 ",,,,-95 ,0 
,19-Feb-26,6/SPPI/2026,PL0119,PT SAM SUNG PRINT PACK INDONESIA,KRT051201,"HOBBY LOBBY, HL 2-23 UK 580 X250X445 DOUBLE WALL K125/M125X4 SKU 518837",155 ," Rp17,544 "," Rp2,719,320 ",,,,-155 ,0 
,19-Feb-26,6/SPPI/2026,PL0119,PT SAM SUNG PRINT PACK INDONESIA,KRT051202,"HOBBY LOBBY, HL 2-24 UK 580 X250X445 DOUBLE WALL K125/M125X4 SKU 518795",50 ," Rp19,040 "," Rp952,000 ",,,,-50 ,0 
,19-Feb-26,6/SPPI/2026,PL0119,PT SAM SUNG PRINT PACK INDONESIA,KRT051203,"HOBBY LOBBY, HL 2-25 UK 580 X250X445 DOUBLE WALL K125/M125X4 SKU 1526243",109 ," Rp17,544 "," Rp1,912,296 ",,,,-109 ,0 
,20-Feb-26,PO/IS510/260200875,PL0205,PT. INDOSAFETY SENTOSA INDUSTRY,KRT04973,LAYER 530X355MM,"1,000 "," Rp1,330 "," Rp1,330,000 ",,"1,000 ","1,000 ",0 ,0 
,20-Feb-26,PO/IS510/260200875,PL0205,PT. INDOSAFETY SENTOSA INDUSTRY,KRT04972,BOX POLOS 550X360X160MMEE122,500 ," Rp13,335 "," Rp6,667,500 ",,500 ,500 ,0 ,0 
,20-Feb-26,0633/CR/02/26,PL0039,PT. YASUNAGA INDONESIA,KRT00280,INNER BOX (306X271X110) MM,"5,300 "," Rp6,365 "," Rp33,734,500 ",,,,"-5,300 ",0 
,19-Feb-26,PO2602-064,PL0085,PT. EHWA INDONESIA,KRT01104,4.5INCH OUT BOX (10PK) - DW4724 225X155X115MM (PM2156),800 ," Rp2,221 "," Rp1,776,800 ",,,,-800 ,0 
,19-Feb-26,PO2602-064,PL0085,PT. EHWA INDONESIA,KRT01898,"BULK BOX 10"" (PM2008)",500 ," Rp8,284 "," Rp4,142,000 ",,,,-500 ,0 
,19-Feb-26,PO2602-064,PL0085,PT. EHWA INDONESIA,KRT02087,"BULK BOX 7"" (PM2005)",500 ," Rp6,543 "," Rp3,271,500 ",,,,-500 ,0 
,19-Feb-26,PO2602-064,PL0085,PT. EHWA INDONESIA,KRT02567,OUT BOX BOSCH VA 4-5 INCH IP 5 PCS (PM2093),"1,000 "," Rp3,973 "," Rp3,973,000 ",,,,"-1,000 ",0 
,19-Feb-26,PO2602-064,PL0085,PT. EHWA INDONESIA,KRT02565,OUT BOX BOSCH VA 4-5 INCH MP 20 PCS (PM2094),500 ," Rp2,955 "," Rp1,477,500 ",,,,-500 ,0 
,19-Feb-26,PO2602-064,PL0085,PT. EHWA INDONESIA,KRT01283,"HUSQVARNA 16"" OUTBOX 5PK 530X490X50MM (PM2163)",500 ," Rp13,871 "," Rp6,935,500 ",,,,-500 ,0 
,19-Feb-26,PO2602-064,PL0085,PT. EHWA INDONESIA,KRT02885,"OUT BOX DIABLO 4""-5"" IP 5PK PET 30% (PM2248)","5,000 "," Rp2,264 "," Rp11,320,000 ",,,,"-5,000 ",0 
,19-Feb-26,PO2602-064,PL0085,PT. EHWA INDONESIA,KRT02886,"0UT BOX DIABLO 4""-5"" MP 20PK PET 30% (PM2249)","1,000 "," Rp3,185 "," Rp3,185,000 ",,,,"-1,000 ",0 
,19-Feb-26,PO2602-064,PL0085,PT. EHWA INDONESIA,KRT02889,"OUT BOX DIABLO 7"" IP 3PK PET 30% (PM2252)","5,000 "," Rp3,567 "," Rp17,835,000 ",,,,"-5,000 ",0 
,19-Feb-26,PO2602-064,PL0085,PT. EHWA INDONESIA,KRT02891,"OUT BOX DIABLO 7"" MP 15PK PET 30% SEG-TU (PM2254)",500 ," Rp5,351 "," Rp2,675,500 ",,,,-500 ,0 
,19-Feb-26,PO2602-064,PL0085,PT. EHWA INDONESIA,KRT02731,"PEARL 4.5-5"" (PM2044)",500 ," Rp1,950 "," Rp975,000 ",,,,-500 ,0 
,19-Feb-26,PO2602-064,PL0085,PT. EHWA INDONESIA,KRT01333,OUTBOX BOSCH 4.5 2PACK MP20PCS (PM2196),500 ," Rp5,723 "," Rp2,861,500 ",,,,-500 ,0 
,19-Feb-26,PO2602-064,PL0085,PT. EHWA INDONESIA,KRT02857,OUTBOX BOSCH SLEEVE 4-5 INCH IP (5PCS) (PM2237),"1,000 "," Rp2,058 "," Rp2,058,000 ",,,,"-1,000 ",0 
,19-Feb-26,PO2602-064,PL0085,PT. EHWA INDONESIA,KRT02858,OUTBOX BOSCH SLEEVE 4-5 INCH MP (20PCS) (PM2238),500 ," Rp6,566 "," Rp3,283,000 ",,,,-500 ,0 
,19-Feb-26,PO2602-064,PL0085,PT. EHWA INDONESIA,KRT02859,OUTBOX BOSCH SLEEVE 6-7 INCH IP (5PCS) (PM2239),500 ," Rp2,793 "," Rp1,396,500 ",,,,-500 ,0 
,19-Feb-26,PO2602-064,PL0085,PT. EHWA INDONESIA,KRT02164,"OUTBOX SGA 4,5"" IP 5PK (PM2221)","1,000 ", Rp922 ," Rp922,000 ",,,,"-1,000 ",0 
,19-Feb-26,PO2602-064,PL0085,PT. EHWA INDONESIA,KRT02169,"OUTBOX SGA 14"" IP 3PCS (PM2223)","2,000 "," Rp3,977 "," Rp7,954,000 ",,,,"-2,000 ",0 
,19-Feb-26,PO2602-064,PL0085,PT. EHWA INDONESIA,KRT02170,"OUTBOX SGA 14"" MP 9PCS (PM2220)","1,500 "," Rp9,991 "," Rp14,986,500 ",,,,"-1,500 ",0 
,19-Feb-26,PO2602-064,PL0085,PT. EHWA INDONESIA,KRT03551,"OUTBOX GT 404.5"" SPYDER IP 6 PCS (PM2168)",300 ," Rp2,274 "," Rp682,200 ",,,,-300 ,0 
,19-Feb-26,PO2602-064,PL0085,PT. EHWA INDONESIA,KRT05090,"OUTBOX HUSQVARNA2 14"" MP (10 PCS) UK 435X400X115 (PM2273)",700 ," Rp2,300 "," Rp1,610,000 ",,,,-700 ,0 
,19-Feb-26,PO2602-064,PL0085,PT. EHWA INDONESIA,KRT05091,"OUTBOX HUSQVARNA2 16"" MP (5 PCS) UK 435X400X115 (PM2274)",500 ," Rp13,800 "," Rp6,900,000 ",,,,-500 ,0 
,20-Feb-26,PO2602-064,PL0053,PT. DAE HWA INDONESIA,KRT00066,BOX DECOR (PRINTING) BC/F 617X267X162,100 ," Rp10,980 "," Rp1,098,000 ",,,,-100 ,0 
,20-Feb-26,PO2602-064,PL0053,PT. DAE HWA INDONESIA,KRT00228,CARTON BOX DH 5 POLOS 820X450X680 MM K125/M125/K125 C/F,50 ," Rp22,700 "," Rp1,135,000 ",,,,-50 ,0 
,20-Feb-26,PO2602-064,PL0053,PT. DAE HWA INDONESIA,KRT00193,CARTON BOX DH12 380X290X150 SINGLE,200 ," Rp4,450 "," Rp890,000 ",,,,-200 ,0 
,20-Feb-26,C91280,PL0023,PT. KAWASAKI MOTOR INDONESIA,KRT05209,CARTON BOX CB 23-B (NEW.SYMBOL) PACKING (K3110-0110),50 ," Rp5,700 "," Rp285,000 ",,,,-50 ,0 
,20-Feb-26,C91280,PL0023,PT. KAWASAKI MOTOR INDONESIA,KRT05002,CARTON BOX CB 24-C (NEW COM.SYMBOL) PACKING (K3110-0112),90 ," Rp3,650 "," Rp328,500 ",,,,-90 ,0 
,20-Feb-26,C91280,PL0023,PT. KAWASAKI MOTOR INDONESIA,KRT00174,CARTON BOX CB 24-E (K3110-0012),"1,600 "," Rp3,734 "," Rp5,974,400 ",,,,"-1,600 ",0 
,20-Feb-26,C91280,PL0023,PT. KAWASAKI MOTOR INDONESIA,KRT05132,CARTON BOX CB 31-D (NEW COM.SYMBOL) PACKING (K3110-0113),140 ," Rp11,100 "," Rp1,554,000 ",,,,-140 ,0 
,20-Feb-26,C91280,PL0023,PT. KAWASAKI MOTOR INDONESIA,KRT05005,CARTON BOX CB 32-B (NEW COM.SYMBOL) PACKING (K3110-0109),130 ," Rp7,900 "," Rp1,027,000 ",,,,-130 ,0 
,20-Feb-26,C91280,PL0023,PT. KAWASAKI MOTOR INDONESIA,KRT00179,CARTON BOX CB 34-D (K3110-0009),380 ," Rp6,489 "," Rp2,465,820 ",,,,-380 ,0 
,20-Feb-26,C91280,PL0023,PT. KAWASAKI MOTOR INDONESIA,KRT00433,MASTERBOX M-03 COMMUNICATION SYMBOL (K3110-0059),340 ," Rp69,041 "," Rp23,473,940 ",,,,-340 ,0 
,20-Feb-26,C91280,PL0023,PT. KAWASAKI MOTOR INDONESIA,KRT00434,MASTERBOX M-04 COMMUNICATION SYMBOL (K3110-0060),170 ," Rp54,949 "," Rp9,341,330 ",,,,-170 ,0 
,20-Feb-26,C91280,PL0023,PT. KAWASAKI MOTOR INDONESIA,KRT00392,LAYER UK 1065X530X5 (K3140-0019),800 ," Rp7,255 "," Rp5,804,000 ",,,,-800 ,0 
,20-Feb-26,C91280,PL0023,PT. KAWASAKI MOTOR INDONESIA,KRT00391,LAYER UK 1065X340X5 (K3140-0020),"4,830 "," Rp3,663 "," Rp17,692,290 ",,,,"-4,830 ",0 
,20-Feb-26,C91280,PL0023,PT. KAWASAKI MOTOR INDONESIA,KRT00435,MASTERBOX Z-02 COMMUNICATION SYMBOL (K3110-0062),100 ," Rp83,504 "," Rp8,350,400 ",,,,-100 ,0 
,20-Feb-26,C91280,PL0023,PT. KAWASAKI MOTOR INDONESIA,KRT00436,MASTERBOX Z-03 COMMUNICATION SYMBOL (K3110-0063),300 ," Rp71,478 "," Rp21,443,400 ",,,,-300 ,0 
,20-Feb-26,C91280,PL0023,PT. KAWASAKI MOTOR INDONESIA,KRT02700,LAYER 1060X370X5 (K3140-0047),"4,000 "," Rp3,651 "," Rp14,604,000 ",,,,"-4,000 ",0 
,20-Feb-26,C91280,PL0023,PT. KAWASAKI MOTOR INDONESIA,KRT01002,SIKU CARTON 7X7 CM (K3150-0003),"4,000 ", Rp605 ," Rp2,420,000 ",,,,"-4,000 ",0 
,20-Feb-26,C91280,PL0023,PT. KAWASAKI MOTOR INDONESIA,KRT04174,PARTISI SEAT ASSY FRONT LE500 PACKING (K9970-0009),106 ," Rp76,665 "," Rp8,126,490 ",,,,-106 ,0 
,20-Feb-26,C91280,PL0023,PT. KAWASAKI MOTOR INDONESIA,KRT04175,PARTISI SEAT ASSY REAR LE500 PACKING (K9970-0010),53 ," Rp42,617 "," Rp2,258,701 ",,,,-53 ,0 
,20-Feb-26,C91280,PL0023,PT. KAWASAKI MOTOR INDONESIA,KRT05044,PARTISI CRANKCASE COMP LX232 PACKING (K9970-0011),18 ," Rp55,000 "," Rp990,000 ",,,,-18 ,0 
,20-Feb-26,C91302,PL0023,PT. KAWASAKI MOTOR INDONESIA,KRT05000,CARTON BOX A-87 (NEW COM.SYMBOL) (K3110-0100),"1,235 "," Rp5,500 "," Rp6,792,500 ",,,,"-1,235 ",0 
,20-Feb-26,C91302,PL0023,PT. KAWASAKI MOTOR INDONESIA,KRT05004,CARTON BOX A-30 (NEW COM.SYMBOL) PACKING (K3110-0103),700 ," Rp3,170 "," Rp2,219,000 ",,,,-700 ,0 
,,,,,,,,, Rp-   ,,,,0 ,0 
,,,,,,,"371,894 ",,"3,068,325,361 ","71,265 ","204,652 ","252,813 ","-119,081 ","23,104 "
