Pad Code,Product_id,Date,So No,CUSTOMER,Nama Item,QTY,Harga
PL0132,KRT02691,02-Jan-26,001/F/I/2026,FURINDAH FURNITURE,KARDUS BOX KING KOIL UK 200X11X145 CM K200/M125X3/K200,100 ,105400
PL0114,TRM4149,02-Jan-26,PO0000010973,PT. INDONESIA KOITO,"PARTISI FG D37D HL (PO-26) WARNA ORANGE,STIKER PO-26",255 ,181070
PL0112,KRT02452,03-Jan-26,PO/KBP26-00006,PT. KARYA BUMIMAS PERSADA,BOX WASTAFEL (BBP-BOX-WST),500 ,14090
PL0161,KRT05006,05-Jan-26,A1/STYLEFOX/0A1,PT. ANDARI SAKTI,BOX FOX P15XL14XT8,"4,500 ",950
PL0069,KRT00131,05-Jan-26,001/PO/CAC/1/2026,PT. CAC PUTRA PERKASA,CARTON BOX 387X277X125,"1,500 ",6000
PL0168,KRT05007,05-Jan-26,SPG-PO/001/I-2026,PT. SIGMA PACK GEMILANG,CB. PANORAMIC/WINDSHIELD BYD UK 1550X160X1040 K150XM125X3/K150 CB/F,20 ,59500
PL0168,KRT05008,05-Jan-26,SPG-PO/001/I-2026,PT. SIGMA PACK GEMILANG,CB.RWS BYD UK 1390X240X535  K150XM125X3/K150 CB/F,20 ,43000
PL0168,KRT05009,05-Jan-26,SPG-PO/001/I-2026,PT. SIGMA PACK GEMILANG,CB.FR/RR DOOR BYD UK 1065X160X615  K150XM125X3/K150 CB/F,35 ,29000
PL0168,KRT05010,05-Jan-26,SPG-PO/001/I-2026,PT. SIGMA PACK GEMILANG,CB.FR SUBROOF BYD UK 1310X100X350 K150XM125X3/K150 CB/F,10 ,22000
PL0168,KRT05011,05-Jan-26,SPG-PO/001/I-2026,PT. SIGMA PACK GEMILANG,CB.FV BYD UK 640X100X340 K150XM125X3/K150 CB/F,20 ,11500
PL0168,KRT05012,05-Jan-26,SPG-PO/001/I-2026,PT. SIGMA PACK GEMILANG,CB SW BYD UK 750X100X480 K150XM125X3/K150 CB/F,20 ,15500
PL0168,KRT01104,06-Jan-26,PO2601-010,PT . EHWA INDONESIA,4.5INCH OUT BOX (10PK) - DW4724 225X155X115MM (PM2156),"4,000 ",2221
PL0168,KRT02166,06-Jan-26,PO2601-010,PT . EHWA INDONESIA,"OUTBOX SGA 4,5"" MP 100PCS (PM2218)",500 ,6208
PL0049,KRT00203,06-Jan-26,MRO/29016/PC/2026,PT. PANASONIC MANUFACTURING INDONESIA,CARTON BOX EVAPORATOR REGULER 72X26.5X22.5CM K275/M125/K275 BF 2 LAYER,330 ,14800
PL0087,KRT01135,06-Jan-26,GBU/PO/C/01/2026/00005,PT. GUNA BAKTI UNGGUL,DUS NAMPAN FIONA 56X42.5X47 CM,75 ,18750
PL0087,KRT01329,06-Jan-26,GBU/PO/C/01/2026/00005,PT. GUNA BAKTI UNGGUL,DUS SAPU WINNY 125X30X32.5 CM,100 ,21600
PL0151,KRT03785,06-Jan-26,3700183161,WIRYAMANTA SADINA,PARTY BOX ACTIVITY (1X50 SET),54 ,473000
PL0151,KRT03785,06-Jan-26,3700183162, WIRYAMANTA SADINA,PARTY BOX ACTIVITY (1X50 SET),54 ,473000
PL0069,KRT05017,06-Jan-26,002/PO/CAC/I/2026,PT. CAC PUTRA PERKASA,BOX TUTUP UK 113X110X12.5CM 4 WALL KMK 275 CCBF,100 ,68500
PL0069,KRT02024,06-Jan-26,003/PO/CAC/I/2026,PT. CAC PUTRA PERKASA,CARTON BOX PARTISI 270X2777X145,200 ,5700
PL0069,KRT05018,06-Jan-26,003/PO/CAC/I/2026,PT. CAC PUTRA PERKASA,PARTISI,400 ,2500
PL0069,KRT05019,06-Jan-26,003/PO/CAC/I/2026,PT. CAC PUTRA PERKASA,LAYER,200 ,700
PL0023,KRT01966,06-Jan-26,PA26010087,PT. KAWASAKI MOTOR INDONESIA,CARTON BOX K-79 (BROWN) (K8120-0058),60 ,5800
PL0207,KRT05014,06-Jan-26,WASION2601-PO002,WASION GROUP,BOX UK 160X100X315MM K125/M125/K125 C/FLUTE,"1,000 ",4519
PL0134,KRT03186,07-Jan-26,PO20260100032,PT WANG SARIMULTI UTAMA,LAYER W6 370X220 - LAYER W6,100 ,1000
PL0188,KRT01466,07-Jan-26,001/CSI/PO/I/2026,PT. Cipta Synergi Indonesia,BOX PM 550X360X300MM K125/M125X4 CBF,"2,000 ",9500
PL0113,KRT04061,07-Jan-26,PO20251215000157,PT. EVERPRO INDONESIA TECHNOLOGIES,(994819000010083) PACKAGING BOX/NEUTRAL LOGO PACKAGING/UK 370X370X430 MM,"2,000 ",17500
PL0113,KRT04050,07-Jan-26,PO20251215000157,PT. EVERPRO INDONESIA TECHNOLOGIES,(994819000000192) CARTON 5 LAYERS CORRUGATED PAPER OUTER UK 375X375X375 MM HW EXCLUSIVE,"1,000 ",18600
PL0076,KRT00248,07-Jan-26,PUR-PO-0126/0029,PT. ASAHI INDONESIA,CARTON LAYER 950X770,500 ,5600
PL0101,KRT02150,07-Jan-26,PO/STP/I/2026/006,PT. STAR TEC PACIFIC,SIDE REEL 10 STP,"3,000 ",5900
PL0136,KRT03849,07-Jan-26,PO/2026/A/006/RMIP,PT. TECHNO INDONESIA,LAYER CTN 316X206 MM,300 ,520
PL0136,KRT03850,07-Jan-26,PO/2026/A/006/RMIP,PT. TECHNO INDONESIA,LAYER CTN 350X310 MM,300 ,849
PL0136,KRT02767,07-Jan-26,PO/2026/A/006/RMIP,PT. TECHNO INDONESIA,CARTON BOX 540X490X242 MM,10 ,16500
PL0136,KRT05024,07-Jan-26,PO/2026/A/006/RMIP,PT. TECHNO INDONESIA,CARTON BOX 360X326X212 MM,200 ,10242
PL0136,KRT03725,07-Jan-26,PO/2026/A/006/RMIP,PT. TECHNO INDONESIA,KARTON BOX 326 X 216 X 154 MM,200 ,4105
PL0136,KRT03726,07-Jan-26,PO/2026/A/006/RMIP,PT. TECHNO INDONESIA,PARTISI 316 X 206 X 135 MM,200 ,3857
PL0130,IMP4402,08-Jan-26,001/SP/I/2026,PT. SMART PRODUCTION,PARTISI EVA 460X290X85 (SPONGE BODY CALIPER) WARNA HITAM,100 ,25000
PL0186,KRT05023,08-Jan-26,001/ABM/TLJP/I/26,PT. AGRASINDO BERKAH MANDIRI,LAYER COAK,"2,000 ",1100
PL0168,KRT03574,08-Jan-26,SPG-PO-010/I-2026,PT. SIGMA PACK GEMILANG,"KARTON BOX SUZUKI 14"" UK 395X395X190 K150/M125X3/K150 CB/F","1,000 ",11700
PL0002,KRT03516,08-Jan-26,120126-0010,PT. MAJU TEKNIK UTAMA INDONESIA,KARTON BOX VALVE 50 KG 220X160X145 KMK 125 BF,100 ,2500
PL0049,KRT02336,08-Jan-26,WP2601001,PT. PANASONIC MANUFACTURING INDONESIA,MASTER BOX 23 X 18 X 9 CM,200 ,4161
PL0049,KRT02337,08-Jan-26,WP2601001,PT. PANASONIC MANUFACTURING INDONESIA,MASTER BOX 14 X 14 X 13 CM,300 ,3150
PL0049,KRT02338,08-Jan-26,WP2601001,PT. PANASONIC MANUFACTURING INDONESIA,MASTER BOX 58 X 31 X 25 CM,300 ,13300
PL0049,KRT00449,09-Jan-26,MRO/29057/PC/2026,PT. PANASONIC MANUFACTURING INDONESIA,PACKING MOTOR 04-UK 206X126X256 MM,100 ,1920
PL0053,KRT00195,09-Jan-26,TLJP/26-0001,PT. DAE HWA INDONESIA,CARTON BOX DH15 380X280X270 CBF,600 ,7980
PL0053,KRT00228,09-Jan-26,TLJP/26-0001,PT. DAE HWA INDONESIA,CARTON BOX DH 5 POLOS 820X450X680 MM K125/M125/K125 C/F,40 ,22700
PL0130,TRM4373,09-Jan-26,002/SP/I/2026,PT. SMART PRODUCTION,PARTISI EVA INNER MASTER 01S WARNA BIRU,200 ,50000
PL0087,KRT03423,09-Jan-26,GBU/PO/C/01/2026/00014,PT. GUNA BAKTI UNGGUL,"MASTER BOX CANARY M (UK 56X32,4X40 CM)",50 ,15760
PL0087,KRT03416,09-Jan-26,GBU/PO/C/01/2026/00014,PT. GUNA BAKTI UNGGUL,"MASTER BOX CANARY L (UK 73X40X46,5 CM)",50 ,22200
PL0087,KRT01136,09-Jan-26,GBU/PO/C/01/2026/00017,PT. GUNA BAKTI UNGGUL,"DUS BASKOM SEGI RUBY S 12"" (BB-004) UK. 54.6X50X33 CM",50 ,23000
PL0087,KRT03397,09-Jan-26,GBU/PO/C/01/2026/00017,PT. GUNA BAKTI UNGGUL,"DUS SEALWARE HAVANA M UK 55X37X69,5 CM",100 ,23600
PL0087,KRT03267,09-Jan-26,GBU/PO/C/01/2026/00017,PT. GUNA BAKTI UNGGUL,MASTERBOX SEALWARE SNAPY CONTAINER M (UK 54X27X39 CM),100 ,14190
PL0087,KRT01341,09-Jan-26,GBU/PO/C/01/2026/00017,PT. GUNA BAKTI UNGGUL,MASTER BOX SEALWARE BAHAMA L (UK. 78X55X53 CM),75 ,30250
PL0141,IMP4461,12-Jan-26,NST/PO/TLJP/2026-002,PT. GESIA CIPTA BUANA,IMPRA LAYER UK 620X430X5MM BIRU MARKING : USE FOR INTERNAL SANSYU,525 ,19500
PL0137,KRT05027,12-Jan-26,0001/PJ/CKRG/0126,MR VASHDEV DHALAMAL,BOX POLOS UK 85X85X320 K125/M125/K125,200 ,1654
PL0137,KRT05028,12-Jan-26,0001/PJ/CKRG/0126,MR VASHDEV DHALAMAL,BOX POLOS UK 185X85X320 K125/M125/K125,200 ,2750
PL0137,KRT05029,12-Jan-26,0001/PJ/CKRG/0126,MR VASHDEV DHALAMAL,BOX POLOS UK 260X85X320 K125/M125/K125,200 ,3400
PL0141,KRT04920,12-Jan-26,NST/PO/TLJP/2026-001,PT. GESIA CIPTA BUANA,PAPER REEL 330,"2,000 ",1000
PL0141,KRT05025,12-Jan-26,NST/PO/TLJP/2026-001,PT. GESIA CIPTA BUANA,PAPER REEL 360,"1,000 ",1150
PL0141,KRT04921,12-Jan-26,NST/PO/TLJP/2026-001,PT. GESIA CIPTA BUANA,PAPER REEL 370,"2,000 ",1260
PL0141,KRT04922,12-Jan-26,NST/PO/TLJP/2026-001,PT. GESIA CIPTA BUANA,PAPER REEL 380,"2,000 ",1350
PL0052,KRT01420,12-Jan-26,2620037,PT. ASTEER THAI SUMMIT,CARTON BOX NECK FUEL FILLER QX 810X140X320MM (K150/M125/K150 C/F),100 ,12650
PL0052,KRT03549,12-Jan-26,2620037,PT. ASTEER THAI SUMMIT,CARTON BOX FRONT END QX 1500X630X420 MM K150/M125/K150 C/F,100 ,51458
PL0112,KRT02188,12-Jan-26,PO/KBP26-00040,PT. KARYA BUMIMAS PERSADA,BOX KLOSET JONGKOK ISI 3 ORTA (BBP-BOX-SX),500 ,24960
PL0112,KRT02188,12-Jan-26,PO/KBP26-00043,PT. KARYA BUMIMAS PERSADA,BOX KLOSET JONGKOK ISI 3 ORTA (BBP-BOX-SX),500 ,24960
PL0076,KRT02602,12-Jan-26,PUR-PO/-0126/0064,PT. ASAHI INDONESIA,CARTON BOX 250X210X130,100 ,3385
PL0054,IMP3889,13-Jan-26,DHT-2026.01.395,CV. DAARUL HUDA TEKNIK,PARTISI B74 GBWT 40 HOLES UK 290 x 290 x  70MM,200 ,74000
PL0085,KRT02570,13-Jan-26,PO2601-028,PT. EHWA INDONESIA,"BULK BOX 6"" (PM2004)",500 ,5481
PL0085,KRT02087,13-Jan-26,PO2601-028,PT. EHWA INDONESIA,"BULK BOX 7"" (PM2005)","1,500 ",6543
PL0085,KRT01283,13-Jan-26,PO2601-028,PT. EHWA INDONESIA,"HUSQVARNA 16"" OUTBOX 5PK 530X490X50MM (PM2163)",500 ,13871
PL0085,KRT02883,13-Jan-26,PO2601-028,PT. EHWA INDONESIA,"OUT BOX DIABLO 3"" IP 3 PCS PET 30% (PM2246)","5,000 ",1294
PL0085,KRT02884,13-Jan-26,PO2601-028,PT. EHWA INDONESIA,"OUT BOX DIABLO 3"" MP 15 PCS PET 30% (PM2247)","2,000 ",2279
PL0085,KRT02885,13-Jan-26,PO2601-028,PT. EHWA INDONESIA,"OUT BOX DIABLO 4""-5"" IP 5PK PET 30% (PM2248)","3,000 ",2264
PL0085,KRT02886,13-Jan-26,PO2601-028,PT. EHWA INDONESIA,"0UT BOX DIABLO 4""-5"" MP 20PK PET 30% (PM2249)",500 ,3185
PL0085,KRT02889,13-Jan-26,PO2601-028,PT. EHWA INDONESIA,"OUT BOX DIABLO 7"" IP 3PK PET 30% (PM2252)","1,000 ",3567
PL0085,KRT02169,13-Jan-26,PO2601-028,PT. EHWA INDONESIA,"OUTBOX SGA 14"" IP 3PCS (PM2223)",500 ,3977
PL0085,KRT02167,13-Jan-26,PO2601-028,PT. EHWA INDONESIA,"OUTBOX SGA 7"" IP 5PCS (PM2222)","1,000 ",1649
PL0085,KRT02146,13-Jan-26,PO2601-028,PT. EHWA INDONESIA,"BULK BOX 4,5"" (PM2002)","1,000 ",4375
PL0087,KRT01307,14-Jan-26,GBU/PO/C/01/2026/00025,PT. GUNA BAKTI UNGGUL,"DUS BASKOM SEGI RUBY L 16"" (BB-006) 66X35X45 CM",50 ,20850
PL0087,KRT00259,14-Jan-26,GBU/PO/C/01/2026/00025,PT. GUNA BAKTI UNGGUL,DUS CUTLERY HOLDER CLARA UK 66.5X41X39CM,100 ,22460
PL0087,KRT04023,14-Jan-26,GBU/PO/C/01/2026/00025,PT. GUNA BAKTI UNGGUL,MASTER BOX TEMPAT BUMBU ELENA (UK 77X35.5X46 CM),75 ,2162162
PL0087,KRT00261,14-Jan-26,GBU/PO/C/01/2026/00025,PT. GUNA BAKTI UNGGUL,DUS GELAS KRISTAL DALLAS M (NEW) 48.5X39X36CM,50 ,17000
PL0112,KRT03902,14-Jan-26,PO/KBP/26-00057,PT. KARYA BUMIMAS PERSADA,BOX KLOSET JONGKOK ISI 3 EVOGLO (BBP-BOX-SX EVG),500 ,24960
PL0023,KRT00174,14-Jan-26,C90869,PT. KAWASAKI MOTOR INDONESIA,CARTON BOX CB 24-E (K3110-0012),340 ,3734
PL0023,KRT00175,14-Jan-26,C90869,PT. KAWASAKI MOTOR INDONESIA,CARTON BOX CB 25-D (K3110-0011),100 ,2222
PL0023,KRT00391,14-Jan-26,C90869,PT. KAWASAKI MOTOR INDONESIA,LAYER UK 1065X340X5 (K3140-0020),"2,200 ",3663
PL0023,KRT02700,14-Jan-26,C90869,PT. KAWASAKI MOTOR INDONESIA,LAYER 1060X370X5 (K3140-0047),"2,000 ",3651
PL0023,KRT04027,14-Jan-26,C90869,PT. KAWASAKI MOTOR INDONESIA,BIG CARTON BOX LX230 STD (NEW COM.SYMBOL) (K3120-0033),8 ,53750
PL0011,KRT04217,15-Jan-26,PO0003202601080004,PT. SAKATA NIMOTECH INDONESIA,"CARTON BOX S/B, SZ 480X283X160MM","5,000 ",6700
PL0087,KRT03581,15-Jan-26,GBU/PO/C/01/2026/00039,PT. GUNA BAKTI UNGGUL,DUS LUNCH BOX MILANO UK 75.5X63.5X29 CM,100 ,23460
PL0087,KRT03927,15-Jan-26,GBU/PO/C/01/2026/00039,PT. GUNA BAKTI UNGGUL,DUS SEALWARE ALISYA M 1200ML UK 72X35X50 CM,100 ,23000
PL0087,KRT04917,15-Jan-26,GBU/PO/C/01/2026/00039,PT. GUNA BAKTI UNGGUL,"DUS SEALWARE ALISYA S 950ML UK 53,5X53,5X66 CM",100 ,31990
PL0087,KRT01318,15-Jan-26,GBU/PO/C/01/2026/00039,PT. GUNA BAKTI UNGGUL,DUS SEALWARE BAHAMA S (SW 17S) 78X73.5X48.5 CM,100 ,15766
PL0087,KRT03396,15-Jan-26,GBU/PO/C/01/2026/00039,PT. GUNA BAKTI UNGGUL,MASTER BOX SEALWARE BOWL KALISYA L (UK 54X54X41 CM),100 ,23300
PL0087,KRT02163,15-Jan-26,GBU/PO/C/01/2026/00039,PT. GUNA BAKTI UNGGUL,"MASTER BOX SEALWARE BOWL, KALISYA M (UK. 71,6X36X48 CM)",100 ,23681
PL0087,KRT04914,15-Jan-26,GBU/PO/C/01/2026/00039,PT. GUNA BAKTI UNGGUL,DUS SEALWARE ELIPSE S (SW 075) UK 78X55X47 CM,100 ,28850
PL0087,KRT03418,15-Jan-26,GBU/PO/C/01/2026/00039,PT. GUNA BAKTI UNGGUL,"DUS SEALWARE ELSA S (69,5X69,5X47,5 CM)",100 ,34900
PL0087,KRT01823,15-Jan-26,GBU/PO/C/01/2026/00039,PT. GUNA BAKTI UNGGUL,"DUS SEALWARE ELSA XL (69,5X52X67 CM)",100 ,31626
PL0087,KRT03422,15-Jan-26,GBU/PO/C/01/2026/00039,PT. GUNA BAKTI UNGGUL,"MASTER BOX SEALWARE SWEETY L (UK 69,5X51X57,5 CM)",75 ,27160
PL0087,KRT03417,15-Jan-26,GBU/PO/C/01/2026/00039,PT. GUNA BAKTI UNGGUL,"MASTER BOX SEALWARE SWEETY M (UK 69,5X34,5X83,5 CM)",75 ,26500
PL0134,KRT03489,15-Jan-26,PO20260100092,PT WANG SARIMULTI UTAMA,KARTON BOX W20 690X400X420 - BOX W20,17 ,18200
PL0134,KRT02718,15-Jan-26,PO20260100092,PT WANG SARIMULTI UTAMA,BOX W18 S W 547X269X223 - BOX W18,114 ,5300
PL0134,KRT03184,15-Jan-26,PO20260100092,PT WANG SARIMULTI UTAMA,BOX W1 S W 479X285X217 - BOX W1,112 ,5200
PL0134,KRT03394,15-Jan-26,PO20260100092,PT WANG SARIMULTI UTAMA,BOX CARTON W2 UK. 790X270X145MM - BOX W2,48 ,5300
PL0134,KRT02719,15-Jan-26,PO20260100092,PT WANG SARIMULTI UTAMA,BOX W6 S W 370X220X130 - BOX W6,200 ,4000
PL0134,KRT03188,15-Jan-26,PO20260100092,PT WANG SARIMULTI UTAMA,LAYER W20 650X380MM - LAYER W20,33 ,2400
PL0134,KRT03187,15-Jan-26,PO20260100092,PT WANG SARIMULTI UTAMA,LAYER W18 520X260 MM - LAYER W18,218 ,1400
PL0134,KRT03185,15-Jan-26,PO20260100092,PT WANG SARIMULTI UTAMA,LAYER W1 460X270 - LAYER W1,462 ,1200
PL0134,KRT03186,15-Jan-26,PO20260100092,PT WANG SARIMULTI UTAMA,LAYER W6 370X220 - LAYER W6,400 ,1000
PL0134,KRT03490,15-Jan-26,PO20260100092,PT WANG SARIMULTI UTAMA,PARTISI W20 (9 HOLE) 650X280X400 - PARTISI 20 9 HOLE,3 ,13400
PL0134,KRT03190,15-Jan-26,PO20260100092,PT WANG SARIMULTI UTAMA,PARTISI W18 (8 HOLE) 520X260X225 - PARTISI W18 8 HOLE,205 ,2500
PL0134,KRT03307,15-Jan-26,PO20260100092,PT WANG SARIMULTI UTAMA,PARTISI W18 (3 HOLE) 520X260X225 - PARTISI W18 3 HOLE,33 ,2500
PL0134,KRT03189,15-Jan-26,PO20260100092,PT WANG SARIMULTI UTAMA,(PARTISI W182) PARTISI W18 (2 HOLE) 520X260X225,41 ,3800
PL0134,KRT03191,15-Jan-26,PO20260100092,PT WANG SARIMULTI UTAMA,PARTISI W6 (3 HOLE) 370X220X125 - PARTISI W6 3 HOLE,48 ,2800
PL0134,KRT03492,15-Jan-26,PO20260100092,PT WANG SARIMULTI UTAMA,PARTISI W2 3 HOLE 500X250X125 - PARTISI W2 3 HOLE,48 ,3800
PL0053,KRT00228,15-Jan-26,TLJ/26-0002,PT. DAE HWA INDONESIA,CARTON BOX DH 5 POLOS 820X450X680 MM K125/M125/K125 C/F,200 ,22700
PL0168,KRT03574,17-Jan-26,SGP-PO/024/I-2026,PT. SIGMA PACK GEMILANG,"KARTON BOX SUZUKI 14"" UK 395X395X190 K150/M125X3/K150 CB/F","1,000 ",11700
TR48,KRT01269,19-Jan-26,0261901,CV. FLORA JAYA ABADI,CARTON BOX 378X283X210 MM,500 ,7300
TR7,KRT00051,19-Jan-26,PL2600167,"SANOH INDONESIA, PT",BOX 700 X 360 X 250 SNI07,100 ,16926
TR7,KRT00047,19-Jan-26,PL2600167,"SANOH INDONESIA, PT",BOX 575 X 550 X 340 SNI10,100 ,27342
TR7,KRT00042,19-Jan-26,PL2600167,"SANOH INDONESIA, PT",BOX 500 X 330 X 240 SNI11,200 ,13485
TR7,KRT00360,19-Jan-26,PL2600167,"SANOH INDONESIA, PT",LAYER 2 MM 730 X 250 LAY09,200 ,2046
PL0087,KRT01138,19-Jan-26,GBU/PO/C/01/2026/00041,PT. GUNA BAKTI UNGGUL,DUS SEALWARE BAHAMA M (SW 350) 78X73X45.5 CM,100 ,36500
PL0076,KRT00248,20-Jan-26,PUR-PO/0126/0101,PT. ASAHI INDONESIA,CARTON LAYER 950X770,"1,000 ",5600
PL0085,KRT00273,20-Jan-26,PO2601-062,PT. EHWA INDONESIA,EURO SHIPPING BOX 1180X780X780 (PM9044),100 ,199000
PL0087,KRT01276,20-Jan-26,GBU/PO/C/01/2026/00044,PT. GUNA BAKTI UNGGUL,MASTER BOX MANGKOK 101 (UK. 49X30X40 CM),50 ,14500
PL0087,KRT01304,20-Jan-26,GBU/PO/C/01/2026/00047,PT. GUNA BAKTI UNGGUL,MASTER BOX RANTANG FIESTA S/2 70X62X41.5 CM,50 ,33560
PL0023,KRT05044,20-Jan-26,C90969,PT. KAWASAKI MOTOR INDONESIA,PARTISI CRANKCASE COMP LX232 PACKING (K9970-0011),78 ,55000
PL0054,KRT01197,20-Jan-26,DHT-2026.01.402,CV. DAARUL HUDA TEKNIK,BOX D38L TYPE A 280 X 220 X 85MM,120 ,3700
PL0054,KRT00065,20-Jan-26,DHT-2026.01.402,CV. DAARUL HUDA TEKNIK,BOX D38L TYPE B 542 X 310 X 85MM,240 ,5700
PL0054,KRT00481,20-Jan-26,DHT-2026.01.402,CV. DAARUL HUDA TEKNIK,PARTISI INNER BOX D38L TYPE B,240 ,6200
PL0054,KRT01198,20-Jan-26,DHT-2026.01.402,CV. DAARUL HUDA TEKNIK,PALLET D38L SIZE 1150X960X120MM,6 ,293396
PL0054,KRT01199,20-Jan-26,DHT-2026.01.402,CV. DAARUL HUDA TEKNIK,TOP PALLET 1150X960X100MM,6 ,31160
PL0054,KRT01200,20-Jan-26,DHT-2026.01.402,CV. DAARUL HUDA TEKNIK,BODY/OUTER PALLET 1135X945X650MM,6 ,54527
PL0096,KRT01690,20-Jan-26,PO ASI/26/0082,PT. ASAHI SUKSES INDUSTRI,CARTON BOX 120070005 WEAR PLATE ASSY (RESIN) QTY=2PCS (145X100X100) A1 K150/M125/K150 BF,"1,000 ",1300
PL0096,KRT03527,20-Jan-26,PO ASI/26/0082,PT. ASAHI SUKSES INDUSTRI,CARTON BOX A033070005 GUIDE RUBBER QTY 2PCS UK 180X130X115MM K125/M125/K125 BF,"1,000 ",1600
PL0096,KRT03528,20-Jan-26,PO ASI/26/0082,PT. ASAHI SUKSES INDUSTRI,CARTON BOX A033070018 RUBBER SIDE BEARER QTY 2PCS UK 275X105X75MM K125/M125/K125 BF,"1,000 ",1650
PL0096,KRT01692,20-Jan-26,PO ASI/26/0082,PT. ASAHI SUKSES INDUSTRI,CARTON BOX I20070004 WEAR LINER (CENTER PLATE LINER) QTY 1PCS (250X250X10) A5 K150/M125/K150 BF,"1,000 ",1550
PL0049,KRT05087,20-Jan-26,MRO/29178/PC/2026,PT. PANASONIC MANUFACTURING INDONESIA,LAYER PACKING COMPRESOR UK 26X22CM K125/M125/125 CF,500 ,750
PL0014,KRT00012,20-Jan-26,0109/PB/UTM/0126,PT. TRIDAYA PERSANUSA PRATAMA,ALAS KARTON 110 X 110 CM,250 ,15125
PL0014,KRT00012,20-Jan-26,001/I/26,BHIRA STORE,"BOX QURMA ""AL QASEEM""","5,000 ",5300
PL0014,KRT00012,20-Jan-26,002/I/26,BHIRA STORE,"BOX QURMA ""AL QASEEM""","5,000 ",5300
PL0181,KRT04037,21-Jan-26,664/MIG/PO/I/26,PT. MULTI INSAN GEMILANG,KARDUS BOX UK 1050X1050X750 MM,4 ,100700
PL0181,KRT04038,21-Jan-26,664/MIG/PO/I/26,PT. MULTI INSAN GEMILANG,KARDUS BOX 650X550X600 MM,56 ,35000
PL0130,IMP4402,21-Jan-26,003/SP/I/2026,PT. SMART PRODUCTION,PARTISI EVA T.5 460X290X85 (SPONGE BODY CALIPER) WARNA HITAM,100 ,25000
PL0053,KRT01519,21-Jan-26,TLJ/26-0003,PT. DAE HWA INDONESIA,CARTON BOX DH19 650X380X370 MM K125/M125/K125 CF,20 ,11800
PL0151,KRT03355,21-Jan-26,3700185437, WIRYAMANTA SADINA,PARTY PACK RAMADHAN (1X50 SET),60 ,513432
PL0151,KRT03355,21-Jan-26,3700185438, WIRYAMANTA SADINA,PARTY PACK RAMADHAN (1X50 SET),20 ,513432
PL0151,KRT03356,21-Jan-26,3700185439, WIRYAMANTA SADINA,FLAVOR BOX RAMADHAN (1X50 SET),60 ,382883
PL0151,KRT03356,21-Jan-26,3700185440, WIRYAMANTA SADINA,FLAVOR BOX RAMADHAN (1X50 SET),48 ,382883
PL0151,KRT03356,21-Jan-26,3700185441, WIRYAMANTA SADINA,FLAVOR BOX RAMADHAN (1X50 SET),32 ,382883
PL0137,KRT05027,21-Jan-26,260102934/QUO/TLJP/I/26,MR VASHDEV DHALAMAL,BOX POLOS UK 185X85X320 K125/M125/K125,400 ,2750
PL0119,KRT05047,21-Jan-26,PO 1/SPPI/2026,PT. SAMSUNG PRINT & PACK INDONESIA,"COMM, CPC 1-5 UK 360X310X530 DOUBLE WALL K125/M125X4 GRAND BRASSERIE",250 ,16022
PL0119,KRT05048,21-Jan-26,PO 1/SPPI/2026,PT. SAMSUNG PRINT & PACK INDONESIA,"COMM, CPC 1-1 UK 435X270X630 DOUBLE WALL K125/M125X4 ASORO",200 ,18705
PL0119,KRT05049,21-Jan-26,PO 1/SPPI/2026,PT. SAMSUNG PRINT & PACK INDONESIA,"COMM, CPC 1-2 UK 460X345X360 DOUBLE WALL K125/M125X4 ASORO",67 ,18480
PL0119,KRT05050,21-Jan-26,PO 1/SPPI/2026,PT. SAMSUNG PRINT & PACK INDONESIA,"COMM, CPC 1-3 UK 460X420X350 DOUBLE WALL K125/M125X4 ASORO",67 ,20160
PL0119,KRT05051,21-Jan-26,PO 1/SPPI/2026,PT. SAMSUNG PRINT & PACK INDONESIA,"COMM, CPC 1-27  UK 435X270X720 DOUBLE WALL K125/M125X4 BUDDAKAN",100 ,18705
PL0119,KRT05052,21-Jan-26,PO 1/SPPI/2026,PT. SAMSUNG PRINT & PACK INDONESIA,"COMM, CPC 1-32 UK 435X270X670 DOUBLE WALL K125/M125X4 PASTIS",80 ,20300
PL0119,KRT05053,21-Jan-26,PO 1/SPPI/2026,PT. SAMSUNG PRINT & PACK INDONESIA,"COMM, CPC 1-4 UK 515X190X475 DOUBLE WALL K125/M125X4 PLUM BOTTOM",100 ,13904
PL0136,KRT02768,21-Jan-26,PO/2026/A/015/RMIP,PT. TECHNO INDONESIA,LAYER 530X480MM,150 ,1575
PL0136,KRT02767,21-Jan-26,PO/2026/A/015/RMIP,PT. TECHNO INDONESIA,CARTON BOX 540X490X242 MM,50 ,16500
PL0136,KRT03726,21-Jan-26,PO/2026/A/015/RMIP,PT. TECHNO INDONESIA,PARTISI CTN 316 X 206 X 135 MM,200 ,3857
PL0136,KRT02769,21-Jan-26,PO/2026/A/015/RMIP,PT. TECHNO INDONESIA,PARTISI 530X480x110MM,182 ,3300
PL0136,KRT03730,21-Jan-26,PO/2026/A/015/RMIP,PT. TECHNO INDONESIA,PARTISI CTN 350 X 320 X 145 MM,200 ,7003
PL0134,KRT03489,21-Jan-26,PO20260100147,PT WANG SARIMULTI UTAMA,KARTON BOX W20 690X400X420 - BOX W20,110 ,18200
PL0134,KRT03184,21-Jan-26,PO20260100147,PT WANG SARIMULTI UTAMA,BOX W1 S W 479X285X217 - BOX W1,264 ,5200
PL0134,KRT03188,21-Jan-26,PO20260100147,PT WANG SARIMULTI UTAMA,LAYER W20 650X380MM - LAYER W20,660 ,2400
PL0134,KRT04064,21-Jan-26,PO20260100147,PT WANG SARIMULTI UTAMA,GEN-2025-725816-PARTISI W1 10 HOLE,264 ,2400
PL0069,KRT05086,22-Jan-26,005/PO/CAC/I/2026,PT. CAC PUTRA PERKASA,SIKU KARTON UK 5X5X4XP.78 CM,500 ,5200
PL0023,KRT01966,19-Jan-26,PA26010232,PT. KAWASAKI MOTOR INDONESIA,CARTON BOX K-79 (BROWN) (K8120-0058),25 ,5800
PL0087,KRT01353,23-Jan-26,GBU/PO/C/01/2026/00060,PT. GUNA BAKTI UNGGUL,DUS GELAS REVA 72X40X34 CM,50 ,20540
PL0087,KRT03419,23-Jan-26,GBU/PO/C/01/2026/00060,PT. GUNA BAKTI UNGGUL,"DUS KOTAK SABUN BENING (UK 63X46,5X51 CM)",50 ,19500
PL0049,KRT01097,23-Jan-26,GBU/PO/C/01/2026/00060,PT. GUNA BAKTI UNGGUL,CARTON BOX FAN MOTOR OUTDOOR REGULER K275 M125 K275 BF 2 LAYER DM 13X12X16,200 ,5652
PL0049,KRT01252,23-Jan-26,GBU/PO/C/01/2026/00060,PT. GUNA BAKTI UNGGUL,CARTON BOX FAN MOTOR INDOOR REGULER K275 M125 K275 BF 2 LAYER DM 11X11X15,200 ,2023
PL0049,KRT00185,23-Jan-26,GBU/PO/C/01/2026/00060,PT. GUNA BAKTI UNGGUL,CARTON BOX COMPRESSOR REGULER 24.5X21X36 K275/M125/K275 BF 2 LAYER,100 ,30623
PL0049,KRT00225,23-Jan-26,GBU/PO/C/01/2026/00060,PT. GUNA BAKTI UNGGUL,CARTON BOX PCB REGULER 19X19X7 K275/M125/K275 EF 2 LAYER,400 ,3515
PL0049,KRT05088,23-Jan-26,GBU/PO/C/01/2026/00060,PT. GUNA BAKTI UNGGUL,BOX DIE CUT POLOS UK 200X50X30 MM K150/M125/K150 FLUTE,400 ,1000
PL0049,KRT00247,23-Jan-26,GBU/PO/C/01/2026/00060,PT. GUNA BAKTI UNGGUL,CARTON BOX VANE HORIZONTAL (REG) 85X45X720MM,300 ,3400
PL0049,KRT00059,23-Jan-26,GBU/PO/C/01/2026/00060,PT. GUNA BAKTI UNGGUL,CARTON BOX CB OD REGULER 33X25X12 K275/M125/K275 BF 2 LAYER,100 ,7505
PL0049,KRT00246,23-Jan-26,GBU/PO/C/01/2026/00060,PT. GUNA BAKTI UNGGUL,CARTON BOX VANE HORIZONTAL (BC) 115X50X940MM,100 ,4200
PL0011,KRT04218,23-Jan-26,PO0003202601120008,PT. SAKATA NIMOTECH INDONESIA,CARTON BOX S/B INNER,100 ,5000
PL0011,KRT04219,23-Jan-26,PO0003202601120008,PT. SAKATA NIMOTECH INDONESIA,CARTON LAYER S/B,"4,500 ",700
PL0011,KRT04220,23-Jan-26,PO0003202601120008,PT. SAKATA NIMOTECH INDONESIA,LAYER INNER RH/LH,250 ,1200
PL0011,KRT04032,23-Jan-26,PO0003202601120008,PT. SAKATA NIMOTECH INDONESIA,PARTISI INNER HOLE 10,300 ,1200
PL0011,KRT03719,23-Jan-26,PO0003202601120008,PT. SAKATA NIMOTECH INDONESIA,PARTISI INNER HOLE 15,100 ,1800
PL0011,KRT03720,23-Jan-26,PO0003202601120008,PT. SAKATA NIMOTECH INDONESIA,PARTISI INNER HOLE 25,100 ,2000
PL0011,KRT04030,23-Jan-26,PO0003202601120008,PT. SAKATA NIMOTECH INDONESIA,PARTISI OUTER HOLE 7 CTR,100 ,1200
PL0011,KRT04031,23-Jan-26,PO0003202601120008,PT. SAKATA NIMOTECH INDONESIA,PARTISI OUTER HOLE 10,150 ,2400
PL0011,KRT02422,23-Jan-26,PO0003202601120008,PT. SAKATA NIMOTECH INDONESIA,PARTISI OUTER HOLE 5 CTR LIPAT,300 ,1450
PL0011,KRT02323,23-Jan-26,PO0003202601120008,PT. SAKATA NIMOTECH INDONESIA,PARTISI OUTER HOLE 5 SIDE (DOUBLE WALL),500 ,2300
PL0011,KRT04284,23-Jan-26,PO0003202601120008,PT. SAKATA NIMOTECH INDONESIA,LAYER KARTON PERO,120 ,500
PL0011,KRT04099,23-Jan-26,PO0003202601120008,PT. SAKATA NIMOTECH INDONESIA,PARTISI OC13D 4 HOLE,250 ,1600
PL0011,KRT04100,23-Jan-26,PO0003202601120008,PT. SAKATA NIMOTECH INDONESIA,PARTISI OC13D 7 HOLE,250 ,1900
PL0113,KRT04061,23-Jan-26,PO20260123000050,PT. EVERPRO INDONESIA TECHNOLOGIES,(994819000010083) PACKAGING BOX/NEUTRAL LOGO PACKAGING/UK 370X370X430 MM,"5,000 ",17500
PL0113,KRT04050,23-Jan-26,PO20260123000050,PT. EVERPRO INDONESIA TECHNOLOGIES,(994819000000192) CARTON 5 LAYERS CORRUGATED PAPER OUTER UK 375X375X375 MM HW EXCLUSIVE,"3,000 ",18600
PL0113,KRT03985,23-Jan-26,PO20260123000050,PT. EVERPRO INDONESIA TECHNOLOGIES,(998486000060432) PACKAGING/CARD BOARD/IVORY BOARD/WHITE/27 6MMX200MM/D100012,"12,000 ",900
PL0113,KRT03780,23-Jan-26,PO20260123000050,PT. EVERPRO INDONESIA TECHNOLOGIES,(998486000060400) PACKING/BOX/E-SHAPED INNER CARTON BOX/NO PRINTING /E-SHAPED CORRUGATED PAPER/NATURAL COLOR/280x200x40MM/D500007,"2,300 ",2650
PL0113,KRT03781,23-Jan-26,PO20260123000050,PT. EVERPRO INDONESIA TECHNOLOGIES,(998486000060401) PACKING/BOX/F-SHAPED OUTER CARTON/BLACK PRINTING/DOUBLE-LAYER CORRUGATED PAPER/NATURAL COLOR/440X300X485MM/D500051,130 ,18960
PL0085,KRT05089,22-Jan-26,PO2601-084,PT. EHWA INDONESIA,"OUTBOX HUSQVARNA2 12"" MP (10 PCS) UK 380X350X115 (PM2272)",300 ,9900
PL0085,KRT05090,22-Jan-26,PO2601-084,PT. EHWA INDONESIA,"OUTBOX HUSQVARNA2 14"" MP (10 PCS) UK 435X400X115 (PM2273)",550 ,12300
PL0085,KRT05091,22-Jan-26,PO2601-084,PT. EHWA INDONESIA,"OUTBOX HUSQVARNA2 16"" MP (5 PCS) UK 435X400X115 (PM2274)",500 ,13800
PL0085,KRT01230,22-Jan-26,PO2601-079,PT. EHWA INDONESIA,4.5INCH OUT BOX(30PK)-BSA4790M 315X205X155 (PM2158),"2,000 ",3378
PL0085,KRT02465,22-Jan-26,PO2601-079,PT. EHWA INDONESIA,"BULK BOX 4"" (PM2001)","1,000 ",3870
PL0085,KRT01897,22-Jan-26,PO2601-079,PT. EHWA INDONESIA,"BULK BOX 5"" (PM2003)",500 ,4932
PL0085,KRT02563,22-Jan-26,PO2601-079,PT. EHWA INDONESIA,"BOSCH 4.5""-5"" 20PK OUT BOX FOR INDIVIDUAL BOX (PM2144)",500 ,3798
PL0085,KRT01279,22-Jan-26,PO2601-079,PT. EHWA INDONESIA,OUT BOX BOSCH VA 7INCH IP 5PCS 257X238X47 (PM2095),"2,000 ",3973
PL0085,KRT02565,22-Jan-26,PO2601-079,PT. EHWA INDONESIA,OUT BOX BOSCH VA 4-5 INCH MP 20 PCS (PM2094),500 ,2955
PL0085,KRT02885,22-Jan-26,PO2601-079,PT. EHWA INDONESIA,"OUT BOX DIABLO 4""-5"" IP 5PK PET 30% (PM2248)","1,000 ",2264
PL0085,KRT02886,22-Jan-26,PO2601-079,PT. EHWA INDONESIA,"0UT BOX DIABLO 4""-5"" MP 20PK PET 30% (PM2249)",500 ,3185
PL0085,KRT02889,22-Jan-26,PO2601-079,PT. EHWA INDONESIA,"OUT BOX DIABLO 7"" IP 3PK PET 30% (PM2252)","1,500 ",3567
PL0085,KRT02891,22-Jan-26,PO2601-079,PT. EHWA INDONESIA,"OUT BOX DIABLO 7"" MP 15PK PET 30% SEG-TU (PM2254)",500 ,5351
PL0085,KRT02731,22-Jan-26,PO2601-079,PT. EHWA INDONESIA,"PEARL 4.5-5"" (PM2044)","1,000 ",1950
PL0085,KRT01332,22-Jan-26,PO2601-079,PT. EHWA INDONESIA,OUTBOX BOSCH 4.5 2PACK IP5PCS (PM2195),"6,000 ",2636
PL0085,KRT01333,22-Jan-26,PO2601-079,PT. EHWA INDONESIA,OUTBOX BOSCH 4.5 2PACK MP20PCS (PM2196),"1,500 ",5723
PL0085,KRT02164,22-Jan-26,PO2601-079,PT. EHWA INDONESIA,"OUTBOX SGA 4,5"" IP 5PK (PM2221)",500 ,922
PL0085,KRT02169,22-Jan-26,PO2601-079,PT. EHWA INDONESIA,"OUTBOX SGA 14"" IP 3PCS (PM2223)","1,500 ",3977
PL0085,KRT04978,22-Jan-26,PO2601-079,PT. EHWA INDONESIA,"OUTBOX KOBALT 3"" IP (4PCS) (PM2270)",500 ,950
PL0049,KRT00448,26-Jan-26,MRO/29257/PC/2026,PT. PANASONIC MANUFACTURING INDONESIA,PACKING COVER ASSY UK 530X230X260MM,100 ,5791
PL0181,KRT05094,26-Jan-26,668/MIG/PO/I/26,PT. MULTI INSAN GEMILANG,BOX UK 245X180 CM KMK 200 CBF,50 ,60700
PL0181,KRT05093,26-Jan-26,004/CMG/I/26,MULTIMAYAKA,BOX PACKING HAND OIL PUMP UK 205X185X149 MM K150/M125/K150 C/FLUTE,600 ,6190
PL0188,IMP4462,23-Jan-26,008/CSI/PO/I/2026,PT. Cipta Synergi Indonesia,MODIF BOX A SIZE BEFORE 1400 X 120 X 400 SIZE AFTER 1400 X 120 X 200,30 ,29500
PL0188,IMP4463,23-Jan-26,008/CSI/PO/I/2026,PT. Cipta Synergi Indonesia,MODIF BOX B SIZE BEFORE 1100 X 120 X 400 SIZE AFTER 1100 X 120 X 200,30 ,29500
PL0188,IMP4464,23-Jan-26,008/CSI/PO/I/2026,PT. Cipta Synergi Indonesia,MODIF BOX D SIZE BEFORE 1400 X 400 X 450 SIZE AFTER 700 X 400 X 450,15 ,55700
PL0188,IMP4465,23-Jan-26,008/CSI/PO/I/2026,PT. Cipta Synergi Indonesia,MODIF BOX E SIZE BEFORE 1200 X 400 X 450 SIZE AFTER 1200 X 320 X 450 (DIPOTONG),15 ,38200
PL0087,KRT05104,27-Jan-26,GBU/PO/C/01/2026/00067,PT. GUNA BAKTI UNGGUL,"MASTER BOX SEALWARE SWEETY S (UK 69,5X34,5X76,5 CM)",100 ,31800
PL0087,KRT01276,27-Jan-26,GBU/PO/C/01/2026/00072,PT. GUNA BAKTI UNGGUL,MASTER BOX MANGKOK 101 (UK. 49X30X40 CM),100 ,14500
PL0181,KRT04994,27-Jan-26,280/MIG/PO/X/26,PT. MULTI INSAN GEMILANG,SHEET 245 X 180 CM K200/M125X3/K200 CBF,50 ,60700
TR7,KRT00040,27-Jan-26,PL2600273,"SANOH INDONESIA, PT",BOX 450 X 300 X 240 SNI02,150 ,11439
TR7,KRT00042,27-Jan-26,PL2600273,"SANOH INDONESIA, PT",BOX 500 X 330 X 240 SNI11,150 ,13485
PL0004,KRT05095,22-Jan-26,002-CM-B-0126,PT. FUKOKU TOKAI RUBBER INDONESIA,"CARTON BOX FILE 650X350X350MM K125/M125X3/K125 CBF PRINTING 2 SISI 'ACCOUNTING""",30 ,17850
PL0004,KRT05096,22-Jan-26,002-CM-B-0126,PT. FUKOKU TOKAI RUBBER INDONESIA,"CARTON BOX FILE 650X350X350MM K125/M125X3/K125 CBF PRINTING 2 SISI ""SALES""",50 ,17850
PL0004,KRT02896,23-Jan-26,008-CM-B-0126,PT. FUKOKU TOKAI RUBBER INDONESIA,CARTON BOX (IND) 335X265X100MM,700 ,5800
PL0004,KRT01145,23-Jan-26,008-CM-B-0126,PT. FUKOKU TOKAI RUBBER INDONESIA,LAYER POLOS 290X290MM K150/M125/K150 CF,700 ,480
PL0004,KRT01215,23-Jan-26,008-CM-B-0126,PT. FUKOKU TOKAI RUBBER INDONESIA,LAYER LUBANG 8 290X290MM (K150/M125/K150 CF),700 ,680
PL0004,KRT01147,23-Jan-26,008-CM-B-0126,PT. FUKOKU TOKAI RUBBER INDONESIA,LAYER 150X290MM K150/M125/K150 CF,800 ,340
PL0004,KRT01217,23-Jan-26,008-CM-B-0126,PT. FUKOKU TOKAI RUBBER INDONESIA,LAYER 1050X1050MM (K150/M125X3/K150 CBF),200 ,12300
PL0004,KRT02897,23-Jan-26,008-CM-B-0126,PT. FUKOKU TOKAI RUBBER INDONESIA,CARTON BOX 011 SF 180X275X80MM,200 ,1900
PL0004,KRT01218,23-Jan-26,008-CM-B-0126,PT. FUKOKU TOKAI RUBBER INDONESIA,CARTON BOX HOP TORQUE 305X305X216MM (PRINTING) K150/M125X3/K150 CBF,50 ,7100
PL0004,KRT01219,23-Jan-26,008-CM-B-0126,PT. FUKOKU TOKAI RUBBER INDONESIA,CARTON BOX HOP TORQUE (SMALL) 115X115X115MM (PRINTING) K200/M125/K200 CF,200 ,3600
PL0004,KRT01220,23-Jan-26,008-CM-B-0126,PT. FUKOKU TOKAI RUBBER INDONESIA,CARTON BOX POUNCH STRAPLES (WTB) 135X135X155MM (K150XM125X3/K150 BCF),"2,500 ",2100
PL0004,KRT01221,23-Jan-26,008-CM-B-0126,PT. FUKOKU TOKAI RUBBER INDONESIA,CARTON BOX ISUZU P/N. 8974968572 UK: 375X280X175MM (K150/M125X3/K150 CB/F),600 ,13063
PL0004,KRT01425,23-Jan-26,008-CM-B-0126,PT. FUKOKU TOKAI RUBBER INDONESIA,BOX DPG-MC16-M100 315X315X235MM K150/M125X3/K150 CBF,"1,000 ",7000
PL0004,KRT01301,23-Jan-26,008-CM-B-0126,PT. FUKOKU TOKAI RUBBER INDONESIA,CARTON BOX 1533660451 CARTON BOX : 375X280X175 MM,300 ,9000
PL0004,KRT02898,23-Jan-26,008-CM-B-0126,PT. FUKOKU TOKAI RUBBER INDONESIA,CARTON BOX 1533660412 375X280X175MM,360 ,10000
PL0004,KRT02725,23-Jan-26,008-CM-B-0126,PT. FUKOKU TOKAI RUBBER INDONESIA,CARTON BOX ME017116 355X355X97 MM (TANPA PARTISI),150 ,7300
PL0004,KRT01223,23-Jan-26,008-CM-B-0126,PT. FUKOKU TOKAI RUBBER INDONESIA,PARTISI DC13D (48609-BZ070) 325X245X110MM K150/M125/K150 CF,600 ,3100
PL0004,KRT00,23-Jan-26,008-CM-B-0126,PT. FUKOKU TOKAI RUBBER INDONESIA,CARTON BOX 1361890262 CARTON BOX 375X280X175 MM,50 ,13500
PL0023,KRT04028,23 Jan 2026,C90993,PT. KAWASAKI MOTOR INDONESIA,BIG CARTON BX/BR 125 (NEW COM.SYMBOL) PACKING (K3120-0034),100 ,55000
PL0004,KRT02903,26-Jan-26,012-CM-B-0126,PT. FUKOKU TOKAI RUBBER INDONESIA,"CARTON BOX ""TAM"" UK 150X150X50MM K200.M125/K150 BF",400 ,1500
PL0004,KRT02904,26-Jan-26,012-CM-B-0126,PT. FUKOKU TOKAI RUBBER INDONESIA,"CARTON BOX ""ADM"" UK 150X150X50MM K200.M125/K150 BF","1,500 ",1550
PL0004,KRT02106,26-Jan-26,012-CM-B-0126,PT. FUKOKU TOKAI RUBBER INDONESIA,CARTON BOX TAM IMV 150X150X65 MM (K150/M125/K150/B/F),500 ,1400
PL0004,KRT02895,26-Jan-26,022-CM-B-0126,PT. FUKOKU TOKAI RUBBER INDONESIA,CARTON BOX TRAD 335X335X260MM K150/M125X3/K150 BC/F,100 ,9900
PL0005,KRT04254,21-Jan-26,PO/11/PSR/2026,PT. PRADANI SUMBER REJEKI,OUTER CARTON SIZE 1 METER X 1 METER K150-160 CM X 110 CM,21 ,20480
PL0005,KRT04255,21-Jan-26,PO/11/PSR/2026,PT. PRADANI SUMBER REJEKI,INNER CARTON SIZE 1 METER X 1 METER K125-110 CM X 110 CM,21 ,8500
PL0005,KRT05112,30-Jan-26,PO/18/PSR/2026,PT. PRADANI SUMBER REJEKI,LAYER CARTON UK. 100 CM X 190 CM CRAFT 150,40 ,3200
PL0053,KRT00191,26-Jan-26,TLJ/26-0004,PT. DAE HWA INDONESIA,CARTON BOX DH1 560X380X340 CF,200 ,9400
PL0053,KRT00200,26-Jan-26,TLJ/26-0004,PT. DAE HWA INDONESIA,CARTON BOX DH4 380X280X270 CBF,100 ,5320
PL0053,KRT00201,26-Jan-26,TLJ/26-0004,PT. DAE HWA INDONESIA,CARTON BOX DH9 300X120X100 MM K125/M125/K125 BF,100 ,1380
PL0053,KRT00195,26-Jan-26,TLJ/26-0004,PT. DAE HWA INDONESIA,CARTON BOX DH15 380X280X270 CBF,900 ,7980
PL0053,KRT00197,26-Jan-26,TLJ/26-0004,PT. DAE HWA INDONESIA,CARTON BOX DH18 380X300X80 MM K125/M125X4 CBF,100 ,6160
PL0053,KRT00193,26-Jan-26,TLJ/26-0004,PT. DAE HWA INDONESIA,CARTON BOX DH12 380X290X150 SINGLE,300 ,4450
PL0053,KRT02722,26-Jan-26,TLJ/26-0004,PT. DAE HWA INDONESIA,CARTON BOX DH8 POLOS 727X380X320MM K200/M125/K200 C/F,"1,000 ",12800
PL0053,KRT01266,26-Jan-26,TLJ/26-0005,PT. DAE HWA INDONESIA,PAPER ANGEL 50X50X10X1200,20 ,16000
PL0053,KRT01390,26-Jan-26,TLJ/26-0005,PT. DAE HWA INDONESIA,PAPER ANGEL 50X50X10X1000,50 ,15500
PL0053,KRT02983,26-Jan-26,TLJ/26-0005,PT. DAE HWA INDONESIA,PAPER ANGEL 50X50X10X1020,35 ,15700
TR7,KRT00028,26-Jan-26,PL2600223,"SANOH INDONESIA, PT",BOX 1050 X 260 X 115 SNI03,100 ,15996
TR7,KRT00051,26-Jan-26,PL2600223,"SANOH INDONESIA, PT",BOX 700 X 360 X 250 SNI07,50 ,16926
TR7,KRT00052,26-Jan-26,PL2600223,"SANOH INDONESIA, PT",BOX 735 X 255 X 200 SNI09,50 ,14415
TR7,KRT00042,26-Jan-26,PL2600223,"SANOH INDONESIA, PT",BOX 500 X 330 X 240 SNI11,100 ,13485
TR48,KRT01269,27-Jan-26,262701,CV. FLORA JAYA ABADI,CARTON BOX 378X283X210 MM,"1,000 ",7300
PL0028,KRT00485,28-Jan-26,001/TLJ/DSK/I/26,PT. DAIWA SINERGI KARYATAMA,PARTISI K48 (SET - PANJANG - 3 + PENDEK -6),"2,300 ",4300
PL0028,KRT00484,28-Jan-26,001/TLJ/DSK/I/26,PT. DAIWA SINERGI KARYATAMA,PARTISI K2FA PANJANG : 640 X 95 MM PENDEK : 440 X 95 MM,"3,000 ",6300
PL0028,KRT00483,28-Jan-26,001/TLJ/DSK/I/26,PT. DAIWA SINERGI KARYATAMA,"PARTISI KOWF/LIGHT GUIDE (PANJANG 3, PENDEK 6)","1,500 ",3290
PL0028,KRT04951,28-Jan-26,001/TLJ/DSK/I/26,PT. DAIWA SINERGI KARYATAMA,PARTISI SENSOR K07A,200 ,6300
PL0028,KRT00450,28-Jan-26,001/TLJ/DSK/I/26,PT. DAIWA SINERGI KARYATAMA,PALLET 107 X 107 X 12,100 ,92500
PL0028,KRT00460,28-Jan-26,001/TLJ/DSK/I/26,PT. DAIWA SINERGI KARYATAMA,PALLET KARTON 110 X 110 X 12 CM  K125/M125X4  CB/F,300 ,97500
PL0028,IMP2878,28-Jan-26,001/TLJ/DSK/I/26,PT. DAIWA SINERGI KARYATAMA,IMPRABOARD UK. 1500X2000MM T:3MM WARNA KUNING,10 ,85000
PL0141,KRT04920,28-Jan-26,NST/PO/TLJP/2026-003,PT. GESIA CIPTA BUANA,PAPER REEL 330,"1,500 ",1000
PL0141,KRT05025,28-Jan-26,NST/PO/TLJP/2026-003,PT. GESIA CIPTA BUANA,PAPER REEL 360,500 ,1150
PL0141,KRT04921,28-Jan-26,NST/PO/TLJP/2026-003,PT. GESIA CIPTA BUANA,PAPER REEL 370,"1,000 ",1260
PL0141,KRT04922,28-Jan-26,NST/PO/TLJP/2026-003,PT. GESIA CIPTA BUANA,PAPER REEL 380,"1,350 ",2000
PL0023,KRT05004,19-Jan-26,C90947,PT. KAWASAKI MOTOR INDONESIA,CARTON BOX A-30 (NEW COM.SYMBOL) PACKING (K3110-0103),"1,084 ",3170
PL0023,KRT05000,19-Jan-26,C90947,PT. KAWASAKI MOTOR INDONESIA,CARTON BOX A-87 (NEW COM.SYMBOL) (K3110-0100),245 ,5500
PL0023,KRT04025,27-Jan-26,C91022,PT. KAWASAKI MOTOR INDONESIA,BIG CARTON BOX 421X (NEW COM.SYMBOL) (K3120-0036),402 ,48700
PL0023,KRT04026,27-Jan-26,C91022,PT. KAWASAKI MOTOR INDONESIA,BIG CARTON BOX LX140C (NEW COM.SYMBOL) PACKING (K3120-0032),77 ,46909
PL0023,KRT04027,27-Jan-26,C91022,PT. KAWASAKI MOTOR INDONESIA,BIG CARTON BOX LX230 STD (NEW COM.SYMBOL) (K3120-0033),411 ,53750
PL0023,KRT04028,27-Jan-26,C91022,PT. KAWASAKI MOTOR INDONESIA,BIG CARTON BX/BR 125 (NEW COM.SYMBOL) PACKING (K3120-0034),190 ,55000
TR7,KRT00036,28-Jan-26,PL2600295,"SANOH INDONESIA, PT",BOX 360 X 275 X 80,150 ,5301
TR7,KRT00360,28-Jan-26,PL2600295,"SANOH INDONESIA, PT",LAYER 2 MM 730 X 250 LAY09,100 ,2046
TR7,KRT00996,28-Jan-26,PL2600295,"SANOH INDONESIA, PT",SIDE BOARD PROTECTOR SIKU5,300 ,8277
TR7,KRT00040,28-Jan-26,PL2600295,"SANOH INDONESIA, PT",BOX 450 X 300 X 240 SNI02,200 ,11439
TR7,KRT00051,28-Jan-26,PL2600295,"SANOH INDONESIA, PT",BOX 700 X 360 X 250 SNI07,200 ,16926
TR7,KRT00047,28-Jan-26,PL2600295,"SANOH INDONESIA, PT",BOX 575 X 550 X 340 SNI10,200 ,27342
TR7,KRT00042,28-Jan-26,PL2600295,"SANOH INDONESIA, PT",BOX 500 X 330 X 240 SNI11,300 ,13485
TR7,KRT00030,28-Jan-26,PL2600295,"SANOH INDONESIA, PT",BOX 1350 X 335 X 100 SNI13,100 ,15345
TR7,KRT00044,28-Jan-26,PL2600295,"SANOH INDONESIA, PT",BOX 530 X 460 X 315 SNI14,100 ,18135
TR7,KRT00029,28-Jan-26,PL2600295,"SANOH INDONESIA, PT",BOX 1060 X 460 X 315 SNI16,100 ,28644
TR7,KRT02935,28-Jan-26,PL2600295,"SANOH INDONESIA, PT",KARTON SNI18 (575X275X160),200 ,12560
PL0139,KRT02910,28-Jan-26,PO2-2026/A/032/RMIP,PT. TRI SAUDARA SENTOSA INDUSTRI,LAYER KARTON BOX IA (590X390MM),"1,000 ",900
PL0168,KRT03547,29-Jan-26,SPG-PO/036/I-2026,PT. SIGMA PACK GEMILANG,CB.DPT-IC0G-M034 K200/M125/K200 B/F 570X190X190,"2,000 ",6559
PL0168,KRT03545,29-Jan-26,SPG-PO/036/I-2026,PT. SIGMA PACK GEMILANG,CB.DPT-IC0G-L096 K200/M125/K200 B/F 630X130X130,500 ,4300
PL0071,KRT00319,29-Jan-26,26010059,PT. YAMATOGOMU INDONESIA,KARTON BOX NS-6,"3,000 ",18695
PL0071,KRT00318,29-Jan-26,26010059,PT. YAMATOGOMU INDONESIA,KARTON BOX NS-10,600 ,12389
PL0134,KRT03489,28-Jan-26,PO20260100208,PT WANG SARIMULTI UTAMA,KARTON BOX W20 690X400X420 - BOX W20,32 ,18200
PL0134,KRT02718,28-Jan-26,PO20260100208,PT WANG SARIMULTI UTAMA,BOX W18 S W 547X269X223 - BOX W18,188 ,5300
PL0134,KRT03184,28-Jan-26,PO20260100208,PT WANG SARIMULTI UTAMA,BOX W1 S W 479X285X217 - BOX W1,379 ,5200
PL0134,KRT02719,28-Jan-26,PO20260100208,PT WANG SARIMULTI UTAMA,BOX W6 S W 370X220X130 - BOX W6,187 ,4000
PL0134,KRT03187,28-Jan-26,PO20260100208,PT WANG SARIMULTI UTAMA,LAYER W18 520X260 MM - LAYER W18,350 ,1400
PL0134,KRT03185,28-Jan-26,PO20260100208,PT WANG SARIMULTI UTAMA,LAYER W1 460X270 - LAYER W1,"1,583 ",1200
PL0134,KRT03186,28-Jan-26,PO20260100208,PT WANG SARIMULTI UTAMA,LAYER W6 370X220 - LAYER W6,300 ,1000
PL0134,KRT03190,28-Jan-26,PO20260100208,PT WANG SARIMULTI UTAMA,PARTISI W18 (8 HOLE) 520X260X225 - PARTISI W18 8 HOLE,150 ,2500
PL0134,KRT03307,28-Jan-26,PO20260100208,PT WANG SARIMULTI UTAMA,PARTISI W18 (3 HOLE) 520X260X225 - PARTISI W18 3 HOLE,87 ,2500
PL0134,KRT03191,28-Jan-26,PO20260100208,PT WANG SARIMULTI UTAMA,PARTISI W6 (3 HOLE) 370X220X125 - PARTISI W6 3 HOLE,250 ,2800
PL0039,KRT00446,26-Jan-26,0302/CR/01/26,PT. YASUNAGA INDONESIA,OUTER BOX CONROD ( 995X555X250 ) MM,50 ,31065
PL0039,KRT00280,26-Jan-26,0302/CR/01/26,PT. YASUNAGA INDONESIA,INNER BOX (306X271X110) MM,"1,000 ",6365
PL0039,KRT01603,26-Jan-26,0302/CR/01/26,PT. YASUNAGA INDONESIA,CARTON BOX 1GD (355X268X155)MM,"1,250 ",5200
PL0039,KRT01604,26-Jan-26,0302/CR/01/26,PT. YASUNAGA INDONESIA,SIDE PAD 1GD (440X555) MM,"1,250 ",2100
PL0039,KRT01605,26-Jan-26,0302/CR/01/26,PT. YASUNAGA INDONESIA,CENTER PAD 1GD (BANTALAN) (130X200)MM,"2,500 ",325
PL0039,KRT01606,26-Jan-26,0302/CR/01/26,PT. YASUNAGA INDONESIA,LAYER CARTON 1GD (130X80)MM T.14MM,"2,500 ",325
PL0188,IMP4467,30-Jan-26,011/CSI/PO/I/2026,PT. Cipta Synergi Indonesia,IMPRABOX A T5 BIRU 1400 X 120 X 200 MM,5 ,129000
PL0188,IMP4468,30-Jan-26,011/CSI/PO/I/2026,PT. Cipta Synergi Indonesia,IMPRABOX B T5 BIRU 1100 X 120 X 200 MM,5 ,114200
PL0188,IMP4469,30-Jan-26,011/CSI/PO/I/2026,PT. Cipta Synergi Indonesia,IMPRABOX D T5 BIRU 700 X 400 X 450 MM,5 ,155300
PL0188,IMP4470,30-Jan-26,011/CSI/PO/I/2026,PT. Cipta Synergi Indonesia,IMPRABOX E T5 BIRU UK 1200 X 320 X 450 MM,5 ,166800
PL0188,KRT05109,30-Jan-26,012/CSI/PO/I/2026,PT. Cipta Synergi Indonesia,KARTON BOX POLOS UK 47X15X17 CM KMK 125 CBF,100 ,5500
PL0188,KRT05110,30-Jan-26,012/CSI/PO/I/2026,PT. Cipta Synergi Indonesia,KARTON BOX POLOS UK 50X32X31 CM KMK 125 CBF,100 ,14200
PL0188,KRT05111,30-Jan-26,012/CSI/PO/I/2026,PT. Cipta Synergi Indonesia,KARTON BOX POLOS UK 130X18X18 CM KMK 125 CBF,100 ,4500
PL0023,KRT01966,30-Jan-26,PA26010369,PT. KAWASAKI MOTOR INDONESIA,CARTON BOX K-79 (BROWN) (K8120-0058),20 ,5800
PL0139,KRT02910,30-Jan-26,PO2-2026/A/039/RMIP,PT. TRI SAUDARA SENTOSA INDUSTRI,LAYER KARTON BOX IA (590X390MM),"6,000 ",900
PL0087,KRT01340,31-Jan-26,GBU/PO/C/01/2026/00080,PT. GUNA BAKTI UNGGUL,"MASTER BOX  RAK MULTIGUNA S/3 (UK.60,5X46,4X59,2 CM)",50 ,274125
PL0087,KRT03421,31-Jan-26,GBU/PO/C/01/2026/00080,PT. GUNA BAKTI UNGGUL,"MASTER BOX SAPU ITALY (UK 120X41X27,5 CM)",150 ,18705
PL0087,KRT03397,31-Jan-26,GBU/PO/C/01/2026/00080,PT. GUNA BAKTI UNGGUL,"DUS SEALWARE HAVANA M UK 55X37X69,5 CM",100 ,25370
PL0087,KRT04913,31-Jan-26,GBU/PO/C/01/2026/00080,PT. GUNA BAKTI UNGGUL,"DUS SIKAT MAXI 1015 UK 51,5X44X33 CM",75 ,23650
PL0087,KRT03264,31-Jan-26,GBU/PO/C/01/2026/00080,PT. GUNA BAKTI UNGGUL,MASTERBOX BOTOL REIKA 800 ML (UK 45X30X49 CM),100 ,16340
PL0087,KRT03275,31-Jan-26,GBU/PO/C/01/2026/00080,PT. GUNA BAKTI UNGGUL,"MASTERBOX BOTOL AIR MINUM BRIZZ 600 ML (UK. 30X22,5X39 CM)",100 ,220375
PL0087,KRT03274,31-Jan-26,GBU/PO/C/01/2026/00080,PT. GUNA BAKTI UNGGUL,MASTERBOX BOTOL AIR MINUM BRIZZ 800 ML (UK. 45X45X49 CM),100 ,16340
PL0087,KRT03273,31-Jan-26,GBU/PO/C/01/2026/00080,PT. GUNA BAKTI UNGGUL,"MASTERBOX BOTOL AIR MINUM BRIZZ 1000 ML (UK.48X32X51,6 CM)",100 ,192425
PL0087,KRT01212,31-Jan-26,GBU/PO/C/01/2026/00080,PT. GUNA BAKTI UNGGUL,DUS PENGKI KIRENA NEW 96X55X28CM,100 ,282725
PL0087,KRT01213,31-Jan-26,GBU/PO/C/01/2026/00080,PT. GUNA BAKTI UNGGUL,LAYER PENGKI KIRENA NEW 96X55CM,100 ,3225
PL0087,KRT03419,31-Jan-26,GBU/PO/C/01/2026/00080,PT. GUNA BAKTI UNGGUL,"DUS KOTAK SABUN BENING (UK 63X46,5X51 CM)",50 ,209625
PL0023,KRT01002,30-Jan-26,C91084,PT. KAWASAKI MOTOR INDONESIA,SIKU CARTON 7X7 CM (K3150-0003),"2,000 ",605
PL0023,KRT00436,30-Jan-26,C91084,PT. KAWASAKI MOTOR INDONESIA,MASTERBOX Z-03 COMMUNICATION SYMBOL (K3110-0063),200 ,71478
PL0023,KRT04026,30-Jan-26,C91084,PT. KAWASAKI MOTOR INDONESIA,BIG CARTON BOX LX140C (NEW COM.SYMBOL) PACKING (K3120-0032),80 ,469909
PL0023,KRT04028,30-Jan-26,C91084,PT. KAWASAKI MOTOR INDONESIA,BIG CARTON BX/BR 125 (NEW COM.SYMBOL) PACKING (K3120-0034),80 ,55000
PL0023,KRT05119,30-Jan-26,C91084,PT. KAWASAKI MOTOR INDONESIA,CARTON BOX A-28 (NEW COM.SYMBOL) PACKING (K3110-0101),200 ,4850
