LAPORAN PENJUALAN DETAIL PERIODE JANUARI 2026,,,,,,,,,,,,,,,
Data per 3 february 2026,,,,,,,,,,,,,,,
Nama Cust,Tanggal,No PO,No Inv,No.,Kode Item,Nama Item,Jml,Satuan,Harga, Pot.  ,Total, PPN , Total Akhir ,No FP,Ket
"ARDON INTI PRESISI, PT",1/27/2026 8:49,082/PO/AIP-TLJP/I/25,0355/JL/CKRG/0126,1,TRM0284,FLANGE BOLT M14 X 1.5 X 15,50.00,PCS,"7,225.00",0,"361,250.00"," 39,737.50 "," 400,987.50 ",04002600016564621,PO : 082/PO/AIP-TLJP/I/25          DO : 12342-270126
"ARDON INTI PRESISI, PT",1/27/2026 8:49,082/PO/AIP-TLJP/I/25,0355/JL/CKRG/0126,2,TRM0243,NUT WELDING M.8 X 1.25,"30,000.00",PCS,255.00,0,"7,650,000.00"," 841,500.00 "," 8,491,500.00 ",04002600016564621,PO : 082/PO/AIP-TLJP/I/25          DO : 12342-270126
PT Hanjaya Mandala Sampoerna Tbk,1/7/2026 11:53,5701690021,0225/JL/CKRG/0126,1,TRM2606,CHECKLIST APAR,500.00,PCS,"4,000.00",0,"2,000,000.00"," 220,000.00 "," 2,220,000.00 ",04002600009450233,PO : 5701690021                           DO : 12393-070126
PT Hanjaya Mandala Sampoerna Tbk,1/7/2026 11:53,5701690021,0225/JL/CKRG/0126,2,TRM2595,CHECKLIST TANGGA DORONG,500.00,PCS,"8,500.00",0,"4,250,000.00"," 467,500.00 "," 4,717,500.00 ",04002600009450233,PO : 5701690021                           DO : 12393-070126
PT Hanjaya Mandala Sampoerna Tbk,1/7/2026 11:53,5701690021,0225/JL/CKRG/0126,3,TRM2602,CHECKLIST BODY HARNESS,500.00,PCS,"8,500.00",0,"4,250,000.00"," 467,500.00 "," 4,717,500.00 ",04002600009450233,PO : 5701690021                           DO : 12393-070126
PT Hanjaya Mandala Sampoerna Tbk,1/7/2026 11:53,5701690021,0225/JL/CKRG/0126,4,TRM2596,CHECKLIST FALL ARRESTER,200.00,PCS,"9,500.00",0,"1,900,000.00"," 209,000.00 "," 2,109,000.00 ",04002600009450233,PO : 5701690021                           DO : 12393-070126
PT Hanjaya Mandala Sampoerna Tbk,1/7/2026 11:53,5701690021,0225/JL/CKRG/0126,5,TRM2598,CHECKLIST EYEWASH,200.00,PCS,"9,500.00",0,"1,900,000.00"," 209,000.00 "," 2,109,000.00 ",04002600009450233,PO : 5701690021                           DO : 12393-070126
PT Hanjaya Mandala Sampoerna Tbk,1/7/2026 11:53,5701690021,0225/JL/CKRG/0126,6,TRM2597,CHECKLIST HAND PALLET,200.00,PCS,"10,500.00",0,"2,100,000.00"," 231,000.00 "," 2,331,000.00 ",04002600009450233,PO : 5701690021                           DO : 12393-070126
PT Hanjaya Mandala Sampoerna Tbk,1/7/2026 11:53,5701690028,0226/JL/CKRG/0126,1,TRM4466,CHECKLIST MEWP,50.00,PCS,"9,500.00",0,"475,000.00"," 52,250.00 "," 527,250.00 ",04002600009450244,PO : 5701690028                          DO : 12394-070126
PT Hanjaya Mandala Sampoerna Tbk,1/7/2026 11:53,5701690028,0226/JL/CKRG/0126,2,TRM4467,CHECKLIST EMERGENCY CABINET,50.00,PCS,"19,000.00",0,"950,000.00"," 104,500.00 "," 1,054,500.00 ",04002600009450244,PO : 5701690028                          DO : 12394-070126
PT INTEGRASI MEDIKA PRIMA,1/7/2026 10:22,PO-L-202512000210,0048/JL/CKRG/0126,1,TRM4454,TEMPAT PAPAN NAMA 30 X 7.5CM,14.00,PCS,"145,000.00",0,"2,030,000.00"," 223,300.00 "," 2,253,300.00 ",04002600001556008,PO : PO-L-202512000210              DO : 12278-070125
PT INTEGRASI MEDIKA PRIMA,1/7/2026 10:22,PO-L-202512000210,0048/JL/CKRG/0126,2,TRM4455,PAPAN NAMA 34 X 4.5CM,19.00,PCS,"21,000.00",0,"399,000.00"," 43,890.00 "," 442,890.00 ",04002600001556008,PO : PO-L-202512000210              DO : 12278-070125
PT INTEGRASI MEDIKA PRIMA,1/7/2026 10:22,PO-L-202512000210,0048/JL/CKRG/0126,3,TRM4456,PAPAN NAMA 30 X 7CM,19.00,PCS,"21,000.00",0,"399,000.00"," 43,890.00 "," 442,890.00 ",04002600001556008,PO : PO-L-202512000210              DO : 12278-070125
PT INTEGRASI MEDIKA PRIMA,1/8/2026 9:50,PO-L-202601000027,0068/JL/CKRG/0126,1,TRM3440,PRINT CARTON UK 41 X 60CM,2.00,PCS,"105,000.00",0,"210,000.00"," 23,100.00 "," 233,100.00 ",04002600002187370,PO : PO-L-202601000027              DO : 12280-080126
PT INTEGRASI MEDIKA PRIMA,1/15/2026 10:58,PO-L-20260100071,0180/JL/CKRG/0126,1,TRM2265,"STICKER LASA A4 @170 PCS (2,5 X 1,3CM)",10.00,LBR,"35,000.00",0,"350,000.00"," 38,500.00 "," 388,500.00 ",04012600007151306,PO : PO-L-20260100071                DO : 12314-140126
PT INTEGRASI MEDIKA PRIMA,1/15/2026 10:58,PO-L-20260100071,0180/JL/CKRG/0126,2,TRM3294,STICKER ENCERKAN A4 @170 PCS (1.3 X 2.5 CM),10.00,LBR,"35,000.00",0,"350,000.00"," 38,500.00 "," 388,500.00 ",04012600007151306,PO : PO-L-20260100071                DO : 12314-140126
PT INTEGRASI MEDIKA PRIMA,1/27/2026 9:03,PO-L-202601000142,0354/JL/CKRG/0126,1,TRM3764,LAMPU LED 60X60 29W,4.00,PCS,"514,750.00",0,"2,059,000.00"," 226,490.00 "," 2,285,490.00 ",04002600016564632,PO : PO-L-202601000142             DO : 12344-270126
PT INTEGRASI MEDIKA PRIMA,1/27/2026 9:03,PO-L-202601000142,0354/JL/CKRG/0126,2,TRM3220,LAMPU LED 30X120 29W,4.00,PC,"442,250.00",0,"1,769,000.00"," 194,590.00 "," 1,963,590.00 ",04002600016564632,PO : PO-L-202601000142             DO : 12344-270126
PT. ADVANEX PRECISION INDONESIA,1/13/2026 8:31,POV2512086,0253/JL/CKRG/0126,1,TRM3888,KERTAS HVS ROLL 60GSM LEBAR 2CM,20.00,PCS,"69,750.00",0,"1,395,000.00"," 153,450.00 "," 1,548,450.00 ",04002600011033911,PO : POV2512086                          1. 12309-140126                           2. 12279-070126                     
PT. ADVANEX PRECISION INDONESIA,1/14/2026 9:46,POV2601044,0254/JL/CKRG/0126,1,TRM4472,TEKIRO HEX KEY ELECTRO SET (KUNCI L ELEKTRONIK) HK-EL1198 0.71-3MM 1 SET (7PCS),3.00,PCS,"33,750.00",0,"101,250.00"," 11,137.50 "," 112,387.50 ",,PO : POV2601044                          DO : 12136-140126
PT. ADVANEX PRECISION INDONESIA,1/14/2026 9:46,POV2601044,0254/JL/CKRG/0126,2,TRM4473,HONEYWELL KACAMATA SAFETY KINGS KY8811A ANTI-SCRATCH - ANTI SINAR UV,20.00,PCS,"62,843.00",0,"1,256,860.00"," 138,254.60 "," 1,395,114.60 ",,PO : POV2601044                          DO : 12136-140126
PT. ADVANEX PRECISION INDONESIA,1/21/2026 11:07,POV2601058,0356/JL/CKRG/0126,1,TRM4476,BATERAI CR2477N ORIGINAL RENATA BATTERY LITHIUM 3V,5.00,PCS,"114,750.00",0,"573,750.00"," 63,112.50 "," 636,862.50 ",04002600017310636,PO : POV2601058                          DO : 12330-210126
PT. ADVANEX PRECISION INDONESIA,1/21/2026 11:07,POV2601058,0356/JL/CKRG/0126,2,TRM4477,RELAY MY4N-GS-R AC220/240 BY OMZ OMRON,10.00,PCS,"61,425.00",0,"614,250.00"," 67,567.50 "," 681,817.50 ",04002600017310636,PO : POV2601058                          DO : 12330-210126
PT. ADVANEX PRECISION INDONESIA,1/21/2026 11:07,POV2601058,0356/JL/CKRG/0126,3,TRM4478,WIPRO ADAPTOR FOR IMPACT WRENCH AND RATCHET WRENCHES AW-1214,2.00,PCS,"17,010.00",0,"34,020.00"," 3,742.20 "," 37,762.20 ",04002600017310636,PO : POV2601058                          DO : 12330-210126
PT. ASAHI SUKSES INDUSTRI,1/13/2026 15:15,PO ASI/26/0035,0266/JL/CKRG/0126,1,TRM4471,STRAPING BAND EYZER 19MM ROLL,1.00,ROL,"1,500,000.00",0,"1,500,000.00"," 165,000.00 "," 1,665,000.00 ",04002600012263180,PO : PO ASI/26/0035                     DO : 12312-140126
PT. Essilorluxottica Professional Solutions Indonesia,1/20/2026 9:23,PO-000010277,0381/JL/CKRG/0126,1,TRM1375,LAKBAN COKLAT BESAR,288.00,PCS,"6,750.00",0,"1,944,000.00"," 213,840.00 "," 2,157,840.00 ",04002600019083964,PO : PO-000010277                       DO : 12326-200126
PT. Essilorluxottica Professional Solutions Indonesia,1/23/2026 9:29,PO-000010847,0384/JL/CKRG/0126,1,TRM1555,HVS PAPER A4 PINK 70GR,15.00,RIM,"73,190.00",0,"1,097,850.00"," 120,763.50 "," 1,218,613.50 ",04002600019083990,PO : PO-000010847                       DO : 12334-230126
PT. HANYA KARYA BAHANA,1/8/2026 8:12,HKB/PO/12/025/3375,0188/JL/CKRG/0126,1,TRM0382,PLASTIK WAYANG UK 15X20,10.00,KG,"53,000.00",0,"530,000.00"," 58,300.00 "," 588,300.00 ",04002600006961367,PO : HKB/PO/12/025/3375            DO : 12295-080126        
PT. HANYA KARYA BAHANA,1/8/2026 8:12,HKB/PO/12/025/3375,0188/JL/CKRG/0126,2,TRM0532,KERTAS VCI 30 x 33,500.00,PCS,"1,765.00",0,"882,500.00"," 97,075.00 "," 979,575.00 ",04002600006961367,PO : HKB/PO/12/025/3375            DO : 12295-080126        
PT. HANYA KARYA BAHANA,1/8/2026 8:12,HKB/PO/12/025/3375,0188/JL/CKRG/0126,3,TRM1216,NABAKEM,2.00,PAIL,"133,650.00",0,"267,300.00"," 29,403.00 "," 296,703.00 ",04002600006961367,PO : HKB/PO/12/025/3375            DO : 12295-080126        
PT. HANYA KARYA BAHANA,1/8/2026 8:12,HKB/PO/12/025/3375,0188/JL/CKRG/0126,4,TRM0214,OIL SINGER 1 LITER,2.00,LTR,"41,100.00",0,"82,200.00"," 9,042.00 "," 91,242.00 ",04002600006961367,PO : HKB/PO/12/025/3375            DO : 12295-080126        
PT. INDOSAFETY SENTOSA INDUSTRY,1/6/2026 8:42,001/TO/PURCH/XI/25,0150/JL/CKRG/0126,1,TRM4452,"LAKBAN OKAMOTO 2""X50M",10.00,ROL,"38,410.00",0,"384,100.00"," 42,251.00 "," 426,351.00 ",04002600006961378,PO : 001/TO/PURCH/XI/25            DO : 12274-060125
PT. INDOSAFETY SENTOSA INDUSTRY,1/6/2026 8:42,001/TO/PURCH/XI/25,0150/JL/CKRG/0126,2,TRM4447,EKA TAPE 45MM X 85 Y,10.00,ROL,"10,896.00",0,"108,960.00"," 11,985.60 "," 120,945.60 ",04002600006961378,PO : 001/TO/PURCH/XI/25            DO : 12274-060125
PT. INDOSAFETY SENTOSA INDUSTRY,1/29/2026 14:25,PO/IS510/260101077,0397/JL/CKRG/0126,1,TRM4452,"LAKBAN OKAMOTO 2""X50M",122.00,ROL,"38,410.00",0,"4,686,020.00"," 515,462.20 "," 5,201,482.20 ",,PO : PO/IS510/260101077            DO : 12353-290126
PT. INDOSAFETY SENTOSA INDUSTRY,1/29/2026 14:25,PO/IS510/260101077,0397/JL/CKRG/0126,2,TRM4458,EKATAPE 45MM X 85Y COKLAT,40.00,ROL,"10,896.00",0,"435,840.00"," 47,942.40 "," 483,782.40 ",,PO : PO/IS510/260101077            DO : 12353-290126
PT. JAYA REFRIGERATION EQUIPMENT,1/9/2026 16:37,JRE-KARAWANG-GA/137/01/2026,0195/JL/CKRG/0126,1,TRM4453,APAR TEMATIK,17.00,PCS,"823,500.00",0,"13,999,500.00"," 1,539,945.00 "," 15,539,445.00 ",04002600008623081,PO : JRE-KARAWANG-GA/137/01/2026                            DO : 12293-090126
PT. KAWASAKI MOTOR INDONESIA,1/10/2026 9:19,C90738,0232/JL/CKRG/0126,1,TRM0487,BOLT FLANGE 8X20 MC3 G7 (K1410-0025),"126,000.00",PCS,760.00,0,"95,760,000.00"," 10,533,600.00 "," 106,293,600.00 ",04002600009971271,PO : C90738                                  DO : 12297-100126
PT. KAWATA INDONESIA,1/6/2026 9:05,KIPO25090293,0028/JL/CKRG/0126,1,TRM0231,TERMINAL BLOCK UPUN UTD 10 (RD201),"1,000.00",PCS,"3,564.00",0,"3,564,000.00"," 392,040.00 "," 3,956,040.00 ",04002600000970210,PO : KIPO25090293                       DO : 12272-060125
PT. KAWATA INDONESIA,1/6/2026 9:26,KIPO25110014,0030/JL/CKRG/0126,1,TRM3446,FLOW METER WIEBROCK FOR AIR  20°C 1 ATM NI/MIN (OP-DF15),2.00,PCS,"625,000.00",0,"1,250,000.00"," 137,500.00 "," 1,387,500.00 ",04002600000970196,PO : KIPO25110014                       DO : 12270-060125
PT. KAWATA INDONESIA,1/6/2026 9:27,KIPO25120172,0032/JL/CKRG/0126,1,TRM1929,"TOWER LIGHT LED (Q-LIGHT) ST45LF-BZ 3-3 220-AC220V RAG (RED, AMBER, GREEN) BRACKET TYPE SZ18 C/W BUZZER (FLASHING) FOR DRYER TYPE (RG087)",2.00,PCS,"1,048,000.00",0,"2,096,000.00"," 230,560.00 "," 2,326,560.00 ",04002600000970202,PO : KIPO25120172                       DO : 12266-060125
PT. KAWATA INDONESIA,1/6/2026 9:29,KIPO25120191,0034/JL/CKRG/0126,1,TRM0671,FLAT WASHER / RING PLATE (SS400) Ø8 LEBAR (GALVANIZED) (NB419),"1,000.00",PCS,346.00,0,"346,000.00"," 38,060.00 "," 384,060.00 ",04002600000970214,PO : KIPO25120191                       DO : 12265-060125
PT. KAWATA INDONESIA,1/6/2026 9:29,KIPO25120191,0034/JL/CKRG/0126,2,TRM0298,BOLT (BAUT HEXAGONAL) M8XP1.25XL25MM (GALVANIZED) (HA059),500.00,PCS,500.00,0,"250,000.00"," 27,500.00 "," 277,500.00 ",04002600000970214,PO : KIPO25120191                       DO : 12265-060125
PT. KAWATA INDONESIA,1/6/2026 9:29,KIPO25120191,0034/JL/CKRG/0126,3,TRM2158,CLAMP HOSE BAND (SILVER) Ø42 -  Ø48 (DOUBLE WIRE CLAMP) FOR PVC HOSE Ø38 /SILICONE HOSE  Ø43 (SUNTRAC) (NB060-1),500.00,PCS,"6,500.00",0,"3,250,000.00"," 357,500.00 "," 3,607,500.00 ",04002600000970214,PO : KIPO25120191                       DO : 12265-060125
PT. KAWATA INDONESIA,1/6/2026 9:32,KIPO25110221,0033/JL/CKRG/0126,1,TRM0061,"REVOLVING WARNING LIGHT (RED) DV LTD-1101J MULTI VOLT 220VAC, 24VDC, 12VDC C/W BUZZER (RG141)",100.00,PCS,"91,500.00",0,"9,150,000.00"," 1,006,500.00 "," 10,156,500.00 ",04012600000970208,PO : KIPO25110221                       DO : 12269-060125
PT. KAWATA INDONESIA,1/6/2026 9:32,KIPO25110221,0033/JL/CKRG/0126,2,TRM0045,MAGNETIC (SENSOR) LEAD SWITCH SENSOR SNS CSI-U DC 12-24V 2 WIRE (DL030),100.00,PCS,"83,160.00",0,"8,316,000.00"," 914,760.00 "," 9,230,760.00 ",04012600000970208,PO : KIPO25110221                       DO : 12269-060125
PT. KAWATA INDONESIA,1/6/2026 9:32,KIPO25110221,0033/JL/CKRG/0126,3,TRM0232,TERMINAL BLOCK UPUN UTD 15 (RD207),300.00,PCS,"5,000.00",0,"1,500,000.00"," 165,000.00 "," 1,665,000.00 ",04012600000970208,PO : KIPO25110221                       DO : 12269-060125
PT. KAWATA INDONESIA,1/6/2026 9:32,KIPO25110221,0033/JL/CKRG/0126,4,TRM0231,TERMINAL BLOCK UPUN UTD 10 (RD201),"2,396.00",PCS,"3,564.00",0,"8,539,344.00"," 939,327.84 "," 9,478,671.84 ",04012600000970208,PO : KIPO25110221                       DO : 12269-060125
PT. KAWATA INDONESIA,1/6/2026 9:32,KIPO25120095,0031/JL/CKRG/0126,1,TRM0237,"TOWER LIGHT LED (Q-LIGHT) QTG50 LF-BZ 2-2 220-AC220V RA (RED, AMBER) BRACKET TYPE QZ18 C/W BUZZER (RG084)",1.00,PCS,"1,583,175.00",0,"1,583,175.00"," 174,149.25 "," 1,757,324.25 ",04002600000970206,PO : KIPO25120095                      DO : 12268-060125
PT. KAWATA INDONESIA,1/6/2026 9:38,KIPO25100071,0035/JL/CKRG/0126,1,TRM0057,PLYWOOD (KAYU TRIPLEK) L=240 W=120 T=9MM (NB019),323.00,LBR,"113,850.00"," 1,362,891.00 ","36,773,550.00"," 4,045,090.50 "," 40,818,640.50 ",04012600000970211,PO : KIPO25100071                      DO : 12271-060125
PT. KAWATA INDONESIA,1/6/2026 9:38,KIPO25100071,0035/JL/CKRG/0126,2,TRM0340,WAINSCOT (KAYU LIST) L=250 W=7 T=2 (NB018),836.00,BTG,"12,500.00",,"10,450,000.00"," 1,149,500.00 "," 11,599,500.00 ",04012600000970211,PO : KIPO25100071                      DO : 12271-060125
PT. KAWATA INDONESIA,1/6/2026 9:38,KIPO25100071,0035/JL/CKRG/0126,3,TRM0004,BEAMWOOD (KAYU BALOK) L=150 W=8 T=5 (NB017),960.00,BTG,"12,500.00",,"12,000,000.00"," 1,320,000.00 "," 13,320,000.00 ",04012600000970211,PO : KIPO25100071                      DO : 12271-060125
PT. KAWATA INDONESIA,1/6/2026 9:38,KIPO25100071,0035/JL/CKRG/0126,4,TRM0005,BEAMWOOD (KAYU BALOK) L=200 X W=8 X T=5 (NB1343),154.00,BTG,"24,000.00",,"3,696,000.00"," 406,560.00 "," 4,102,560.00 ",04012600000970211,PO : KIPO25100071                      DO : 12271-060125
PT. KAWATA INDONESIA,1/6/2026 9:56,KIPO25120147,0036/JL/CKRG/0126,1,TRM0667,PNEUMATIC VIBRATORS VIBTEC GT-10 (NB050),2.00,PCS,"908,200.00",0,"1,816,400.00"," 199,804.00 "," 2,016,204.00 ",04002600000970201,PO : KIPO25120147                      DO : 12267-060125
PT. KAWATA INDONESIA,1/6/2026 9:56,KIPO25120147,0036/JL/CKRG/0126,2,TRM0667,PNEUMATIC VIBRATORS VIBTEC GT-10 (NB050),2.00,PCS,"908,200.00",0,"1,816,400.00"," 199,804.00 "," 2,016,204.00 ",04002600000970201,PO : KIPO25120147                      DO : 12267-060125
PT. KAWATA INDONESIA,1/6/2026 9:57,KIPO25120209,0037/JL/CKRG/0126,1,TRM0065,RTV MULTI PERPOSE SEALENT DOW CORNING 732 CLEAR 300ML (ANB026),12.00,TUBE,"150,000.00",0,"1,800,000.00"," 198,000.00 "," 1,998,000.00 ",04002600000970205,PO : KIPO25120209                      DO : 12264-060125
PT. KAWATA INDONESIA,1/7/2026 9:36,KIPO26010013,0044/JL/CKRG/0126,1,TRM0012,CABLE NYAF Ø0.50MM2 (BLUE) [100MTR/ROLL] (CC481),"1,000.00",MTR,"1,465.00",0,"1,465,000.00"," 161,150.00 "," 1,626,150.00 ",04002600001555965,PO : KIPO26010013                       DO : 12276-070125
PT. KAWATA INDONESIA,1/7/2026 9:36,KIPO26010013,0044/JL/CKRG/0126,2,TRM0134,CABLE NYAF Ø1.50MM2 (WHITE) [100MTR/ROLL] (CC474-1),500.00,MTR,"3,146.00",0,"1,573,000.00"," 173,030.00 "," 1,746,030.00 ",04002600001555965,PO : KIPO26010013                       DO : 12276-070125
PT. KAWATA INDONESIA,1/7/2026 9:38,KIPO26010043,0046/JL/CKRG/0126,1,TRM0019,"CASTER WHEEL NYLON (KASTOR RODA) 4"" C/W BRAKE (ODØ 101.6MM) SWIPEL FLANGE (SLOT 70MMX85MM Ø12) (CD038)",100.00,PCS,"131,532.00",0,"13,153,200.00"," 1,446,852.00 "," 14,600,052.00 ",04002600001555964,PO : KIPO26010043                       DO : 12277-070125
PT. KAWATA INDONESIA,1/7/2026 9:38,KIPO26010043,0046/JL/CKRG/0126,2,TRM0020,"CASTER WHEEL NYLON (KASTOR RODA) 4"" W/O BRAKE (ODØ 101.6MM) SWIPEL FLANGE (SLOT 70MMX85MM Ø12) (CD037)",100.00,PCS,"98,746.00",0,"9,874,600.00"," 1,086,206.00 "," 10,960,806.00 ",04002600001555964,PO : KIPO26010043                       DO : 12277-070125
PT. KAWATA INDONESIA,1/7/2026 10:26,KIPO26010022,0047/JL/CKRG/0126,1,TRM0036,INK RIBBON (BLACK) LETATWIN LM-1R300B (5PCS/BOX) FOR LETATWIN LM-370A (NB304-1),50.00,PCS,"113,850.00",0,"5,692,500.00"," 626,175.00 "," 6,318,675.00 ",04012600001555976,PO : KIPO26010022                       DO : 12275-070125
PT. KAWATA INDONESIA,1/7/2026 10:26,KIPO26010022,0047/JL/CKRG/0126,2,TRM0235,TERMINAL LUG RING R1.25-4 (SPECIAL) (NB982),"2,000.00",PCS,506.00,0,"1,012,000.00"," 111,320.00 "," 1,123,320.00 ",04012600001555976,PO : KIPO26010022                       DO : 12275-070125
PT. KAWATA INDONESIA,1/7/2026 10:26,KIPO26010022,0047/JL/CKRG/0126,3,TRM0070,SOCKET CONNECTOR 2 PIN MALE (NB470),200.00,PCS,"2,250.00",0,"450,000.00"," 49,500.00 "," 499,500.00 ",04012600001555976,PO : KIPO26010022                       DO : 12275-070125
PT. KAWATA INDONESIA,1/7/2026 10:26,KIPO26010022,0047/JL/CKRG/0126,4,TRM0069,SOCKET CONNECTOR 2 PIN FEMALE (NB471),200.00,PCS,"2,250.00",0,"450,000.00"," 49,500.00 "," 499,500.00 ",04012600001555976,PO : KIPO26010022                       DO : 12275-070125
PT. KAWATA INDONESIA,1/7/2026 10:26,KIPO26010022,0047/JL/CKRG/0126,5,TRM0046,MARKER TUBE MOTP WHITE 3.2 (200MTR/ROL) (CC104-1),400.00,MTR,"1,804.00",0,"721,600.00"," 79,376.00 "," 800,976.00 ",04012600001555976,PO : KIPO26010022                       DO : 12275-070125
PT. KAWATA INDONESIA,1/7/2026 10:26,KIPO26010022,0047/JL/CKRG/0126,6,TRM2344,NYLON CABLE GLAND PG-13.5 (BLACK) FOR (Ø20.4 HOLE) (NB479-1),100.00,PCS,"2,800.00",0,"280,000.00"," 30,800.00 "," 310,800.00 ",04012600001555976,PO : KIPO26010022                       DO : 12275-070125
PT. KAWATA INDONESIA,1/7/2026 10:26,KIPO26010022,0047/JL/CKRG/0126,7,TRM0033,FIBERGLASS SLEEVING Ø10MM (WHITE) (NB136-1),200.00,MTR,"9,800.00",0,"1,960,000.00"," 215,600.00 "," 2,175,600.00 ",04012600001555976,PO : KIPO26010022                       DO : 12275-070125
PT. KAWATA INDONESIA,1/7/2026 10:26,KIPO26010022,0047/JL/CKRG/0126,8,TRM0034,FIBERGLASS SLEEVING  Ø15MM (WHITE) (NB619),200.00,MTR,"16,900.00",0,"3,380,000.00"," 371,800.00 "," 3,751,800.00 ",04012600001555976,PO : KIPO26010022                       DO : 12275-070125
PT. KAWATA INDONESIA,1/7/2026 10:26,KIPO26010022,0047/JL/CKRG/0126,9,TRM0152,CABLE NYAF Ø2.50 MM2 (WHITE) (100MTR/ROLL) (CC476-1),100.00,MTR,"5,840.00",0,"584,000.00"," 64,240.00 "," 648,240.00 ",04012600001555976,PO : KIPO26010022                       DO : 12275-070125
PT. KAWATA INDONESIA,1/7/2026 10:26,KIPO26010022,0047/JL/CKRG/0126,10,TRM0131,CABLE NYAF Ø0.50MM2 (YELLOW) [100MTR/ROLL] (CC491-1),500.00,MTR,"1,465.00",0,"732,500.00"," 80,575.00 "," 813,075.00 ",04012600001555976,PO : KIPO26010022                       DO : 12275-070125
PT. KAWATA INDONESIA,1/8/2026 9:33,KIPO25120231,0064/JL/CKRG/0126,1,TRM0672,BOLT (BAUT JT) M4XP0.7XL12MM (SUS304) (NB180),4.00,PCS,663.00,0,"2,652.00", 291.72 ," 2,943.72 ",04002600002187403,PO : KIPO25120231                       DO : 12281-080126
PT. KAWATA INDONESIA,1/8/2026 9:33,KIPO25120231,0064/JL/CKRG/0126,2,TRM0114,BOLT (BAUT L) M6XP1.0XL20MM (SUS304) (NB204),6.00,PCS,"1,732.00",0,"10,392.00"," 1,143.12 "," 11,535.12 ",04002600002187403,PO : KIPO25120231                       DO : 12281-080126
PT. KAWATA INDONESIA,1/8/2026 9:33,KIPO25120231,0064/JL/CKRG/0126,3,TRM4307,SPACER NUT M6X18MM (GALVANIZED) FOR XF-400RA (CN050),4.00,PCS,850.00,0,"3,400.00", 374.00 ," 3,774.00 ",04002600002187403,PO : KIPO25120231                       DO : 12281-080126
PT. KAWATA INDONESIA,1/8/2026 9:33,KIPO25120231,0064/JL/CKRG/0126,4,TRM0672,BOLT (BAUT JT) M4XP0.7XL12MM (SUS304) (NB180),20.00,PCS,663.00,0,"13,260.00"," 1,458.60 "," 14,718.60 ",04002600002187403,PO : KIPO25120231                       DO : 12281-080126
PT. KAWATA INDONESIA,1/8/2026 9:33,KIPO25120231,0064/JL/CKRG/0126,5,TRM3917,BOLT (BAUT L) M4XP0.7XL20MM (SUS304) (HC026),30.00,PCS,989.00,0,"29,670.00"," 3,263.70 "," 32,933.70 ",04002600002187403,PO : KIPO25120231                       DO : 12281-080126
PT. KAWATA INDONESIA,1/8/2026 9:40,KIPO26010033,0066/JL/CKRG/0126,1,TRM2019,BOLT (BAUT JP) M4XP0.7XL30MM (GALVANIZED) (NB1026),"1,000.00",PCS,300.00,0,"300,000.00"," 33,000.00 "," 333,000.00 ",04002600002187416,PO : KIPO26010033                      DO : 12284-080126
PT. KAWATA INDONESIA,1/8/2026 9:46,KIPO25120221,0065/JL/CKRG/0126,1,TRM0237,"TOWER LIGHT LED (Q-LIGHT) QTG50 LF-BZ 2-2 220-AC220V RA (RED, AMBER) BRACKET TYPE QZ18 C/W BUZZER (RG084)",1.00,PCS,"1,583,175.00",0,"1,583,175.00"," 174,149.25 "," 1,757,324.25 ",04002600002187409,PO : KIPO25120221                      DO : 12282-080126
PT. KAWATA INDONESIA,1/8/2026 9:49,KIPO26010022,0067/JL/CKRG/0126,1,TRM0234,TERMINAL LUG RING R1.25-3 (SPECIAL) (NB901),"2,000.00",PCS,506.00,0,"1,012,000.00"," 111,320.00 "," 1,123,320.00 ",04002600002187418,PO : KIPO26010022                      DO : 12286-080126
PT. KAWATA INDONESIA,1/9/2026 9:04,KIPO26010022,0097/JL/CKRG/0126,1,TRM0131,CABLE NYAF Ø0.50MM2 (YELLOW) [100MTR/ROLL] (CC491-1),500.00,MTR,"1,465.00",0,"732,500.00"," 80,575.00 "," 813,075.00 ",04002600002888223,PO : KIPO26010022                      DO : 12288-090126
PT. KAWATA INDONESIA,1/9/2026 9:04,KIPO26010033,0098/JL/CKRG/0126,1,TRM3713,TOGGLE SWITCH C513B (SPDT) ON/OFF/ON (CNTD) 15A 250VAC SELF-LOCKING (RC802),10.00,PCS,"13,500.00",0,"135,000.00"," 14,850.00 "," 149,850.00 ",04002600002888328,PO : KIPO26010033                      DO : 12289-090126
PT. KAWATA INDONESIA,1/9/2026 9:46,KIPO26010061,0099/JL/CKRG/0126,1,TRM0118,BOLT (BAUT L) M8XP1.25XL25MM (GALVANIZED) (NB031-1),500.00,PCS,"2,208.00",0,"1,104,000.00"," 121,440.00 "," 1,225,440.00 ",04002600002888251,PO : KIPO26010061                       DO : 12292-090126
PT. KAWATA INDONESIA,1/9/2026 9:46,KIPO26010061,0099/JL/CKRG/0126,2,TRM0348,FLAT WASHER / RING PLATE (SS400) M6 (GALVANIZED) (NB033),"2,000.00",PCS,48.00,0,"96,000.00"," 10,560.00 "," 106,560.00 ",04002600002888251,PO : KIPO26010061                       DO : 12292-090126
PT. KAWATA INDONESIA,1/9/2026 9:46,KIPO26010061,0099/JL/CKRG/0126,3,TRM0593,FLAT WASHER / RING PLATE (SS400) M6 GALVANIZED LEBAR (NB041),500.00,PCS,400.00,0,"200,000.00"," 22,000.00 "," 222,000.00 ",04002600002888251,PO : KIPO26010061                       DO : 12292-090126
PT. KAWATA INDONESIA,1/9/2026 9:46,KIPO26010061,0099/JL/CKRG/0126,4,TRM0097,BOLT (BAUT JP) M4XP0.7XL10MM (GALVANIZED) (NB107-1),"1,000.00",PCS,149.00,0,"149,000.00"," 16,390.00 "," 165,390.00 ",04002600002888251,PO : KIPO26010061                       DO : 12292-090126
PT. KAWATA INDONESIA,1/9/2026 9:46,KIPO26010061,0099/JL/CKRG/0126,5,TRM0592,FLAT WASHER / RING PLATE M8 (SUS304) (NB348),"1,000.00",PCS,400.00,0,"400,000.00"," 44,000.00 "," 444,000.00 ",04002600002888251,PO : KIPO26010061                       DO : 12292-090126
PT. KAWATA INDONESIA,1/9/2026 9:57,KIPO26010062,0100/JL/CKRG/0126,1,TRM0073,SUPER SEAL SIZE : 7MM X 3MM X 15M (15MTR/ROLL) PTFE JOINT SEALENT (NB356-1),5.00,ROL,"269,664.00",0,"1,348,320.00"," 148,315.20 "," 1,496,635.20 ",04002600002888246,PO : KIPO26010062                      DO : 12291-090126
PT. KAWATA INDONESIA,1/9/2026 9:57,KIPO26010062,0100/JL/CKRG/0126,2,TRM1089,STRAPPING BAND SIZE : 15MMW X 0.6MMT X 2.500MTR/ROLL (NB064),2.00,ROL,"80,000.00",0,"160,000.00"," 17,600.00 "," 177,600.00 ",04002600002888246,PO : KIPO26010062                      DO : 12291-090126
PT. KAWATA INDONESIA,1/9/2026 9:57,KIPO26010062,0100/JL/CKRG/0126,3,TRM0072,STEREO FOAM 3MM (NB233),1.00,ROL,"641,520.00",0,"641,520.00"," 70,567.20 "," 712,087.20 ",04002600002888246,PO : KIPO26010062                      DO : 12291-090126
PT. KAWATA INDONESIA,1/9/2026 9:57,KIPO26010062,0100/JL/CKRG/0126,4,TRM0051,METERAN 5M (NB467),1.00,PCS,"55,000.00",0,"55,000.00"," 6,050.00 "," 61,050.00 ",04002600002888246,PO : KIPO26010062                      DO : 12291-090126
PT. KAWATA INDONESIA,1/12/2026 8:59,KIPO26010022,0119/JL/CKRG/0126,1,TRM1213,TERMINAL LUG RING TYPE KSS R1.25-6 [100PCS./PACK] (SKUN RING POLOR FOR WIRE 0.50-1.50MM2) (NB144-1),"1,000.00",PCS,333.00,0,"333,000.00"," 36,630.00 "," 369,630.00 ",04002600004085497,PO : KIPO26010022 DO : 12300-120126
PT. KAWATA INDONESIA,1/12/2026 9:07,KIPO26010071,0120/JL/CKRG/0126,1,TRM0116,BOLT (BAUT L) M8XP1.25XL30MM (GALVANIZED) (NB407),300.00,PCS,"1,620.00",0,"486,000.00"," 53,460.00 "," 539,460.00 ",04002600004085490,PO : KIPO26010071 DO : 12301-120126
PT. KAWATA INDONESIA,1/12/2026 9:07,KIPO26010071,0120/JL/CKRG/0126,2,TRM0118,BOLT (BAUT L) M8XP1.25XL25MM (GALVANIZED) (NB031-1),500.00,PCS,"2,208.00",0,"1,104,000.00"," 121,440.00 "," 1,225,440.00 ",04002600004085490,PO : KIPO26010071 DO : 12301-120126
PT. KAWATA INDONESIA,1/12/2026 9:07,KIPO26010071,0120/JL/CKRG/0126,3,TRM0430,BOLT (BAUT L) M10XP1.5XL20MM (GALVANIZED) (HC088),500.00,PCS,"3,360.00",0,"1,680,000.00"," 184,800.00 "," 1,864,800.00 ",04002600004085490,PO : KIPO26010071 DO : 12301-120126
PT. KAWATA INDONESIA,1/12/2026 9:07,KIPO26010071,0120/JL/CKRG/0126,4,TRM0543,BOLT (BAUT HEXAGONAL) M6XP1.0XL15MM (GALVANIZED) (HA041),500.00,PCS,247.00,0,"123,500.00"," 13,585.00 "," 137,085.00 ",04002600004085490,PO : KIPO26010071 DO : 12301-120126
PT. KAWATA INDONESIA,1/12/2026 9:07,KIPO26010071,0120/JL/CKRG/0126,5,TRM1195,BOLT (BAUT HEXAGONAL) M10XP1.5XL25MM (GALVANIZED) (HA078),500.00,PCS,"1,750.00",0,"875,000.00"," 96,250.00 "," 971,250.00 ",04002600004085490,PO : KIPO26010071 DO : 12301-120126
PT. KAWATA INDONESIA,1/13/2026 8:52,KIPO26010080,0171/JL/CKRG/0126,1,TRM3027,TESPEN (NB109-1),3.00,PCS,"12,000.00",0,"36,000.00"," 3,960.00 "," 39,960.00 ",04002600006045091,PO : KIPO26010080                       DO : 12304-130126
PT. KAWATA INDONESIA,1/13/2026 9:23,KIPO26010086,0175/JL/CKRG/0126,1,TRM0020,"CASTER WHEEL NYLON (KASTOR RODA) 4"" W/O BRAKE (ODØ 101.6MM) SWIPEL FLANGE (SLOT 70MMX85MM Ø12) (CD037)",50.00,PCS,"98,746.00",0,"4,937,300.00"," 543,103.00 "," 5,480,403.00 ",04002600006045173,PO : KIPO26010086                       DO : 12308-130126
PT. KAWATA INDONESIA,1/13/2026 9:23,KIPO26010086,0175/JL/CKRG/0126,2,TRM0019,"CASTER WHEEL NYLON (KASTOR RODA) 4"" C/W BRAKE (ODØ 101.6MM) SWIPEL FLANGE (SLOT 70MMX85MM Ø12) (CD038)",50.00,PCS,"131,532.00",0,"6,576,600.00"," 723,426.00 "," 7,300,026.00 ",04002600006045173,PO : KIPO26010086                       DO : 12308-130126
PT. KAWATA INDONESIA,1/13/2026 9:23,KIPO26010086,0175/JL/CKRG/0126,3,TRM0073,SUPER SEAL SIZE : 7MM X 3MM X 15M (15MTR/ROLL) PTFE JOINT SEALENT (NB356-1),2.00,ROL,"269,664.00",0,"539,328.00"," 59,326.08 "," 598,654.08 ",04002600006045173,PO : KIPO26010086                       DO : 12308-130126
PT. KAWATA INDONESIA,1/13/2026 9:23,KIPO26010086,0175/JL/CKRG/0126,4,TRM0099,BOLT (BAUT JP) M4XP.07XL50MM (GALVANIZED) (NB488-1),500.00,PCS,384.00,0,"192,000.00"," 21,120.00 "," 213,120.00 ",04002600006045173,PO : KIPO26010086                       DO : 12308-130126
PT. KAWATA INDONESIA,1/13/2026 9:23,KIPO26010069,0176/JL/CKRG/0126,1,TRM0542,SPRING WASHER / RING PER M8 (S20C) (ZINC PLATED) (JH057),"2,000.00",PCS,69.00,0,"138,000.00"," 15,180.00 "," 153,180.00 ",04002600006045125,PO : KIPO26010069                       DO : 12307-130126
PT. KAWATA INDONESIA,1/13/2026 9:23,KIPO26010069,0176/JL/CKRG/0126,2,TRM0350,FLAT WASHER / RING PLATE (S20C) M8 (ZINC PLATED) (JJ007),"1,000.00",PCS,69.00,0,"69,000.00"," 7,590.00 "," 76,590.00 ",04002600006045125,PO : KIPO26010069                       DO : 12307-130126
PT. KAWATA INDONESIA,1/13/2026 9:23,KIPO26010069,0176/JL/CKRG/0126,3,TRM0161,FLAT WASHER / RING PLATE M6 (SUS304) (NB089-1),"1,000.00",PCS,247.00,0,"247,000.00"," 27,170.00 "," 274,170.00 ",04002600006045125,PO : KIPO26010069                       DO : 12307-130126
PT. KAWATA INDONESIA,1/13/2026 9:23,KIPO26010069,0176/JL/CKRG/0126,4,TRM0591,SPRING WASHER / RING PER M6 (SUS304) (JH156),"1,000.00",PCS,247.00,0,"247,000.00"," 27,170.00 "," 274,170.00 ",04002600006045125,PO : KIPO26010069                       DO : 12307-130126
PT. KAWATA INDONESIA,1/13/2026 9:23,KIPO26010069,0176/JL/CKRG/0126,5,TRM0590,SPRING WASHER / RING PER M4 (SUS304)  (NB829-1),"2,000.00",PCS,128.00,0,"256,000.00"," 28,160.00 "," 284,160.00 ",04002600006045125,PO : KIPO26010069                       DO : 12307-130126
PT. KAWATA INDONESIA,1/13/2026 9:28,KIPO26010094,0177/JL/CKRG/0126,1,TRM0040,KEYLESS CAM LOCK TYPE MS720 (CL005),100.00,PCS,"32,800.00",0,"3,280,000.00"," 360,800.00 "," 3,640,800.00 ",04002600006045220,PO : KIPO26010094                       DO : 12306-130126
PT. KAWATA INDONESIA,1/13/2026 9:28,KIPO26010094,0177/JL/CKRG/0126,2,TRM0030,EYE BOLT M12X1.75XL20MM MATERIAL CASTING (ZINC PLATED) (HF003-1),200.00,PCS,"20,295.00",0,"4,059,000.00"," 446,490.00 "," 4,505,490.00 ",04002600006045220,PO : KIPO26010094                       DO : 12306-130126
PT. KAWATA INDONESIA,1/13/2026 9:28,KIPO26010094,0177/JL/CKRG/0126,3,TRM0031,EYE BOLT M16X2.0XL20MM MATERIAL CASTING (ZINC PLATED) (HF004),100.00,PCS,"31,346.00",0,"3,134,600.00"," 344,806.00 "," 3,479,406.00 ",04002600006045220,PO : KIPO26010094                       DO : 12306-130126
PT. KAWATA INDONESIA,1/13/2026 9:28,KIPO26010094,0177/JL/CKRG/0126,4,TRM0041,KNOB STAR COLOR BLACK FOR FILTER CASE (M10) (IDR0015-6401),150.00,PCS,"32,000.00",0,"4,800,000.00"," 528,000.00 "," 5,328,000.00 ",04002600006045220,PO : KIPO26010094                       DO : 12306-130126
PT. KAWATA INDONESIA,1/13/2026 9:28,KIPO26010094,0177/JL/CKRG/0126,5,TRM0038,HINGE (ENGSEL PANEL) BLACK 40X40X9MM (IDR0015-6400),100.00,PCS,"29,000.00",0,"2,900,000.00"," 319,000.00 "," 3,219,000.00 ",04002600006045220,PO : KIPO26010094                       DO : 12306-130126
PT. KAWATA INDONESIA,1/13/2026 9:28,KIPO26010094,0177/JL/CKRG/0126,6,TRM0037,HASP (LOCK DOOR HOPPER) TYPE PP-21-2 (SUS304) (DJ004),100.00,PCS,"73,500.00",0,"7,350,000.00"," 808,500.00 "," 8,158,500.00 ",04002600006045220,PO : KIPO26010094                       DO : 12306-130126
PT. KAWATA INDONESIA,1/13/2026 9:43,KIPO26010062,0179/JL/CKRG/0126,1,TRM4468,OBENG SHOCK M8 (NB314-5),1.00,PCS,"132,715.00",0,"132,715.00"," 14,598.65 "," 147,313.65 ",04002600006045073,PO : KIPO26010062                      DO : 12305-130126
PT. KAWATA INDONESIA,1/14/2026 9:37,KIPO26010062,0178/JL/CKRG/0126,1,TRM0057,PLYWOOD (KAYU TRIPLEK) L=240 W=120 T=9MM (NB019),90.00,LBR,"113,850.00",0,"10,246,500.00"," 1,127,115.00 "," 11,373,615.00 ",04002600006045207,PO : KIPO26010062                      DO : 12305-140126
PT. KAWATA INDONESIA,1/14/2026 9:37,KIPO26010062,0178/JL/CKRG/0126,2,TRM0340,WAINSCOT (KAYU LIST) L=250 W=7 T=2 (NB018),620.00,BTG,"12,500.00",0,"7,750,000.00"," 852,500.00 "," 8,602,500.00 ",04002600006045207,PO : KIPO26010062                      DO : 12305-140126
PT. KAWATA INDONESIA,1/14/2026 9:37,KIPO26010062,0178/JL/CKRG/0126,3,TRM0004,BEAMWOOD (KAYU BALOK) L=150 W=8 T=5 (NB017),660.00,BTG,"12,500.00",0,"8,250,000.00"," 907,500.00 "," 9,157,500.00 ",04002600006045207,PO : KIPO26010062                      DO : 12305-140126
PT. KAWATA INDONESIA,1/14/2026 9:37,KIPO26010062,0178/JL/CKRG/0126,4,TRM0005,BEAMWOOD (KAYU BALOK) L=200 X W=8 X T=5 (NB1343),33.00,BTG,"24,000.00",0,"792,000.00"," 87,120.00 "," 879,120.00 ",04002600006045207,PO : KIPO26010062                      DO : 12305-140126
PT. KAWATA INDONESIA,1/15/2026 9:44,KIPO26010118,0221/JL/CKRG/0126,1,TRM0002,ACETONE (20LTR/TIN) (NB156),4.00,TIN,"546,000.00",0,"2,184,000.00"," 240,240.00 "," 2,424,240.00 ",04002600008770824,PO : KIPO26010118                      DO : 12320-150126
PT. KAWATA INDONESIA,1/15/2026 9:44,KIPO26010118,0221/JL/CKRG/0126,2,TRM0001,ALCOHOL 100% (NB155),1.00,TIN,"555,000.00",0,"555,000.00"," 61,050.00 "," 616,050.00 ",04002600008770824,PO : KIPO26010118                      DO : 12320-150126
PT. KAWATA INDONESIA,1/15/2026 10:31,KIPO26010071,0189/JL/CKRG/0126,1,TRM2462,BOLT (BAUT L) M10XP1.5XL30MM (GALVANIZED)(NB391-1),300.00,PCS,"2,880.00",0,"864,000.00"," 95,040.00 "," 959,040.00 ",04002600007147061,PO : KIPO26010071                       DO : 12318-1501226
PT. KAWATA INDONESIA,1/21/2026 9:49,KIPO26010132,0255/JL/CKRG/0126,1,TRM0295,"BRONZE SWING CHECK VALVE 32A (1 1/4"") (CS067)",12.00,PCS,"190,000.00",0,"2,280,000.00"," 250,800.00 "," 2,530,800.00 ",04012600011155204,PO : KIPO26010132                       DO :12328-210126
PT. KAWATA INDONESIA,1/21/2026 9:49,KIPO26010132,0255/JL/CKRG/0126,2,TRM0010,"BRONZE SWING CHECK VALVE 25A(1"")  (CS066)",18.00,PCS,"120,000.00",0,"2,160,000.00"," 237,600.00 "," 2,397,600.00 ",04012600011155204,PO : KIPO26010132                       DO :12328-210126
PT. KAWATA INDONESIA,1/21/2026 9:49,KIPO26010132,0255/JL/CKRG/0126,3,TRM0126,"BRONZE SWING CHECK VALVE 40A(1 1/2"") (CS068)",20.00,PCS,"220,000.00",0,"4,400,000.00"," 484,000.00 "," 4,884,000.00 ",04012600011155204,PO : KIPO26010132                       DO :12328-210126
PT. KAWATA INDONESIA,1/23/2026 10:33,KIPO26010162,0315/JL/CKRG/0126,1,TRM0002,ACETONE (20LTR/TIN) (NB156),5.00,TIN,"546,000.00",0,"2,730,000.00"," 300,300.00 "," 3,030,300.00 ",04002600013655260,PO : KIPO26010162                       DO : 12333-230126
PT. KAWATA INDONESIA,1/26/2026 9:28,KIPO26010132,0346/JL/CKRG/0126,1,TRM0295,"BRONZE SWING CHECK VALVE 32A (1 1/4"") (CS067)",8.00,PCS,"190,000.00",0,"1,520,000.00"," 167,200.00 "," 1,687,200.00 ",04002600015346691,PO : KIPO26010132                       DO : 12338-260126
PT. KAWATA INDONESIA,1/26/2026 9:28,KIPO26010132,0346/JL/CKRG/0126,2,TRM0010,"BRONZE SWING CHECK VALVE 25A(1"")  (CS066)",32.00,PCS,"120,000.00",0,"3,840,000.00"," 422,400.00 "," 4,262,400.00 ",04002600015346691,PO : KIPO26010132                       DO : 12338-260126
PT. KAWATA INDONESIA,1/26/2026 9:28,KIPO26010132,0346/JL/CKRG/0126,3,TRM0353,"BRONZE SWING CHECK VALVE 50A(2"") (CS069)",30.00,PCS,"434,775.00",0,"13,043,250.00"," 1,434,757.50 "," 14,478,007.50 ",04002600015346691,PO : KIPO26010132                       DO : 12338-260126
PT. KAWATA INDONESIA,1/26/2026 9:28,KIPO26010132,0346/JL/CKRG/0126,4,TRM0833,"BRONZE SWING CHECK VALVE 65A(2 1/2"") (CS070)",10.00,PCS,"610,000.00",0,"6,100,000.00"," 671,000.00 "," 6,771,000.00 ",04002600015346691,PO : KIPO26010132                       DO : 12338-260126
PT. KAWATA INDONESIA,1/26/2026 9:40,KIPO26010162,0345/JL/CKRG/0126,1,TRM0295,"BRONZE SWING CHECK VALVE 32A (1 1/4"") (CS067)",30.00,PCS,"190,000.00",0,"5,700,000.00"," 627,000.00 "," 6,327,000.00 ",04012600015346711,PO : KIPO26010162                       DO : 12337-260126
PT. KAWATA INDONESIA,1/26/2026 9:40,KIPO26010162,0345/JL/CKRG/0126,2,TRM0353,"BRONZE SWING CHECK VALVE 50A(2"") (CS069)",10.00,PCS,"434,775.00",0,"4,347,750.00"," 478,252.50 "," 4,826,002.50 ",04012600015346711,PO : KIPO26010162                       DO : 12337-260126
PT. KAWATA INDONESIA,1/27/2026 8:51,KIPO26010182,0353/JL/CKRG/0126,1,TRM0042,LEM EPOTEC (NB132),1.00,BOX,"265,000.00",0,"265,000.00"," 29,150.00 "," 294,150.00 ",04002600016564624,PO : KIPO26010182                       DO : 123346-270126
PT. KAWATA INDONESIA,1/27/2026 8:51,KIPO26010182,0353/JL/CKRG/0126,2,TRM0113,BOLT (BAUT L) M6XP1.0XL16MM (GALVANIZED) (NB030),"1,000.00",PCS,990.00,0,"990,000.00"," 108,900.00 "," 1,098,900.00 ",04002600016564624,PO : KIPO26010182                       DO : 123346-270126
PT. KAWATA INDONESIA,1/27/2026 8:51,KIPO26010182,0353/JL/CKRG/0126,3,TRM0111,BOLT (BAUT L) M5XP0.8XL12MM (GALVANIZED) (NB008-1),500.00,PCS,"1,113.00",0,"556,500.00"," 61,215.00 "," 617,715.00 ",04002600016564624,PO : KIPO26010182                       DO : 123346-270126
PT. KAWATA INDONESIA,1/27/2026 8:51,KIPO26010182,0353/JL/CKRG/0126,4,TRM0341,BOLT (BAUT JP) M3XP0.3XL60MM (GALVANIZED) (NB319),"1,000.00",PCS,360.00,0,"360,000.00"," 39,600.00 "," 399,600.00 ",04002600016564624,PO : KIPO26010182                       DO : 123346-270126
PT. KAWATA INDONESIA,1/27/2026 8:51,KIPO26010182,0353/JL/CKRG/0126,5,TRM0299,BOLT (BAUT L) M8XP1.25XL20MM (GALVANIZED) (NB360),500.00,PCS,891.00,0,"445,500.00"," 49,005.00 "," 494,505.00 ",04002600016564624,PO : KIPO26010182                       DO : 123346-270126
PT. KAWATA INDONESIA,1/27/2026 8:51,KIPO26010182,0353/JL/CKRG/0126,6,TRM0545,BOLT (BAUT JT PHILIP) M5XP0.8XL10MM (GALVANIZED) (NC387),"2,000.00",PCS,238.00,0,"476,000.00"," 52,360.00 "," 528,360.00 ",04002600016564624,PO : KIPO26010182                       DO : 123346-270126
PT. KAWATA INDONESIA,1/27/2026 8:51,KIPO26010182,0353/JL/CKRG/0126,7,TRM0101,BOLT (BAUT JP) M5XP0.8XL10MM (SUS304) (NB575),"1,000.00",PCS,579.00,0,"579,000.00"," 63,690.00 "," 642,690.00 ",04002600016564624,PO : KIPO26010182                       DO : 123346-270126
PT. KAWATA INDONESIA,1/27/2026 8:51,KIPO26010182,0353/JL/CKRG/0126,8,TRM0114,BOLT (BAUT L) M6XP1.0XL20MM (SUS304) (NB204),500.00,PCS,"1,732.00",0,"866,000.00"," 95,260.00 "," 961,260.00 ",04002600016564624,PO : KIPO26010182                       DO : 123346-270126
PT. KAWATA INDONESIA,1/27/2026 8:51,KIPO26010182,0353/JL/CKRG/0126,9,TRM4486,BOLT(BAUT JT) M4XP0.7XL12MM (GALVANIZED) (NB180-1),"1,000.00",PCS,475.00,0,"475,000.00"," 52,250.00 "," 527,250.00 ",04002600016564624,PO : KIPO26010182                       DO : 123346-270126
PT. KAWATA INDONESIA,1/30/2026 9:56,KIPO26010162,0392/JL/CKRG/0126,1,TRM0353,"BRONZE SWING CHECK VALVE 50A(2"") (CS069)",10.00,PCS,"434,775.00",0,"4,347,750.00"," 478,252.50 "," 4,826,002.50 ",04002600020339514,PO : KIPO26010162                      DO : 12351-300126
PT. MENARA CIPTA METALINDO,1/14/2026 10:30,A-26/MCM/PPIC/030,0258/JL/CKRG/0126,1,TRM1204,"DEMPUL, SAN POLAC (COPRSU053N)",8.00,PAIL,"209,250.00",0,"1,674,000.00"," 184,140.00 "," 1,858,140.00 ",04002600011755398,PO : A-26/MCM/PPIC/030              1. 12315-140126                           2. 12302-120126
PT. SUBANG AUTOCOMP INDONESIA,1/14/2026 11:38,SA26011 MM,0181/JL/CKRG/0126,1,TRM0172,KARET GELANG BESAR,10.00,KG,"113,850.00",0,"1,138,500.00"," 125,235.00 "," 1,263,735.00 ",04002600006197874,PO : SA26011 MM                          DO : 12317-140126
PT. SUBANG AUTOCOMP INDONESIA,1/16/2026 14:03,SUAI.TLJ-852512-001,0192/JL/CKRG/0126,1,TRM3454,KARET KUMIS TRANSPARAN 5CM (COKLAT),62.00,KG,"205,000.00",0,"12,710,000.00"," 1,398,100.00 "," 14,108,100.00 ",04002600013412878,PO : SUAI.TLJ-852512-001           DO : 12322-160126
"PT. SUPRAVISI RAMA OPTIK, MANUFACTURING",1/15/2026 13:38,PO-000002596,0350/JL/CKRG/0126,1,TRM1389,SPONBON (CSUCMMS0020008),"62,500.00",PCS,55.00,0,"3,437,500.00"," 378,125.00 "," 3,815,625.00 ",04002600019083925,PO : PO-000002596                      1. 12321-150126                           2. 12303-120126                           3. 12296-090126
"PT. SUPRAVISI RAMA OPTIK, MANUFACTURING",1/19/2026 9:13,PO-000004079,0379/JL/CKRG/0126,1,TRM3217,LAMPU PHILIPS LED PANEL 40W,4.00,PCS,"882,000.00",0,"3,528,000.00"," 388,080.00 "," 3,916,080.00 ",04002600019083943,PO : PO-000004079                       DO : 12322-190126
"PT. SUPRAVISI RAMA OPTIK, MANUFACTURING",1/19/2026 9:28,PO-000004089,0380/JL/CKRG/0126,1,TRM1580,PLASTIK SAMPAH 90x120,150.00,PCK,"15,000.00",0,"2,250,000.00"," 247,500.00 "," 2,497,500.00 ",04002600019083920,PO : PO-000004089                       DO : 12323-190126
"PT. SUPRAVISI RAMA OPTIK, MANUFACTURING",1/19/2026 9:28,PO-000004089,0380/JL/CKRG/0126,2,TRM1799,THERMAL PAPER ROLL 80X140,20.00,ROL,"77,000.00",0,"1,540,000.00"," 169,400.00 "," 1,709,400.00 ",04002600019083920,PO : PO-000004089                       DO : 12323-190126
"PT. SUPRAVISI RAMA OPTIK, MANUFACTURING",1/19/2026 9:28,PO-000004089,0380/JL/CKRG/0126,3,TRM1715,SARUNG TANGAN KAIN KASAR,50.00,PCK,"35,000.00",0,"1,750,000.00"," 192,500.00 "," 1,942,500.00 ",04002600019083920,PO : PO-000004089                       DO : 12323-190126
"PT. SUPRAVISI RAMA OPTIK, MANUFACTURING",1/19/2026 9:28,PO-000004089,0380/JL/CKRG/0126,4,TRM1581,KARUNG PLASTIK POLOS 60X90,500.00,PCS,"2,500.00",0,"1,250,000.00"," 137,500.00 "," 1,387,500.00 ",04002600019083920,PO : PO-000004089                       DO : 12323-190126
"PT. SUPRAVISI RAMA OPTIK, MANUFACTURING",1/22/2026 9:31,PO-000004114,0382/JL/CKRG/0126,1,TRM4482,FILTER INNOVTECH 50 MICRON ABSOLUTE,10.00,PCS,"656,250.00",0,"6,562,500.00"," 721,875.00 "," 7,284,375.00 ",04002600019083928,PO : PO-000004114                       DO : 12332-220126
"PT. SUPRAVISI RAMA OPTIK, MANUFACTURING",1/26/2026 9:31,PO-000002596,0386/JL/CKRG/0126,1,TRM1389,SPONBON (CSUCMMS0020008),"47,500.00",PCS,55.00,0,"2,612,500.00"," 287,375.00 "," 2,899,875.00 ",04002600019083958,PO : PO-000002596                       1. 12399-260126                           2. 12327-200126
PT. SURABAYA AUTOCOMP INDONESIA,1/15/2026 14:18,PO-379/SAI-T/PUR-SAI/XI/25,0193/JL/CKRG/0126,1,TRM3980,MATE-0017626 KARET KUMIS LIGHT BROWN,135.00,KG,"200,000.00",0,"27,000,000.00"," 2,970,000.00 "," 29,970,000.00 ",04002600007490611,PO : PO-379/SAI-T/PUR-SAI/XI/25                                       DO : 12324-150126
PT. SURABAYA AUTOCOMP INDONESIA,1/15/2026 14:40,PO-035/SAI-T/PUR-SAI/XII/25,0194/JL/CKRG/0126,1,TRM3980,MATE-0017626 KARET KUMIS LIGHT BROWN,20.00,KG,"200,000.00",0,"4,000,000.00"," 440,000.00 "," 4,440,000.00 ",04002600007490541,PO : PO-035/SAI-T/PUR-SAI/XII/25                                      DO : 12323-150126
PT. SURABAYA AUTOCOMP INDONESIA,1/15/2026 14:40,PO-035/SAI-T/PUR-SAI/XII/25,0194/JL/CKRG/0126,2,TRM3980,MATE-0017626 KARET KUMIS LIGHT BROWN,20.00,KG,"200,000.00",0,"4,000,000.00"," 440,000.00 "," 4,440,000.00 ",04002600007490541,PO : PO-035/SAI-T/PUR-SAI/XII/25                                      DO : 12323-150126
PT. SURABAYA AUTOCOMP INDONESIA,1/15/2026 14:40,PO-035/SAI-T/PUR-SAI/XII/25,0194/JL/CKRG/0126,3,TRM3980,MATE-0017626 KARET KUMIS LIGHT BROWN,20.00,KG,"200,000.00",0,"4,000,000.00"," 440,000.00 "," 4,440,000.00 ",04002600007490541,PO : PO-035/SAI-T/PUR-SAI/XII/25                                      DO : 12323-150126
PT. SURABAYA AUTOCOMP INDONESIA,1/15/2026 14:40,PO-035/SAI-T/PUR-SAI/XII/25,0194/JL/CKRG/0126,4,TRM3980,MATE-0017626 KARET KUMIS LIGHT BROWN,20.00,KG,"200,000.00",0,"4,000,000.00"," 440,000.00 "," 4,440,000.00 ",04002600007490541,PO : PO-035/SAI-T/PUR-SAI/XII/25                                      DO : 12323-150126
PT. SURABAYA AUTOCOMP INDONESIA,1/15/2026 14:40,PO-035/SAI-T/PUR-SAI/XII/25,0194/JL/CKRG/0126,5,TRM3980,MATE-0017626 KARET KUMIS LIGHT BROWN,20.00,KG,"200,000.00",0,"4,000,000.00"," 440,000.00 "," 4,440,000.00 ",04002600007490541,PO : PO-035/SAI-T/PUR-SAI/XII/25                                      DO : 12323-150126
PT. SURABAYA AUTOCOMP INDONESIA,1/15/2026 14:40,PO-035/SAI-T/PUR-SAI/XII/25,0194/JL/CKRG/0126,6,TRM3980,MATE-0017626 KARET KUMIS LIGHT BROWN,20.00,KG,"200,000.00",0,"4,000,000.00"," 440,000.00 "," 4,440,000.00 ",04002600007490541,PO : PO-035/SAI-T/PUR-SAI/XII/25                                      DO : 12323-150126
PT. SURABAYA AUTOCOMP INDONESIA,1/15/2026 14:40,PO-035/SAI-T/PUR-SAI/XII/25,0194/JL/CKRG/0126,7,TRM3980,MATE-0017626 KARET KUMIS LIGHT BROWN,10.00,KG,"200,000.00",0,"2,000,000.00"," 220,000.00 "," 2,220,000.00 ",04002600007490541,PO : PO-035/SAI-T/PUR-SAI/XII/25                                      DO : 12323-150126
PT. TOYOTA BOSHOKU DEVICE INDONESIA,1/12/2026 8:40,PO26-006-12,0261/JL/CKRG/0126,1,TRM1087,RUMAH LAMPU 120 CM,16.00,PCS,"42,500.00",0,"680,000.00"," 74,800.00 "," 754,800.00 ",,PO : PO26-006-12                         DO : 12299-120126
PT. TOYOTA BOSHOKU DEVICE INDONESIA,1/12/2026 8:40,PO26-006-12,0261/JL/CKRG/0126,2,TRM2000,KABEL TIES 300 SIGMA,5.00,PCK,"53,325.00",0,"266,625.00"," 29,328.75 "," 295,953.75 ",,PO : PO26-006-12                         DO : 12299-120126
PT. TOYOTA BOSHOKU DEVICE INDONESIA,1/12/2026 8:40,PO26-006-12,0261/JL/CKRG/0126,3,TRM3898,KONEKTOR LAMPU 30 CM,16.00,PCS,"12,000.00",0,"192,000.00"," 21,120.00 "," 213,120.00 ",,PO : PO26-006-12                         DO : 12299-120126
PT. TOYOTA BOSHOKU DEVICE INDONESIA,1/12/2026 8:40,PO26-006-12,0261/JL/CKRG/0126,4,TRM4130,NIPPON RESIBON MATA GERINDA,20.00,PCS,"21,600.00",0,"432,000.00"," 47,520.00 "," 479,520.00 ",,PO : PO26-006-12                         DO : 12299-120126
PT. TOYOTA BOSHOKU DEVICE INDONESIA,1/12/2026 8:40,PO26-006-12,0261/JL/CKRG/0126,5,TRM3864,SIKAT KAWAT UNION HI-11,5.00,PCS,"45,000.00",0,"225,000.00"," 24,750.00 "," 249,750.00 ",,PO : PO26-006-12                         DO : 12299-120126
PT. TOYOTA BOSHOKU DEVICE INDONESIA,1/12/2026 8:40,PO26-006-12,0261/JL/CKRG/0126,6,TRM2253,DYNABOLT M8 X 40,50.00,PCS,"1,377.00",0,"68,850.00"," 7,573.50 "," 76,423.50 ",,PO : PO26-006-12                         DO : 12299-120126
PT. TOYOTA BOSHOKU DEVICE INDONESIA,1/12/2026 8:40,PO26-006-12,0261/JL/CKRG/0126,7,TRM2254,DYNABOLT M10  X 60,50.00,PCS,"1,982.00",0,"99,100.00"," 10,901.00 "," 110,001.00 ",,PO : PO26-006-12                         DO : 12299-120126
PT. TOYOTA BOSHOKU DEVICE INDONESIA,1/12/2026 8:40,PO26-006-12,0261/JL/CKRG/0126,8,TRM1372,SAKLAR OUTBOW ISI 4,5.00,PCS,"108,000.00",0,"540,000.00"," 59,400.00 "," 599,400.00 ",,PO : PO26-006-12                         DO : 12299-120126
PT. TOYOTA BOSHOKU DEVICE INDONESIA,1/12/2026 8:40,PO26-006-12,0261/JL/CKRG/0126,9,TRM4483,LAMPU LED 120 CM SAFE LIGHT,16.00,PCS,"112,500.00",0,"1,800,000.00"," 198,000.00 "," 1,998,000.00 ",,PO : PO26-006-12                         DO : 12299-120126
PT. TOYOTA BOSHOKU DEVICE INDONESIA,1/12/2026 8:45,PO25-575-1,0291/JL/CKRG/0126,1,TRM1085,LAMPU LED 120 CM,8.00,PCS,"112,500.00",0,"900,000.00"," 99,000.00 "," 999,000.00 ",,PO : PO25-575-1                           DO : 12290-120126
PT. TOYOTA BOSHOKU DEVICE INDONESIA,1/12/2026 8:45,PO25-575-1,0291/JL/CKRG/0126,2,TRM1087,RUMAH LAMPU 120 CM,8.00,PCS,"42,500.00",0,"340,000.00"," 37,400.00 "," 377,400.00 ",,PO : PO25-575-1                           DO : 12290-120126
PT. TOYOTA BOSHOKU DEVICE INDONESIA,1/12/2026 8:45,PO25-575-1,0291/JL/CKRG/0126,3,TRM3899,KABEL KONEKTOR LAMPU LED,15.00,PCS,"6,000.00",0,"90,000.00"," 9,900.00 "," 99,900.00 ",,PO : PO25-575-1                           DO : 12290-120126
PT. TOYOTA BOSHOKU DEVICE INDONESIA,1/12/2026 8:45,PO25-575-1,0291/JL/CKRG/0126,4,TRM1999,KABEL TIES 200 SIGMA,5.00,PCK,"27,000.00",0,"135,000.00"," 14,850.00 "," 149,850.00 ",,PO : PO25-575-1                           DO : 12290-120126
PT. TOYOTA BOSHOKU DEVICE INDONESIA,1/12/2026 8:45,PO25-575-1,0291/JL/CKRG/0126,5,TRM4429,SELANG ANGIN SPIRAL DIAMETER 12MM PANJANG 6M,8.00,ROL,"105,000.00",0,"840,000.00"," 92,400.00 "," 932,400.00 ",,PO : PO25-575-1                           DO : 12290-120126
PT. TOYOTA BOSHOKU DEVICE INDONESIA,1/12/2026 8:45,PO25-575-1,0291/JL/CKRG/0126,6,TRM3864,SIKAT KAWAT UNION HI-11,4.00,PCS,"56,000.00",0,"224,000.00"," 24,640.00 "," 248,640.00 ",,PO : PO25-575-1                           DO : 12290-120126
PT. TOYOTA BOSHOKU DEVICE INDONESIA,1/12/2026 8:45,PO25-575-1,0291/JL/CKRG/0126,7,TRM3909,SAKLAR OUTBOW ISI 4,5.00,PCS,"108,000.00",0,"540,000.00"," 59,400.00 "," 599,400.00 ",,PO : PO25-575-1                           DO : 12290-120126
PT. TOYOTA BOSHOKU DEVICE INDONESIA,1/12/2026 8:45,PO25-575-1,0291/JL/CKRG/0126,8,TRM4430,LAMPU INLITE 30W,2.00,PCS,"187,500.00",0,"375,000.00"," 41,250.00 "," 416,250.00 ",,PO : PO25-575-1                           DO : 12290-120126
PT. TOYOTA BOSHOKU DEVICE INDONESIA,1/12/2026 8:45,PO25-575-1,0291/JL/CKRG/0126,9,TRM2823,COUPLER QUICK 2 CABANG,2.00,PCS,"52,500.00",0,"105,000.00"," 11,550.00 "," 116,550.00 ",,PO : PO25-575-1                           DO : 12290-120126
PT. TOYOTA BOSHOKU DEVICE INDONESIA,1/12/2026 8:45,PO25-575-1,0291/JL/CKRG/0126,10,TRM4284,TIE MOUNT FORT 25X25,2.00,PAK,"45,000.00",0,"90,000.00"," 9,900.00 "," 99,900.00 ",,PO : PO25-575-1                           DO : 12290-120126
PT. TOYOTA BOSHOKU DEVICE INDONESIA,1/12/2026 8:45,PO25-575-1,0291/JL/CKRG/0126,11,TRM0800,SLING 4 KAKI 6X37 WRC RRT 12MM X 81 CM,2.00,PCS,"1,900,000.00",0,"3,800,000.00"," 418,000.00 "," 4,218,000.00 ",,PO : PO25-575-1                           DO : 12290-120126
PT. TOYOTA BOSHOKU DEVICE INDONESIA,1/12/2026 8:45,PO25-575-1,0291/JL/CKRG/0126,12,TRM1087,RUMAH LAMPU 120 CM,1.00,PCS,"42,500.00",0,"42,500.00"," 4,675.00 "," 47,175.00 ",,PO : PO25-575-1                           DO : 12290-120126
PT. TOYOTA BOSHOKU DEVICE INDONESIA,1/12/2026 8:45,PO25-575-1,0291/JL/CKRG/0126,13,TRM4258,FLEXIBLE DISC WHEEL 100X2X16 NIPPON RESIBON,20.00,PCS,"21,600.00",0,"432,000.00"," 47,520.00 "," 479,520.00 ",,PO : PO25-575-1                           DO : 12290-120126
PT. TOYOTA BOSHOKU DEVICE INDONESIA,1/12/2026 8:45,PO25-575-1,0291/JL/CKRG/0126,14,TRM4483,LAMPU LED 120 CM SAFE LIGHT,3.00,PCS,"112,500.00",0,"337,500.00"," 37,125.00 "," 374,625.00 ",,PO : PO25-575-1                           DO : 12290-120126
PT. TOYOTA BOSHOKU DEVICE INDONESIA,1/12/2026 10:54,PO26-004-12,0260/JL/CKRG/0126,1,TRM3897,KABEL FEDERAL ISI 3,1.00,ROL,"560,000.00",0,"560,000.00"," 61,600.00 "," 621,600.00 ",04002600014274886,PO : PO26-004-12                         DO : 12298-120126
PT. TOYOTA BOSHOKU DEVICE INDONESIA,1/12/2026 10:54,PO26-004-12,0260/JL/CKRG/0126,2,TRM2417,TERMINAL 3 LUBANG 15330,5.00,PCS,"46,500.00",0,"232,500.00"," 25,575.00 "," 258,075.00 ",04002600014274886,PO : PO26-004-12                         DO : 12298-120126
PT. TOYOTA BOSHOKU DEVICE INDONESIA,1/12/2026 10:54,PO26-004-12,0260/JL/CKRG/0126,3,TRM4459,TERMINAL 2 LUBANG 15321,3.00,PCS,"42,000.00",0,"126,000.00"," 13,860.00 "," 139,860.00 ",04002600014274886,PO : PO26-004-12                         DO : 12298-120126
PT. TOYOTA BOSHOKU DEVICE INDONESIA,1/12/2026 10:54,PO26-004-12,0260/JL/CKRG/0126,4,TRM4460,SAKLAR LAMPU BROCO DOUBLE 16220,4.00,PCS,"24,000.00",0,"96,000.00"," 10,560.00 "," 106,560.00 ",04002600014274886,PO : PO26-004-12                         DO : 12298-120126
PT. TOYOTA BOSHOKU DEVICE INDONESIA,1/12/2026 10:54,PO26-004-12,0260/JL/CKRG/0126,5,TRM0566,STECKER BROCO,5.00,PCS,"14,250.00",0,"71,250.00"," 7,837.50 "," 79,087.50 ",04002600014274886,PO : PO26-004-12                         DO : 12298-120126
PT. TOYOTA BOSHOKU DEVICE INDONESIA,1/12/2026 10:54,PO26-004-12,0260/JL/CKRG/0126,6,TRM0175,KIPAS ANGIN PANASONIC  F EQ-405,5.00,PCS,"909,000.00",0,"4,545,000.00"," 499,950.00 "," 5,044,950.00 ",04002600014274886,PO : PO26-004-12                         DO : 12298-120126
PT. TOYOTA BOSHOKU DEVICE INDONESIA,1/12/2026 10:54,PO26-004-12,0260/JL/CKRG/0126,7,TRM4040,TERMINAL CH FEMALE MALE,80.00,PCS,"3,000.00",0,"240,000.00"," 26,400.00 "," 266,400.00 ",04002600014274886,PO : PO26-004-12                         DO : 12298-120126
PT. TOYOTA BOSHOKU DEVICE INDONESIA,1/14/2026 11:10,PO26-013-1,0262/JL/CKRG/0126,1,TRM3525,"STEEL WIRE BRUSH 8"" MULTI PRO",11.00,PCS,"163,875.00",0,"1,802,625.00"," 198,288.75 "," 2,000,913.75 ",04002600014274885,PO : PO26-013-1                           DO : 12310-140126
PT. TOYOTA BOSHOKU DEVICE INDONESIA,1/14/2026 11:15,PO26-003-12,0263/JL/CKRG/0126,1,TRM2612,ACRYLIC BENING 1.2 X 2.4 M X 5MM,5.00,SHEET,"1,275,000.00",0,"6,375,000.00"," 701,250.00 "," 7,076,250.00 ",04002600014274883,PO : PO26-003-12                         DO : 12311-140126
PT. TOYOTA BOSHOKU DEVICE INDONESIA,1/14/2026 11:15,PO26-003-12,0263/JL/CKRG/0126,2,TRM2854,PYLOX PUTIH,5.00,PCS,"33,000.00",0,"165,000.00"," 18,150.00 "," 183,150.00 ",04002600014274883,PO : PO26-003-12                         DO : 12311-140126
PT. TOYOTA BOSHOKU DEVICE INDONESIA,1/26/2026 10:02,PO26-049-1,0420/JL/CKRG/0226,1,TRM3953,SELANG TOGAWA 6X11,1.00,PCS,"2,900,000.00",0,"2,900,000.00"," 319,000.00 "," 3,219,000.00 ",,PO : PO26-049-1                           DO : 12336-260126         
PT. TOYOTA BOSHOKU DEVICE INDONESIA,1/26/2026 10:02,PO26-049-1,0420/JL/CKRG/0226,2,TRM4485,REGULATOR CROWN NON HEATER,1.00,PCS,"3,000,000.00",0,"3,000,000.00"," 330,000.00 "," 3,330,000.00 ",,PO : PO26-049-1                           DO : 12336-260126         
PT. TOYOTA BOSHOKU DEVICE INDONESIA,1/30/2026 9:09,PO26-040-1,0421/JL/CKRG/0226,1,TRM1466,MICRO CLEANER JIP 141,3.00,CAN,"375,000.00",0,"1,125,000.00"," 123,750.00 "," 1,248,750.00 ",,PO : PO26-040-1                           DO : 12352-300126
PT. TOYOTA BOSHOKU DEVICE INDONESIA,1/30/2026 9:09,PO26-040-1,0421/JL/CKRG/0226,2,TRM1905,BATERAI LITHIUM LS 14250 3.6V,6.00,PCS,"337,500.00",0,"2,025,000.00"," 222,750.00 "," 2,247,750.00 ",,PO : PO26-040-1                           DO : 12352-300126
PT. TRI SAUDARA SENTOSA INDUSTRI,1/12/2026 9:04,PO02-2026/A/004/GEN,0196/JL/CKRG/0126,1,TRM4287,"POCKET KANBAN/LABEL (P28XL9.5CM, TEBAL 0.5MM)",500.00,PCS,"3,400.00",0,"1,700,000.00"," 187,000.00 "," 1,887,000.00 ",04002600009951812,PO : PO02-2026/A/004/GEN  DO : DLV-2601123420
PT. UNIVERSAL AGRI BISNISINDO,1/29/2026 11:37,BKS/PO/000104320,0419/JL/CKRG/0226,1,TRM2452,SUSU ULTRA UK 125 ML PLAIN,"5,940.00",PCS,"3,500.00",0,"20,790,000.00"," 2,286,900.00 "," 23,076,900.00 ",,PO : BKS/PO/000104320                DO : 12349-290126
PT. UNIVERSAL AGRI BISNISINDO,1/29/2026 11:37,BKS/PO/000104320,0419/JL/CKRG/0226,2,TRM0354,SUSU ULTRA UK 250 ML RASA COKLAT,145.00,PCS,"5,777.00",0,"837,665.00"," 92,143.15 "," 929,808.15 ",,PO : BKS/PO/000104320                DO : 12349-290126
PT. UNIVERSAL AGRI BISNISINDO,1/29/2026 11:37,BKS/PO/000104320,0419/JL/CKRG/0226,3,TRM0355,SUSU BEAR BRAND,72.00,PCS,"10,600.00",0,"763,200.00"," 83,952.00 "," 847,152.00 ",,PO : BKS/PO/000104320                DO : 12349-290126
PT. UNIVERSAL AGRI BISNISINDO,1/29/2026 11:37,BKS/PO/000104320,0419/JL/CKRG/0226,4,TRM0355,SUSU BEAR BRAND,266.00,PCS,"10,600.00",0,"2,819,600.00"," 310,156.00 "," 3,129,756.00 ",,PO : BKS/PO/000104320                DO : 12349-290126
PT. UNIVERSAL AGRI BISNISINDO,1/29/2026 11:37,BKS/PO/000104320,0419/JL/CKRG/0226,5,TRM0355,SUSU BEAR BRAND,322.00,PCS,"10,600.00",0,"3,413,200.00"," 375,452.00 "," 3,788,652.00 ",,PO : BKS/PO/000104320                DO : 12349-290126
PT. UNIVERSAL AGRI BISNISINDO,1/29/2026 11:37,BKS/PO/000104320,0419/JL/CKRG/0226,6,TRM0355,SUSU BEAR BRAND,108.00,PCS,"10,600.00",0,"1,144,800.00"," 125,928.00 "," 1,270,728.00 ",,PO : BKS/PO/000104320                DO : 12349-290126
PT. UNIVERSAL AGRI BISNISINDO,1/29/2026 11:37,BKS/PO/000104320,0419/JL/CKRG/0226,7,TRM0355,SUSU BEAR BRAND,24.00,PCS,"10,600.00",0,"254,400.00"," 27,984.00 "," 282,384.00 ",,PO : BKS/PO/000104320                DO : 12349-290126
PT. UNIVERSAL AGRI BISNISINDO,1/29/2026 11:37,BKS/PO/000104320,0419/JL/CKRG/0226,8,TRM0385,PLASTIK KRESEK,6.00,PAK,"11,800.00",0,"70,800.00"," 7,788.00 "," 78,588.00 ",,PO : BKS/PO/000104320                DO : 12349-290126
PT. UNIVERSAL AGRI BISNISINDO,1/29/2026 11:37,BKS/PO/000104320,0419/JL/CKRG/0226,9,TRM0384,GAS 3KG,2.00,PCS,"27,000.00",0,"54,000.00"," 5,940.00 "," 59,940.00 ",,PO : BKS/PO/000104320                DO : 12349-290126
PT. UNIVERSAL AGRI BISNISINDO,1/29/2026 11:37,BKS/PO/000104320,0419/JL/CKRG/0226,10,TRM0383,TELUR,51.30,KG,"30,000.00",0,"1,539,000.00"," 169,290.00 "," 1,708,290.00 ",,PO : BKS/PO/000104320                DO : 12349-290126
PT. WELGRO FEEDMILL (INDONESIA),1/9/2026 13:58,CTP/PO/000021733,0227/JL/CKRG/0126,1,TRM2452,SUSU ULTRA UK 125 ML PLAIN,"3,000.00",PCS,"3,200.00",0,"9,600,000.00"," 1,056,000.00 "," 10,656,000.00 ",,PO : CTP/PO/000021733               DO : 12287-090126
"SANOH INDONESIA, PT",1/6/2026 15:16,PL2600003,0235/JL/CKRG/0126,1,TRM0172,KARET GELANG BESAR,150.00,PCS,"62,000.00",0,"9,300,000.00"," 1,023,000.00 "," 10,323,000.00 ",04012600015623698,PO : PL2600003                             DO : 12263-060125
"SANOH INDONESIA, PT",1/6/2026 15:16,PL2600003,0235/JL/CKRG/0126,2,TRM0245,KAWAT LAS NICHO 2.6 MM,35.00,PCS,"33,450.00",0,"1,170,750.00"," 128,782.50 "," 1,299,532.50 ",04012600015623698,PO : PL2600003                             DO : 12263-060125
"SANOH INDONESIA, PT",1/6/2026 15:16,PL2600003,0235/JL/CKRG/0126,3,TRM0211,MASKING TAVE,192.00,PCS,"5,500.00",0,"1,056,000.00"," 116,160.00 "," 1,172,160.00 ",04012600015623698,PO : PL2600003                             DO : 12263-060125
"SANOH INDONESIA, PT",1/6/2026 15:16,PL2600003,0235/JL/CKRG/0126,4,TRM0208,MASKER KAIN,150.00,PCS,"9,500.00",0,"1,425,000.00"," 156,750.00 "," 1,581,750.00 ",04012600015623698,PO : PL2600003                             DO : 12263-060125
"SANOH INDONESIA, PT",1/6/2026 15:16,PL2600003,0235/JL/CKRG/0126,5,TRM0183,MARKING LT. BLUE (ARTLINE),120.00,PCS,"16,000.00",0,"1,920,000.00"," 211,200.00 "," 2,131,200.00 ",04012600015623698,PO : PL2600003                             DO : 12263-060125
"SANOH INDONESIA, PT",1/6/2026 15:16,PL2600003,0235/JL/CKRG/0126,6,TRM0189,MARKING SNOWMAN BLACK,120.00,PCS,"14,700.00",0,"1,764,000.00"," 194,040.00 "," 1,958,040.00 ",04012600015623698,PO : PL2600003                             DO : 12263-060125
"SANOH INDONESIA, PT",1/6/2026 15:16,PL2600003,0235/JL/CKRG/0126,7,TRM0185,MARKING SNOWMAN BLUE,240.00,PCS,"14,700.00",0,"3,528,000.00"," 388,080.00 "," 3,916,080.00 ",04012600015623698,PO : PL2600003                             DO : 12263-060125
"SANOH INDONESIA, PT",1/6/2026 15:16,PL2600003,0235/JL/CKRG/0126,8,TRM0188,MARKING SNOWMAN GREEN,120.00,PCS,"14,700.00",0,"1,764,000.00"," 194,040.00 "," 1,958,040.00 ",04012600015623698,PO : PL2600003                             DO : 12263-060125
"SANOH INDONESIA, PT",1/6/2026 15:16,PL2600003,0235/JL/CKRG/0126,9,TRM0192,MARKING SNOWMAN ORANGE,120.00,PCS,"14,700.00",0,"1,764,000.00"," 194,040.00 "," 1,958,040.00 ",04012600015623698,PO : PL2600003                             DO : 12263-060125
"SANOH INDONESIA, PT",1/6/2026 15:16,PL2600003,0235/JL/CKRG/0126,10,TRM0191,MARKING SNOWMAN RED,120.00,PCS,"14,700.00",0,"1,764,000.00"," 194,040.00 "," 1,958,040.00 ",04012600015623698,PO : PL2600003                             DO : 12263-060125
"SANOH INDONESIA, PT",1/6/2026 15:16,PL2600003,0235/JL/CKRG/0126,11,TRM0190,MARKING SNOWMAN YELLOW,240.00,PCS,"14,700.00",0,"3,528,000.00"," 388,080.00 "," 3,916,080.00 ",04012600015623698,PO : PL2600003                             DO : 12263-060125
"SANOH INDONESIA, PT",1/6/2026 15:16,PL2600003,0235/JL/CKRG/0126,12,TRM0184,MARKING YELLOW GREEN (ARTLINE),120.00,PCS,"16,000.00",0,"1,920,000.00"," 211,200.00 "," 2,131,200.00 ",04012600015623698,PO : PL2600003                             DO : 12263-060125
"SANOH INDONESIA, PT",1/14/2026 15:18,PL2600119,0236/JL/CKRG/0126,1,TRM4474,FS-500H PLASTIC FILM SEALER,1.00,PCS,"1,901,200.00",0,"1,901,200.00"," 209,132.00 "," 2,110,332.00 ",04002600015623699,PO : PL2600119                            DO : 12313-140126
"SANOH INDONESIA, PT",1/20/2026 8:42,PL2600167,0417/JL/CKRG/0226,1,TRM0390,POWER GLUE,36.00,PCS,"4,800.00",0,"172,800.00"," 19,008.00 "," 191,808.00 ",04002600025038024,PO : PL2600167                             DO : 12325-200126
"SANOH INDONESIA, PT",1/20/2026 8:42,PL2600167,0417/JL/CKRG/0226,2,TRM0181,MAJUN WARNA,150.00,KG,"5,800.00",0,"870,000.00"," 95,700.00 "," 965,700.00 ",04002600025038024,PO : PL2600167                             DO : 12325-200126
"SANOH INDONESIA, PT",1/27/2026 8:43,PL2600217,0418/JL/CKRG/0226,1,TRM0193,MARKING SNOWMAN PINK,240.00,PCS,"14,700.00",0,"3,528,000.00"," 388,080.00 "," 3,916,080.00 ",04002600025038023,PO : PL2600217                             DO : 12345-270126
"SINAR BENGAWAN MANDIRI, PT",1/20/2026 11:09,083/PO/SBM-TLJP/I/26,0357/JL/CKRG/0126,1,TRM0182,SARUNG TANGAN 5 BENANG,10.00,LSN,"25,650.00",0,"256,500.00"," 28,215.00 "," 284,715.00 ",04002600017310640,PO : 083/PO/SBM-TLJP/I/26          DO : 12324-200126
"SINAR BENGAWAN MANDIRI, PT",1/20/2026 11:09,083/PO/SBM-TLJP/I/26,0357/JL/CKRG/0126,2,TRM0181,MAJUN WARNA,50.00,KG,"6,500.00",0,"325,000.00"," 35,750.00 "," 360,750.00 ",04002600017310640,PO : 083/PO/SBM-TLJP/I/26          DO : 12324-200126
"SINAR BENGAWAN MANDIRI, PT",1/24/2026 11:10,088/PO/SBM-TLJP/I/26,0358/JL/CKRG/0126,1,TRM3423,"AMPLAS ROLL GRADE 150 UKURAN 4"" X 46 MTR",1.00,ROL,"303,750.00",0,"303,750.00"," 33,412.50 "," 337,162.50 ",04002600017310637,PO : 088/PO/SBM-TLJP/I/26          DO  : 12355-240126
TRIMA ANUGERAH SEJAHTERA,1/21/2026 17:58,PFA.PS-260120001,0352/JL/CKRG/0126,1,TRM4479,STANG SEALANT HILTI,1.00,PCS,"4,680,000.00",0,"4,680,000.00"," 514,800.00 "," 5,194,800.00 ",04002600016420355,PO : PFA.PS-260120001                DO : 12329-210126
"VALMET TECHNOLOGY CENTER, PT",1/6/2026 14:03,POQ012880,0349/JL/CKRG/0126,1,TRM0568,MICROBACT 1 LITER,20.00,PC,"139,650.00",0,"2,793,000.00"," 307,230.00 "," 3,100,230.00 ",04002600015883986,PO : POQ012880                           DO : 12273-061225
"VALMET, PT",1/22/2026 14:34,S20030348,0351/JL/CKRG/0126,1,TRM4469,RUBBER CHICACO 3/4,60.00,PCS,"6,875.00",0,"412,500.00"," 45,375.00 "," 457,875.00 ",04002600015997287,PO : S20030348                            DO : 12331-220126
,,,,,,,,,,,,,,,
,,,,,,TOTAL,,,,,,," 735,464,039.76 ",,
