Nama Cust,Tanggal,No PO,No Inv,No.,Kode Item,Nama Item,Jml,Satuan,Harga,Pot. ,Total, PPN , Total Akhir ,No FP,Ket
PT. KAWATA INDONESIA,2/2/2026 9:06,KIPO26010208,0403/JL/CKRG/0226,1,TRM1215,CORRUGATED FLEXIBLE CONDUIT HITAM ID DIA 10MM/OD.16MM TYPE FCP-10 (50MTR./ROLL) (NB115-1),100.00,MTR,"1,800.00",0,"180,000.00"," 19,800.00 "," 199,800.00 ",04002600022889603,PO : KIPO26010208
PT. KAWATA INDONESIA,2/2/2026 9:09,KIPO26010223,0404/JL/CKRG/0226,1,TRM0236,TERMINAL LUG RING TYPE KSS R3.5-6 [100PCS/PACK] (SKUN RING POLOS FOR WIRE 2.50-4.00MM2) (CC029),"1,000.00",PCS,450.00,0,"450,000.00"," 49,500.00 "," 499,500.00 ", 04002600022889598,PO : KIPO26010223
PT. KAWATA INDONESIA,2/2/2026 9:09,KIPO26010223,0404/JL/CKRG/0226,2,TRM0145,DIODA IN4002 (DN001),200.00,PCS,400.00,0,"80,000.00"," 8,800.00 "," 88,800.00 ", 04002600022889598,PO : KIPO26010223
PT. KAWATA INDONESIA,2/2/2026 9:09,KIPO26010223,0404/JL/CKRG/0226,3,TRM0063,ROCK WOOL  Ø16 X  Ø26 (BESAR) (NB390),10.00,PCS,"214,600.00",0,"2,146,000.00"," 236,060.00 "," 2,382,060.00 ", 04002600022889598,PO : KIPO26010223
PT. KAWATA INDONESIA,2/2/2026 9:12,KIPO26010222,0405/JL/CKRG/0226,1,TRM4494,LONG DRAT M10X1.5 (GALVANIZE) [Q235] (1 METER/PC) FOR SHAFT HONEYCOMB DFG-SERIES,50.00,PCS,"12,416.00",0,"620,800.00"," 68,288.00 "," 689,088.00 ",04002600022889645,PO : KIPO26010222 DO : 12361-020226
PT. KAWATA INDONESIA,2/2/2026 9:13,KIPO25110126,0406/JL/CKRG/0226,1,TRM1008,"TOWER LIGHT LED (Q-LIGHT) ST45L-BZ 2-2 220-AC220V RG (RED, GREEN) BRACKET TYPE QZ18 C/W BUZZER (RG085)",7.00,PCS,"900,000.00",0,"6,300,000.00"," 693,000.00 "," 6,993,000.00 ",04002600022889626,PO : KIPO25110126
PT. HANYA KARYA BAHANA,2/2/2026 9:19,HKB/PO/01/0256/3456,0423/JL/CKRG/0226,1,TRM0532,KERTAS VCI 30 x 33,500.00,PCS,"1,765.00",0,"882,500.00"," 97,075.00 "," 979,575.00 ",04002600025995764,PO : HKB/PO/01/0256/3456DO NO. : 12358-020226
PT. KAWATA INDONESIA,2/2/2026 9:20,KIPO25100184,0407/JL/CKRG/0226,1,TRM0079,BUBBLE SHEET (NB058),4.00,ROL,"156,245.00",0,"624,980.00"," 68,747.80 "," 693,727.80 ",04002600022889608,PO : KIPO25100184
PT. KAWATA INDONESIA,2/2/2026 9:20,KIPO25100184,0407/JL/CKRG/0226,2,TRM0220,POLYFOAM 200CMX100CMX2.6CM (NB059),15.00,LBR,"150,000.00",0,"2,250,000.00"," 247,500.00 "," 2,497,500.00 ",04002600022889608,PO : KIPO25100184
PT. KAWATA INDONESIA,2/2/2026 9:20,KIPO25100184,0407/JL/CKRG/0226,3,TRM0212,METALIZING W 1.2XL.50M (NB148),18.00,ROL,"351,450.00",0,"6,326,100.00"," 695,871.00 "," 7,021,971.00 ",04002600022889608,PO : KIPO25100184
PT. KAWATA INDONESIA,2/2/2026 9:20,KIPO25100184,0407/JL/CKRG/0226,4,TRM1089,STRAPPING BAND SIZE : 15MMW X 0.6MMT X 2.500MTR/ROLL (NB064),2.00,ROL,"80,000.00",0,"160,000.00"," 17,600.00 "," 177,600.00 ",04002600022889608,PO : KIPO25100184
PT. KAWATA INDONESIA,2/2/2026 9:20,KIPO25100184,0407/JL/CKRG/0226,5,TRM0058,PYLOX : BLACK NIPPON/RJ (NB027),5.00,CAN,"25,000.00",0,"125,000.00"," 13,750.00 "," 138,750.00 ",04002600022889608,PO : KIPO25100184
PT. KAWATA INDONESIA,2/2/2026 9:20,KIPO25100184,0407/JL/CKRG/0226,6,TRM0228,SILICA GEL 250GR/PACK (NB282),250.00,PCK,"15,456.00",0,"3,864,000.00"," 425,040.00 "," 4,289,040.00 ",04002600022889608,PO : KIPO25100184
PT INTEGRASI MEDIKA PRIMA,2/2/2026 9:49,PO-L- 202601000168,0408/JL/CKRG/0226,1,TRM3234,PRINT CARTON UK 60 X 100CM,1.00,PCS,"120,000.00",0,"120,000.00"," 13,200.00 "," 133,200.00 ",04002600022889624,PO : PO-L-202601000168
PT. KAWASAKI MOTOR INDONESIA,2/2/2026 11:05,C90947,0441/JL/CKRG/0226,1,TRM0487,BOLT FLANGE 8X20 MC3 G7 (K1410-0025),"39,000.00",PCS,760.00,0,"29,640,000.00"," 3,260,400.00 "," 32,900,400.00 ",04002600025902436,PO : C90947 DO : 12354-020226
PT. DAIWA SINERGI KARYATAMA,2/2/2026 11:10,001/TLJ/DSK/I/26,0485/JL/CKRG/0226,1,KRT00484,PARTISI K2FA PANJANG : 640 X 95 MM PENDEK : 440 X 95 MM,"1,000.00",SET,"6,300.00",0,"6,300,000.00"," 693,000.00 "," 6,993,000.00 ",04002600027867595,PO : 001/TLJ/DSK/I/26 DO : DLV-2602023755
PT. DAIWA SINERGI KARYATAMA,2/2/2026 11:10,001/TLJ/DSK/I/26,0485/JL/CKRG/0226,2,KRT00483,"PARTISI KOWF/LIGHT GUIDE (PANJANG 3, PENDEK 6)",50.00,SET,"3,290.00",0,"164,500.00"," 18,095.00 "," 182,595.00 ",04002600027867595,PO : 001/TLJ/DSK/I/26 DO : DLV-2602023755
PT. SUBANG AUTOCOMP INDONESIA,2/2/2026 13:50,SUAI.TLJP-852601-001,0413/JL/CKRG/0226,1,TRM3454,KARET KUMIS TRANSPARAN 5CM (COKLAT),65.00,KG,"205,000.00",0,"13,325,000.00"," 1,465,750.00 "," 14,790,750.00 ",04002600023365133 ,PO : SUAI.TLJP-852601-001DO NO. : 12364-020226
PT. EHWA INDONESIA,2/2/2026 14:05,PO2501-034,0414/JL/CKRG/0226,1,KRT02571,"BULK BOX 8"" (PM2006)",50.00,PCS,"7,236.00",0,"361,800.00", -   ," 361,800.00 ",,PO : PO2601-079 PO2601-028 PO2506-061 DO : DLV-2602023754
PT. EHWA INDONESIA,2/2/2026 14:05,PO2501-034,0414/JL/CKRG/0226,2,KRT02087,"BULK BOX 7"" (PM2005)",400.00,PCS,"6,543.00",0,"2,617,200.00", -   ," 2,617,200.00 ",,PO : PO2601-079 PO2601-028 PO2506-061 DO : DLV-2602023754
PT. EHWA INDONESIA,2/2/2026 14:05,PO2501-034,0414/JL/CKRG/0226,3,KRT02883,"OUT BOX DIABLO 3"" IP 3 PCS PET 30% (PM2246)","1,000.00",PCS,"1,294.00",0,"1,294,000.00", -   ," 1,294,000.00 ",,PO : PO2601-079 PO2601-028 PO2506-061 DO : DLV-2602023754
PT. EHWA INDONESIA,2/2/2026 14:05,PO2501-034,0414/JL/CKRG/0226,4,KRT02465,"BULK BOX 4"" (PM2001)",300.00,PCS,"3,870.00",0,"1,161,000.00", -   ," 1,161,000.00 ",,PO : PO2601-079 PO2601-028 PO2506-061 DO : DLV-2602023754
PT. EHWA INDONESIA,2/2/2026 14:05,PO2501-034,0414/JL/CKRG/0226,5,KRT01279,OUT BOX BOSCH VA 7INCH IP 5PCS 257X238X47 (PM2095),550.00,PCS,"3,973.00",0,"2,185,150.00", -   ," 2,185,150.00 ",,PO : PO2601-079 PO2601-028 PO2506-061 DO : DLV-2602023754
PT. EHWA INDONESIA,2/2/2026 14:05,PO2501-034,0414/JL/CKRG/0226,6,KRT02565,OUT BOX BOSCH VA 4-5 INCH MP 20 PCS (PM2094),500.00,PCS,"2,955.00",0,"1,477,500.00", -   ," 1,477,500.00 ",,PO : PO2601-079 PO2601-028 PO2506-061 DO : DLV-2602023754
PT. EHWA INDONESIA,2/2/2026 14:05,PO2501-034,0414/JL/CKRG/0226,7,KRT02889,"OUT BOX DIABLO 7"" IP 3PK PET 30% (PM2252)",500.00,PCS,"3,567.00",0,"1,783,500.00", -   ," 1,783,500.00 ",,PO : PO2601-079 PO2601-028 PO2506-061 DO : DLV-2602023754
PT. EHWA INDONESIA,2/2/2026 14:05,PO2501-034,0414/JL/CKRG/0226,8,KRT02891,"OUT BOX DIABLO 7"" MP 15PK PET 30% SEG-TU (PM2254)",500.00,PCS,"5,351.00",0,"2,675,500.00", -   ," 2,675,500.00 ",,PO : PO2601-079 PO2601-028 PO2506-061 DO : DLV-2602023754
PT. EHWA INDONESIA,2/2/2026 14:05,PO2501-034,0414/JL/CKRG/0226,9,KRT01332,OUTBOX BOSCH 4.5 2PACK IP5PCS (PM2195),600.00,PCS,"2,636.00",0,"1,581,600.00", -   ," 1,581,600.00 ",,PO : PO2601-079 PO2601-028 PO2506-061 DO : DLV-2602023754
PT. EHWA INDONESIA,2/2/2026 14:05,PO2501-034,0414/JL/CKRG/0226,10,KRT02169,"OUTBOX SGA 14"" IP 3PCS (PM2223)",100.00,PCS,"3,977.00",0,"397,700.00", -   ," 397,700.00 ",,PO : PO2601-079 PO2601-028 PO2506-061 DO : DLV-2602023754
PT. EVERPRO INDONESIA TECHNOLOGIES,2/2/2026 14:06,PO20260123000050,0415/JL/CKRG/0226,1,KRT04061,(994819000010083) PACKAGING BOX/NEUTRAL LOGO PACKAGING/UK 370X370X430 MM,"3,040.00",PCS,"17,500.00",0,"53,200,000.00"," 5,852,000.00 "," 59,052,000.00 ",04002600023664464,PO : PO20260123000050 DO : DLV-2601303735 DLV-2601283686 DLV-2601273663 DLV-2601253636 DLV-2601233621 DLV-2601233606
PT. EVERPRO INDONESIA TECHNOLOGIES,2/2/2026 14:06,PO20260123000050,0415/JL/CKRG/0226,2,KRT04050,(994819000000192) CARTON 5 LAYERS CORRUGATED PAPER OUTER UK 375X375X375 MM HW EXCLUSIVE,800.00,PCS,"18,600.00",0,"14,880,000.00"," 1,636,800.00 "," 16,516,800.00 ",04002600023664464,PO : PO20260123000050 DO : DLV-2601303735 DLV-2601283686 DLV-2601273663 DLV-2601253636 DLV-2601233621 DLV-2601233606
PT. EVERPRO INDONESIA TECHNOLOGIES,2/2/2026 14:06,PO20260123000050,0415/JL/CKRG/0226,3,KRT03985,(998486000060432) PACKAGING/CARD BOARD/IVORY BOARD/WHITE/27 6MMX200MM/D100012,"12,000.00",PCS,900.00,0,"10,800,000.00"," 1,188,000.00 "," 11,988,000.00 ",04002600023664464,PO : PO20260123000050 DO : DLV-2601303735 DLV-2601283686 DLV-2601273663 DLV-2601253636 DLV-2601233621 DLV-2601233606
PT. EVERPRO INDONESIA TECHNOLOGIES,2/2/2026 14:06,PO20260123000050,0415/JL/CKRG/0226,4,KRT03780,(998486000060400) PACKING/BOX/E-SHAPED INNER CARTON BOX/NO PRINTING /E-SHAPED CORRUGATED PAPER/NATURAL COLOR/280x200x40MM/D500007,"2,300.00",PCS,"2,650.00",0,"6,095,000.00"," 670,450.00 "," 6,765,450.00 ",04002600023664464,PO : PO20260123000050 DO : DLV-2601303735 DLV-2601283686 DLV-2601273663 DLV-2601253636 DLV-2601233621 DLV-2601233606
PT. EVERPRO INDONESIA TECHNOLOGIES,2/2/2026 14:06,PO20260123000050,0415/JL/CKRG/0226,5,KRT03781,(998486000060401) PACKING/BOX/F-SHAPED OUTER CARTON/BLACK PRINTING/DOUBLE-LAYER CORRUGATED PAPER/NATURAL COLOR/440X300X485MM/D500051,130.00,PCS,"18,960.00",0,"2,464,800.00"," 271,128.00 "," 2,735,928.00 ",04002600023664464,PO : PO20260123000050 DO : DLV-2601303735 DLV-2601283686 DLV-2601273663 DLV-2601253636 DLV-2601233621 DLV-2601233606
PT. EVERPRO INDONESIA TECHNOLOGIES,2/2/2026 14:08,PO20251215000157,0416/JL/CKRG/0226,1,KRT04061,(994819000010083) PACKAGING BOX/NEUTRAL LOGO PACKAGING/UK 370X370X430 MM,800.00,PCS,"17,500.00",0,"14,000,000.00"," 1,540,000.00 "," 15,540,000.00 ",04002600023664465,PO : PO20251215000157 DO : DLV-2601233605 DLV-2601223599
PT. Essilorluxottica Professional Solutions Indonesia,2/2/2026 19:41,PO-000006550,0525/JL/CKRG/0226,1,KRT01579,CARTON BOX 360X242X250MM (NON PRINTED) (CSUCMMS002156),60.00,PCS,"4,900.00",0,"294,000.00"," 32,340.00 "," 326,340.00 ",,PO : PO-000006550 DO : DLV-2602023757
PT. Essilorluxottica Professional Solutions Indonesia,2/2/2026 19:41,PO-000006550,0525/JL/CKRG/0226,2,KRT01580,CARTON BOX 495X360X250MM (NON PRINTED) (CSUCMMS002157),100.00,PCS,"7,600.00",0,"760,000.00"," 83,600.00 "," 843,600.00 ",,PO : PO-000006550 DO : DLV-2602023757
PT. Essilorluxottica Professional Solutions Indonesia,2/2/2026 19:41,PO-000006550,0525/JL/CKRG/0226,3,KRT01587,BOX FRAME 15X6.5X4CM (CSUCMMS002913),500.00,PCS,800.00,0,"400,000.00"," 44,000.00 "," 444,000.00 ",,PO : PO-000006550 DO : DLV-2602023757
PT. FUKOKU TOKAI RUBBER INDONESIA,2/2/2026 20:53,022-CM-B-0126,0535/JL/CKRG/0226,1,KRT02895,CARTON BOX TRAD 335X335X260MM K150/M125X3/K150 BC/F,100.00,SHEET,"9,900.00",0,"990,000.00"," 108,900.00 "," 1,098,900.00 ",,PO : 022-CM-B-0126 DO : DLV-2601283682
PT. TRIDAYA PERSANUSA PRATAMA,2/2/2026 20:59,0109/PB/UTM/0126,0537/JL/CKRG/0226,1,KRT00012,ALAS KARTON 110 X 110 CM,250.00,LBR,"15,125.00",0,"3,781,250.00"," 415,937.50 "," 4,197,187.50 ",,PO : 0109/PB/UTM/0126 DO : DLV-2602023759
PT. SIGMA PACK GEMILANG,2/2/2026 21:35,SPG-PO/460/XII-2025,0547/JL/CKRG/0226,1,KRT03547,CB.DPT-IC0G-M034 K200/M125/K200 B/F 570X190X190,220.00,PCS,"6,559.00",0,"1,442,980.00"," 158,727.80 "," 1,601,707.80 ",,PO : SPG-PO/460/XII-2025 DO : DLV-2602023760
PT. KAWATA INDONESIA,2/3/2026 9:17,KIPO25100184,0422/JL/CKRG/0226,1,TRM0072,STEREO FOAM 3MM (NB233),2.00,ROL,"641,520.00",0,"1,283,040.00"," 141,134.40 "," 1,424,174.40 ",04002600024483734,PO : KIPO25100184DO NO. : 12366-030226-KIPO25100184
PT. DAE HWA INDONESIA,2/3/2026 10:02,TLJ/25-0108,0434/JL/CKRG/0226,1,KRT00193,CARTON BOX DH12 380X290X150 SINGLE,45.00,EA,"4,450.00",0,"200,250.00"," 22,027.50 "," 222,277.50 ",04002600025426692,PO : TLJ/25-0108 DO : DLV-2602033783
PT. DAE HWA INDONESIA,2/3/2026 10:11,TLJP/26-0005,0435/JL/CKRG/0226,1,KRT01266,PAPER ANGEL 50X50X10X1200,20.00,EA,"16,000.00",0,"320,000.00"," 35,200.00 "," 355,200.00 ",04002600025426681,PO : TLJP/26-0005 DO : DLV-2602033785
PT. DAE HWA INDONESIA,2/3/2026 10:11,TLJP/26-0005,0435/JL/CKRG/0226,2,KRT01390,PAPER ANGEL 50X50X10X1000,50.00,EA,"15,500.00",0,"775,000.00"," 85,250.00 "," 860,250.00 ",04002600025426681,PO : TLJP/26-0005 DO : DLV-2602033785
PT. DAE HWA INDONESIA,2/3/2026 10:11,TLJP/26-0005,0435/JL/CKRG/0226,3,KRT02983,PAPER ANGEL 50X50X10X1020,35.00,PCS,"15,700.00",0,"549,500.00"," 60,445.00 "," 609,945.00 ",04002600025426681,PO : TLJP/26-0005 DO : DLV-2602033785
PT. DAE HWA INDONESIA,2/3/2026 10:15,TLJ/26-0002,0436/JL/CKRG/0226,1,KRT00228,CARTON BOX DH 5 POLOS 820X450X680 MM K125/M125/K125 C/F,100.00,EA,"22,700.00",0,"2,270,000.00"," 249,700.00 "," 2,519,700.00 ",04002600025426668,PO : TLJ/26-0002 DO : DLV-2602033784
PT. DAE HWA INDONESIA,2/3/2026 10:18,TLJ/26-0006,0437/JL/CKRG/0226,1,KRT00189,CARTON BOX DFI 690X510X450 MM K125/M125X3/K125 CB/F,85.00,EA,"21,480.00",0,"1,825,800.00"," 200,838.00 "," 2,026,638.00 ",04002600025426676,PO : TLJ/26-0006 DO : DLV-2602033781
PT. DAE HWA INDONESIA,2/3/2026 10:23,TLJ/26-0004,0438/JL/CKRG/0226,1,KRT00193,CARTON BOX DH12 380X290X150 SINGLE,100.00,EA,"4,450.00",0,"445,000.00"," 48,950.00 "," 493,950.00 ",04002600025426687,PO : TLJ/26-0004 DO : DLV-2602033782
PT. DAE HWA INDONESIA,2/3/2026 10:23,TLJ/26-0004,0438/JL/CKRG/0226,2,KRT02722,CARTON BOX DH8 POLOS 727X380X320MM K200/M125/K200 C/F,300.00,PCS,"12,800.00",0,"3,840,000.00"," 422,400.00 "," 4,262,400.00 ",04002600025426687,PO : TLJ/26-0004 DO : DLV-2602033782
PT. DAIWA SINERGI KARYATAMA,2/3/2026 15:20,024/TLJ/DSK/XII/25,0516/JL/CKRG/0226,1,KRT04951,PARTISI SENSOR K07A,70.00,PCS,"6,300.00",0,"441,000.00"," 48,510.00 "," 489,510.00 ",04002600028731789,PO : 024/TLJ/DSK/XII/25 DO : DLV-2602023766
PT. Essilorluxottica Professional Solutions Indonesia,2/3/2026 19:47,PO-000010316,0526/JL/CKRG/0226,1,KRT02787,DUS DISPATH COKLAT SEDANG 175X100X100MM (CSUCMMS003276),600.00,PCS,900.00,0,"540,000.00"," 59,400.00 "," 599,400.00 ",,PO : PO-000010316 DO : DLV-2602033790
PT. Essilorluxottica Professional Solutions Indonesia,2/3/2026 19:47,PO-000010316,0526/JL/CKRG/0226,2,KRT01608,BOX BULK POLOS TERTUTUP 8.8X49X18 CM (ISUPROIS00023),300.00,PCS,"3,400.00",0,"1,020,000.00"," 112,200.00 "," 1,132,200.00 ",,PO : PO-000010316 DO : DLV-2602033790
PT. Essilorluxottica Professional Solutions Indonesia,2/3/2026 20:08,PO-000006186,0527/JL/CKRG/0226,1,KRT01557,BOX BULK LOGO PACKING 40X50X40 (CSUCMMS002871),20.00,PCS,"14,900.00",0,"298,000.00"," 32,780.00 "," 330,780.00 ",,PO : PO-000006186 DO : DLV-2602033793
PT. Essilorluxottica Professional Solutions Indonesia,2/3/2026 20:09,PO-000002818,0528/JL/CKRG/0226,1,KRT02405,DUS DISPATH COKLAT BESAR 230 X 175 X 100 MM (CSUCMMS003443),300.00,PCS,"2,000.00",0,"600,000.00"," 66,000.00 "," 666,000.00 ",,PO : PO-000002818 DO : DLV-2602033792
PT. Essilorluxottica Professional Solutions Indonesia,2/3/2026 20:11,PO-000007818,0529/JL/CKRG/0226,1,KRT02788,DUS DISPATH COKLAT KECIL 175X100X72MM (CSUCMMS003275),"1,000.00",PCS,800.00,0,"800,000.00"," 88,000.00 "," 888,000.00 ",,PO : PO-000007818 DO : DLV-2602033791
PT. FUKOKU TOKAI RUBBER INDONESIA,2/3/2026 20:46,008-CM-B-0126,0533/JL/CKRG/0226,1,KRT02896,CARTON BOX (IND) 335X265X100MM,400.00,SHEET,"5,800.00",0,"2,320,000.00"," 255,200.00 "," 2,575,200.00 ",,PO : 008-CM-B-0126 DO : DLV-2602033789 DLV-2512183162 DLV-2601283683
PT. FUKOKU TOKAI RUBBER INDONESIA,2/3/2026 20:46,008-CM-B-0126,0533/JL/CKRG/0226,2,KRT01217,LAYER 1050X1050MM (K150/M125X3/K150 CBF),10.00,PCS,"12,300.00",0,"123,000.00"," 13,530.00 "," 136,530.00 ",,PO : 008-CM-B-0126 DO : DLV-2602033789 DLV-2512183162 DLV-2601283683
PT. FUKOKU TOKAI RUBBER INDONESIA,2/3/2026 20:46,008-CM-B-0126,0533/JL/CKRG/0226,3,KRT02897,CARTON BOX 011 SF 180X275X80MM,200.00,PCS,"1,900.00",0,"380,000.00"," 41,800.00 "," 421,800.00 ",,PO : 008-CM-B-0126 DO : DLV-2602033789 DLV-2512183162 DLV-2601283683
PT. FUKOKU TOKAI RUBBER INDONESIA,2/3/2026 20:46,008-CM-B-0126,0533/JL/CKRG/0226,4,KRT01218,CARTON BOX HOP TORQUE 305X305X216MM (PRINTING) K150/M125X3/K150 CBF,50.00,PCS,"7,100.00",0,"355,000.00"," 39,050.00 "," 394,050.00 ",,PO : 008-CM-B-0126 DO : DLV-2602033789 DLV-2512183162 DLV-2601283683
PT. FUKOKU TOKAI RUBBER INDONESIA,2/3/2026 20:46,008-CM-B-0126,0533/JL/CKRG/0226,5,KRT01221,CARTON BOX ISUZU P/N. 8974968572 UK: 375X280X175MM (K150/M125X3/K150 CB/F),150.00,SET,"13,063.00",0,"1,959,450.00"," 215,539.50 "," 2,174,989.50 ",,PO : 008-CM-B-0126 DO : DLV-2602033789 DLV-2512183162 DLV-2601283683
PT. FUKOKU TOKAI RUBBER INDONESIA,2/3/2026 20:46,008-CM-B-0126,0533/JL/CKRG/0226,6,KRT01301,CARTON BOX 1533660451 CARTON BOX : 375X280X175 MM,100.00,SET,"9,000.00",0,"900,000.00"," 99,000.00 "," 999,000.00 ",,PO : 008-CM-B-0126 DO : DLV-2602033789 DLV-2512183162 DLV-2601283683
PT. FUKOKU TOKAI RUBBER INDONESIA,2/3/2026 20:46,008-CM-B-0126,0533/JL/CKRG/0226,7,KRT02898,CARTON BOX 1533660412 375X280X175MM,150.00,SET,"10,000.00",0,"1,500,000.00"," 165,000.00 "," 1,665,000.00 ",,PO : 008-CM-B-0126 DO : DLV-2602033789 DLV-2512183162 DLV-2601283683
PT. FUKOKU TOKAI RUBBER INDONESIA,2/3/2026 20:46,008-CM-B-0126,0533/JL/CKRG/0226,8,KRT02725,CARTON BOX ME017116 355X355X97 MM (TANPA PARTISI),130.00,PCS,"7,300.00",0,"949,000.00"," 104,390.00 "," 1,053,390.00 ",,PO : 008-CM-B-0126 DO : DLV-2602033789 DLV-2512183162 DLV-2601283683
PT. FUKOKU TOKAI RUBBER INDONESIA,2/3/2026 20:50,012-CM-B-0126,0534/JL/CKRG/0226,1,KRT02903,"CARTON BOX ""TAM"" UK 150X150X50MM K200.M125/K150 BF",400.00,SHEET,"1,500.00",0,"600,000.00"," 66,000.00 "," 666,000.00 ",,PO : 012-CM-B-0126 DO : DLV-2602033788
PT. FUKOKU TOKAI RUBBER INDONESIA,2/3/2026 20:50,012-CM-B-0126,0534/JL/CKRG/0226,2,KRT02904,"CARTON BOX ""ADM"" UK 150X150X50MM K200.M125/K150 BF",400.00,PCS,"1,550.00",0,"620,000.00"," 68,200.00 "," 688,200.00 ",,PO : 012-CM-B-0126 DO : DLV-2602033788
PT. FUKOKU TOKAI RUBBER INDONESIA,2/3/2026 20:50,012-CM-B-0126,0534/JL/CKRG/0226,3,KRT02106,CARTON BOX TAM IMV 150X150X65 MM (K150/M125/K150/B/F),400.00,PCS,"1,400.00",0,"560,000.00"," 61,600.00 "," 621,600.00 ",,PO : 012-CM-B-0126 DO : DLV-2602033788
PT. YAMATOGOMU INDONESIA,2/4/2026 8:36,26010059,0476/JL/CKRG/0226,1,KRT00319,KARTON BOX NS-6,500.00,PCS,"18,695.00",0,"9,347,500.00", -   ," 9,347,500.00 ",,PO : 26010059 DO : DLV-2602043804
PT. EHWA INDONESIA,2/4/2026 9:21,PO2501-034,0477/JL/CKRG/0226,1,KRT01279,OUT BOX BOSCH VA 7INCH IP 5PCS 257X238X47 (PM2095),"1,450.00",PCS,"3,973.00",0,"5,760,850.00", -   ," 5,760,850.00 ",,PO : PO2601-079 DO : DLV-2602043805
PT. EHWA INDONESIA,2/4/2026 9:21,PO2501-034,0477/JL/CKRG/0226,2,KRT02889,"OUT BOX DIABLO 7"" IP 3PK PET 30% (PM2252)","1,000.00",PCS,"3,567.00",0,"3,567,000.00", -   ," 3,567,000.00 ",,PO : PO2601-079 DO : DLV-2602043805
PT. EHWA INDONESIA,2/4/2026 9:21,PO2501-034,0477/JL/CKRG/0226,3,KRT02169,"OUTBOX SGA 14"" IP 3PCS (PM2223)","1,000.00",PCS,"3,977.00",0,"3,977,000.00", -   ," 3,977,000.00 ",,PO : PO2601-079 DO : DLV-2602043805
PT. KAWATA INDONESIA,2/4/2026 9:23,KIPO26020016,0478/JL/CKRG/0226,1,TRM3030,"BRASS BALL VALVE 40A (LONG HANDLE ORANGE) MDT MODEL BV-600(1 1/2"") (CS099-1)",3.00,PCS,"420,000.00",0,"1,260,000.00"," 138,600.00 "," 1,398,600.00 ",04012600024483731,PO : KIPO26020016DEL. NO : 12372-040226-KIPO26020016
PT. KAWATA INDONESIA,2/4/2026 9:31,KIPO26020015,0479/JL/CKRG/0226,1,TRM0054,PLASTIC CLIP CLEAR 10CMX7CM [100PCS/PCK] (NB067-1),10.00,PCK,"6,100.00",0,"61,000.00"," 6,710.00 "," 67,710.00 ",04002600026281974,PO : KIPO26020015DEL. NO : 12373-040226-KIPO26020015
PT. KAWATA INDONESIA,2/4/2026 9:31,KIPO26020015,0479/JL/CKRG/0226,2,TRM0079,BUBBLE SHEET (NB058),3.00,ROL,"156,245.00",0,"468,735.00"," 51,560.85 "," 520,295.85 ",04002600026281974,PO : KIPO26020015DEL. NO : 12373-040226-KIPO26020015
PT. KAWATA INDONESIA,2/4/2026 9:32,KIPO26010243,0480/JL/CKRG/0226,1,TRM1370,METAL CONNECTOR SINOCONTEC PLUG+ FLANGE SOCKET 19M-4A+4E (4PIN) ZINC ALLOY,1.00,SET,"136,000.00",0,"136,000.00"," 14,960.00 "," 150,960.00 ",04002600026281954,PO : KIPO26010243DEL. NO : 12374-040226-KIPO26010243
PT. KAWATA INDONESIA,2/4/2026 9:38,KIPO26010263,0481/JL/CKRG/0226,1,TRM0670,SPRING WASHER / RING PER M5 (S20C) (ZINC PLATED) (JB003),"1,000.00",PCS,44.00,0,"44,000.00"," 4,840.00 "," 48,840.00 ",04002600026281952,PO : KIPO26010263DEL. NO : 12375-040226-KIPO26010263
PT. KAWATA INDONESIA,2/4/2026 9:38,KIPO26010263,0481/JL/CKRG/0226,2,TRM0301,SPRING WASHER / RING PER M6 (SS400) (ZINC PLATED) (NB345),"2,000.00",PCS,48.00,0,"96,000.00"," 10,560.00 "," 106,560.00 ",04002600026281952,PO : KIPO26010263DEL. NO : 12375-040226-KIPO26010263
PT. KAWATA INDONESIA,2/4/2026 9:38,KIPO26010263,0481/JL/CKRG/0226,3,TRM0348,FLAT WASHER / RING PLATE (SS400) M6 (GALVANIZED) (NB033),"1,000.00",PCS,48.00,0,"48,000.00"," 5,280.00 "," 53,280.00 ",04002600026281952,PO : KIPO26010263DEL. NO : 12375-040226-KIPO26010263
PT. KAWATA INDONESIA,2/4/2026 9:38,KIPO26010263,0481/JL/CKRG/0226,4,TRM0296,HEX. NUT /  MUR (S20C) M6X1.0 (GALVANIZED) (JA006),500.00,PCS,190.00,0,"95,000.00"," 10,450.00 "," 105,450.00 ",04002600026281952,PO : KIPO26010263DEL. NO : 12375-040226-KIPO26010263
PT. KAWATA INDONESIA,2/4/2026 9:38,KIPO26010263,0481/JL/CKRG/0226,5,TRM0347,FLAT WASHER / RING PLATE (SS400) M4 (GALVANIZED) (NB512),"2,000.00",PCS,34.00,0,"68,000.00"," 7,480.00 "," 75,480.00 ",04002600026281952,PO : KIPO26010263DEL. NO : 12375-040226-KIPO26010263
PT. KAWATA INDONESIA,2/4/2026 9:38,KIPO26010263,0481/JL/CKRG/0226,6,TRM0671,FLAT WASHER / RING PLATE (SS400) Ø8 LEBAR (GALVANIZED) (NB419),300.00,PCS,346.00,0,"103,800.00"," 11,418.00 "," 115,218.00 ",04002600026281952,PO : KIPO26010263DEL. NO : 12375-040226-KIPO26010263
PT. KAWATA INDONESIA,2/4/2026 9:38,KIPO26010263,0481/JL/CKRG/0226,7,TRM0673,"TAPING SCREW 8X3/8"" GALVANIZED (NB368)",500.00,PCS,60.00,0,"30,000.00"," 3,300.00 "," 33,300.00 ",04002600026281952,PO : KIPO26010263DEL. NO : 12375-040226-KIPO26010263
PT. KAWATA INDONESIA,2/4/2026 9:38,KIPO26010263,0481/JL/CKRG/0226,8,TRM2158,CLAMP HOSE BAND (SILVER) Ø42 -  Ø48 (DOUBLE WIRE CLAMP) FOR PVC HOSE Ø38 /SILICONE HOSE  Ø43 (SUNTRAC) (NB060-1),300.00,PCS,"6,500.00",0,"1,950,000.00"," 214,500.00 "," 2,164,500.00 ",04002600026281952,PO : KIPO26010263DEL. NO : 12375-040226-KIPO26010263
PT. KAWATA INDONESIA,2/4/2026 9:38,KIPO26010263,0481/JL/CKRG/0226,9,TRM1158,CLAMP HOSE BAND (SILVER) Ø50-Ø55 (DOUBLE WIRE CLAMP) FOR SILICON HOSE Ø51 (SUNTRAC) (NB065),500.00,PCS,"6,412.00",0,"3,206,000.00"," 352,660.00 "," 3,558,660.00 ",04002600026281952,PO : KIPO26010263DEL. NO : 12375-040226-KIPO26010263
PT. KAWATA INDONESIA,2/4/2026 9:38,KIPO26010263,0481/JL/CKRG/0226,10,TRM0099,BOLT (BAUT JP) M4XP.07XL50MM (GALVANIZED) (NB488-1),500.00,PCS,384.00,0,"192,000.00"," 21,120.00 "," 213,120.00 ",04002600026281952,PO : KIPO26010263DEL. NO : 12375-040226-KIPO26010263
PT. KAWATA INDONESIA,2/4/2026 9:38,KIPO26010263,0481/JL/CKRG/0226,11,TRM0299,BOLT (BAUT L) M8XP1.25XL20MM (GALVANIZED) (NB360),500.00,PCS,891.00,0,"445,500.00"," 49,005.00 "," 494,505.00 ",04002600026281952,PO : KIPO26010263DEL. NO : 12375-040226-KIPO26010263
PT. KAWATA INDONESIA,2/4/2026 9:38,KIPO26010263,0481/JL/CKRG/0226,12,TRM0298,BOLT (BAUT HEXAGONAL) M8XP1.25XL25MM (GALVANIZED) (HA059),500.00,PCS,500.00,0,"250,000.00"," 27,500.00 "," 277,500.00 ",04002600026281952,PO : KIPO26010263DEL. NO : 12375-040226-KIPO26010263
PT. KAWATA INDONESIA,2/4/2026 9:38,KIPO26010263,0481/JL/CKRG/0226,13,TRM0117,BOLT (BAUT L) M8XP1.25XL16MM (GALVANIZED) (NB139),500.00,PCS,"1,650.00",0,"825,000.00"," 90,750.00 "," 915,750.00 ",04002600026281952,PO : KIPO26010263DEL. NO : 12375-040226-KIPO26010263
PT. KAWATA INDONESIA,2/4/2026 9:40,KIPO26010257,0482/JL/CKRG/0226,1,TRM0697,SARUNG TANGAN KARET SENSI SIZE : XL (NB145),3.00,BOX,"103,230.00",0,"309,690.00"," 34,065.90 "," 343,755.90 ",04002600026281919,PO : KIPO26010257DEL. NO : 12376-040226-KIPO26010257
PT. GESIA CIPTA BUANA,2/4/2026 20:25,NST/PO/TLJP/2026-003,0532/JL/CKRG/0226,1,KRT04920,PAPER REEL 330,"1,500.00",PCS,"1,000.00",0,"1,500,000.00"," 165,000.00 "," 1,665,000.00 ",,PO : NST/PO/TLJP/2026-003 DO : DLV-2602043819 DLV-2602033786
PT. GESIA CIPTA BUANA,2/4/2026 20:25,NST/PO/TLJP/2026-003,0532/JL/CKRG/0226,2,KRT05025,PAPER REEL 360,500.00,PCS,"1,150.00",0,"575,000.00"," 63,250.00 "," 638,250.00 ",,PO : NST/PO/TLJP/2026-003 DO : DLV-2602043819 DLV-2602033786
PT. GESIA CIPTA BUANA,2/4/2026 20:25,NST/PO/TLJP/2026-003,0532/JL/CKRG/0226,3,KRT04921,PAPER REEL 370,"1,000.00",PCS,"1,260.00",0,"1,260,000.00"," 138,600.00 "," 1,398,600.00 ",,PO : NST/PO/TLJP/2026-003 DO : DLV-2602043819 DLV-2602033786
PT. GESIA CIPTA BUANA,2/4/2026 20:25,NST/PO/TLJP/2026-003,0532/JL/CKRG/0226,4,KRT04922,PAPER REEL 380,"2,000.00",PCS,"1,350.00",0,"2,700,000.00"," 297,000.00 "," 2,997,000.00 ",,PO : NST/PO/TLJP/2026-003 DO : DLV-2602043819 DLV-2602033786
PT. TRI SAUDARA SENTOSA INDUSTRI,2/4/2026 21:01,PO2-2026/A/039/RMIP,0538/JL/CKRG/0226,1,KRT02910,LAYER KARTON BOX IA (590X390MM),"3,500.00",PCS,900.00,0,"3,150,000.00"," 346,500.00 "," 3,496,500.00 ",,PO : PO2-2026/A/039/RMIP DO : DLV-2602043817
PT. ASAHI INDONESIA,2/4/2026 21:02,PUR-PO/0126/0101,0539/JL/CKRG/0226,1,KRT00248,CARTON LAYER 950X770,740.00,PCS,"5,600.00",0,"4,144,000.00"," 455,840.00 "," 4,599,840.00 ",,PO : PUR-PO/0126/0101 DO : DLV-2602043820
PT. GUNA BAKTI UNGGUL,2/4/2026 21:08,GBU/PO/C/01/2026/00039,0541/JL/CKRG/0226,1,KRT01318,DUS SEALWARE BAHAMA S (SW 17S) 78X73.5X48.5 CM,100.00,PCS,"15,766.00",0,"1,576,600.00"," 173,426.00 "," 1,750,026.00 ",,PO : GBU/PO/C/01/2026/00039 DO : DLV-2602033795
PT. GUNA BAKTI UNGGUL,2/4/2026 21:08,GBU/PO/C/01/2026/00039,0541/JL/CKRG/0226,2,KRT03418,"DUS SEALWARE ELSA S (69,5X69,5X47,5 CM)",100.00,PCS,"34,900.00",0,"3,490,000.00"," 383,900.00 "," 3,873,900.00 ",,PO : GBU/PO/C/01/2026/00039 DO : DLV-2602033795
PT. GUNA BAKTI UNGGUL,2/4/2026 21:08,GBU/PO/C/01/2026/00039,0541/JL/CKRG/0226,3,KRT03422,"MASTER BOX SEALWARE SWEETY L (UK 69,5X51X57,5 CM)",75.00,PCS,"27,160.00",0,"2,037,000.00"," 224,070.00 "," 2,261,070.00 ",,PO : GBU/PO/C/01/2026/00039 DO : DLV-2602033795
"SANOH INDONESIA, PT",2/4/2026 21:15,PL2600223,0543/JL/CKRG/0226,1,KRT00028,BOX 1050 X 260 X 115 SNI03,100.00,PCS,"15,996.00",0,"1,599,600.00"," 175,956.00 "," 1,775,556.00 ",,PO : PL2600223 DO : DLV-2602043818
"SANOH INDONESIA, PT",2/4/2026 21:15,PL2600223,0543/JL/CKRG/0226,2,KRT00051,BOX 700 X 360 X 250 SNI07,50.00,PCS,"16,926.00",0,"846,300.00"," 93,093.00 "," 939,393.00 ",,PO : PL2600223 DO : DLV-2602043818
"SANOH INDONESIA, PT",2/4/2026 21:15,PL2600223,0543/JL/CKRG/0226,3,KRT00052,BOX 735 X 255 X 200 SNI09,50.00,PCS,"14,415.00",0,"720,750.00"," 79,282.50 "," 800,032.50 ",,PO : PL2600223 DO : DLV-2602043818
"SANOH INDONESIA, PT",2/4/2026 21:15,PL2600223,0543/JL/CKRG/0226,4,KRT00042,BOX 500 X 330 X 240 SNI11,100.00,PCS,"13,485.00",0,"1,348,500.00"," 148,335.00 "," 1,496,835.00 ",,PO : PL2600223 DO : DLV-2602043818
PT. KAWATA INDONESIA,2/5/2026 8:59,KIPO26010263,0502/JL/CKRG/0226,1,TRM2158,CLAMP HOSE BAND (SILVER) Ø42 -  Ø48 (DOUBLE WIRE CLAMP) FOR PVC HOSE Ø38 /SILICONE HOSE  Ø43 (SUNTRAC) (NB060-1),200.00,PCS,"6,500.00",0,"1,300,000.00"," 143,000.00 "," 1,443,000.00 ",04002600027744223,PO : KIPO26010263DEL. NO : 12379-050226-KIPO26010263
PT INTEGRASI MEDIKA PRIMA,2/5/2026 9:10,PO-L-2026020000035,0503/JL/CKRG/0226,1,TRM3223,LAMPU DOWNLIGHT 15W,8.00,PCS,"217,500.00",0,"1,740,000.00"," 191,400.00 "," 1,931,400.00 ",04002600027717184,PO : PO-L-2026020000035DEL. NO : 12379-050226
PT. KAWATA INDONESIA,2/5/2026 9:52,KIPO26010223,0504/JL/CKRG/0226,1,TRM0131,CABLE NYAF Ø0.50MM2 (YELLOW) [100MTR/ROLL] (CC491-1),"1,000.00",MTR,"1,465.00",0,"1,465,000.00"," 161,150.00 "," 1,626,150.00 ",04012600027744247,PO : KIPO26010223 DO : 12001-050226-KIPO26010223
PT. KAWATA INDONESIA,2/5/2026 9:52,KIPO26010223,0504/JL/CKRG/0226,2,TRM0012,CABLE NYAF Ø0.50MM2 (BLUE) [100MTR/ROLL] (CC481),"1,000.00",MTR,"1,465.00",0,"1,465,000.00"," 161,150.00 "," 1,626,150.00 ",04012600027744247,PO : KIPO26010223 DO : 12001-050226-KIPO26010223
PT. KAWATA INDONESIA,2/5/2026 9:52,KIPO26010223,0504/JL/CKRG/0226,3,TRM1966,CABLE NYAF Ø6.00MM2 (WHITE) [100M/ROLL] (CC480),100.00,MTR,"14,260.00",0,"1,426,000.00"," 156,860.00 "," 1,582,860.00 ",04012600027744247,PO : KIPO26010223 DO : 12001-050226-KIPO26010223
PT. KAWATA INDONESIA,2/5/2026 9:52,KIPO26010223,0504/JL/CKRG/0226,4,TRM0063,ROCK WOOL  Ø16 X  Ø26 (BESAR) (NB390),35.00,PCS,"214,600.00",0,"7,511,000.00"," 826,210.00 "," 8,337,210.00 ",04012600027744247,PO : KIPO26010223 DO : 12001-050226-KIPO26010223
PT. STAR TEC PACIFIC,2/5/2026 10:04,PO/STP/I/2026/006,0505/JL/CKRG/0226,1,KRT02150,SIDE REEL 10 STP,750.00,SET,"5,900.00",0,"4,425,000.00"," 486,750.00 "," 4,911,750.00 ",04002600027779599,PO : PO/STP/I/2026/006 DO : DLV-2602053850
PT. EHWA INDONESIA,2/5/2026 11:52,PO2501-034,0510/JL/CKRG/0226,1,KRT02571,"BULK BOX 8"" (PM2006)",50.00,PCS,"7,236.00",0,"361,800.00", -   ," 361,800.00 ",,PO : PO2506-061 PO2601-028 PO2601-079 DO : DLV-2602053851
PT. EHWA INDONESIA,2/5/2026 11:52,PO2501-034,0510/JL/CKRG/0226,2,KRT02883,"OUT BOX DIABLO 3"" IP 3 PCS PET 30% (PM2246)","1,500.00",PCS,"1,294.00",0,"1,941,000.00", -   ," 1,941,000.00 ",,PO : PO2506-061 PO2601-028 PO2601-079 DO : DLV-2602053851
PT. EHWA INDONESIA,2/5/2026 11:52,PO2501-034,0510/JL/CKRG/0226,3,KRT02884,"OUT BOX DIABLO 3"" MP 15 PCS PET 30% (PM2247)","1,000.00",PCS,"2,279.00",0,"2,279,000.00", -   ," 2,279,000.00 ",,PO : PO2506-061 PO2601-028 PO2601-079 DO : DLV-2602053851
PT. EHWA INDONESIA,2/5/2026 11:52,PO2501-034,0510/JL/CKRG/0226,4,KRT02169,"OUTBOX SGA 14"" IP 3PCS (PM2223)",400.00,PCS,"3,977.00",0,"1,590,800.00", -   ," 1,590,800.00 ",,PO : PO2506-061 PO2601-028 PO2601-079 DO : DLV-2602053851
PT. EHWA INDONESIA,2/5/2026 14:04,PO2501-034,0511/JL/CKRG/0226,1,KRT01897,"BULK BOX 5"" (PM2003)",200.00,PCS,"4,932.00",0,"986,400.00", -   ," 986,400.00 ",,PO : PO2512-102 PO2601-062 PO2601-079 DO : PO2601-079
PT. EHWA INDONESIA,2/5/2026 14:04,PO2501-034,0511/JL/CKRG/0226,2,KRT00273,EURO SHIPPING BOX 1180X780X780 (PM9044),23.00,SET,"199,000.00",0,"4,577,000.00", -   ," 4,577,000.00 ",,PO : PO2512-102 PO2601-062 PO2601-079 DO : PO2601-079
PT. EHWA INDONESIA,2/5/2026 14:04,PO2501-034,0511/JL/CKRG/0226,3,KRT02885,"OUT BOX DIABLO 4""-5"" IP 5PK PET 30% (PM2248)","1,000.00",PCS,"2,264.00",0,"2,264,000.00", -   ," 2,264,000.00 ",,PO : PO2512-102 PO2601-062 PO2601-079 DO : PO2601-079
PT. EHWA INDONESIA,2/5/2026 14:04,PO2501-034,0511/JL/CKRG/0226,4,KRT02886,"0UT BOX DIABLO 4""-5"" MP 20PK PET 30% (PM2249)",300.00,PCS,"3,185.00",0,"955,500.00", -   ," 955,500.00 ",,PO : PO2512-102 PO2601-062 PO2601-079 DO : PO2601-079
PT. EHWA INDONESIA,2/5/2026 14:04,PO2501-034,0511/JL/CKRG/0226,5,KRT01332,OUTBOX BOSCH 4.5 2PACK IP5PCS (PM2195),"1,050.00",PCS,"2,636.00",0,"2,767,800.00", -   ," 2,767,800.00 ",,PO : PO2512-102 PO2601-062 PO2601-079 DO : PO2601-079
PT. EHWA INDONESIA,2/5/2026 14:04,PO2501-034,0511/JL/CKRG/0226,6,KRT01333,OUTBOX BOSCH 4.5 2PACK MP20PCS (PM2196),500.00,PCS,"5,723.00",0,"2,861,500.00", -   ," 2,861,500.00 ",,PO : PO2512-102 PO2601-062 PO2601-079 DO : PO2601-079
PT. EHWA INDONESIA,2/5/2026 14:04,PO2501-034,0511/JL/CKRG/0226,7,KRT04978,"OUTBOX KOBALT 3"" IP (4PCS) (PM2270)",460.00,PCS,950.00,0,"437,000.00", -   ," 437,000.00 ",,PO : PO2512-102 PO2601-062 PO2601-079 DO : PO2601-079
PT. DAE HWA INDONESIA,2/5/2026 14:27,TLJ/25-0108,0512/JL/CKRG/0226,1,KRT00191,CARTON BOX DH1 560X380X340 CF,100.00,EA,"9,400.00",0,"940,000.00"," 103,400.00 "," 1,043,400.00 ",,PO : TLJ/25-0108 DO : DLV-2602053853
PT. DAE HWA INDONESIA,2/5/2026 14:34,TLJ/26-0004,0513/JL/CKRG/0226,1,KRT00195,CARTON BOX DH15 380X280X270 CBF,200.00,EA,"7,980.00",0,"1,596,000.00"," 175,560.00 "," 1,771,560.00 ",,PO : TLJ/26-0004 DO : DLV-2602053854
PT. DAE HWA INDONESIA,2/5/2026 14:36,TLJ/25-0106,0514/JL/CKRG/0226,1,KRT00200,CARTON BOX DH4 380X280X270 CBF,100.00,EA,"5,320.00",0,"532,000.00"," 58,520.00 "," 590,520.00 ",,PO : TLJ/25-0106 DO : DLV-2602053855
PT. Cipta Synergi Indonesia,2/5/2026 20:20,008/CSI/PO/I/2026,0531/JL/CKRG/0226,1,IMP4462,MODIF BOX A SIZE BEFORE 1400 X 120 X 400 SIZE AFTER 1400 X 120 X 200,5.00,PCS,"29,500.00",0,"147,500.00"," 16,225.00 "," 163,725.00 ",,PO : 008/CSI/PO/1/2026 DO : DLV-2602043828
PT. Cipta Synergi Indonesia,2/5/2026 20:20,008/CSI/PO/I/2026,0531/JL/CKRG/0226,2,IMP4463,MODIF BOX B SIZE BEFORE 1100 X 120 X 400 SIZE AFTER 1100 X 120 X 200,4.00,PCS,"29,500.00",0,"118,000.00"," 12,980.00 "," 130,980.00 ",,PO : 008/CSI/PO/1/2026 DO : DLV-2602043828
PT. Cipta Synergi Indonesia,2/5/2026 20:20,008/CSI/PO/I/2026,0531/JL/CKRG/0226,3,IMP4464,MODIF BOX D SIZE BEFORE 1400 X 400 X 450 SIZE AFTER 700 X 400 X 450,4.00,PCS,"55,700.00",0,"222,800.00"," 24,508.00 "," 247,308.00 ",,PO : 008/CSI/PO/1/2026 DO : DLV-2602043828
PT. Cipta Synergi Indonesia,2/5/2026 20:20,008/CSI/PO/I/2026,0531/JL/CKRG/0226,4,IMP4465,MODIF BOX E SIZE BEFORE 1200 X 400 X 450 SIZE AFTER 1200 X 320 X 450 (DIPOTONG),5.00,PCS,"38,200.00",0,"191,000.00"," 21,010.00 "," 212,010.00 ",,PO : 008/CSI/PO/1/2026 DO : DLV-2602043828
PT. Cipta Synergi Indonesia,2/5/2026 20:58,011/CSI/PO/I/2026,0536/JL/CKRG/0226,1,IMP4467,IMPRABOX A T5 BIRU 1400 X 120 X 200 MM,5.00,PCS,"129,000.00",0,"645,000.00"," 70,950.00 "," 715,950.00 ",,PO : 011/CSI/PO/I/2026 DO : DLV-2602043829
PT. Cipta Synergi Indonesia,2/5/2026 20:58,011/CSI/PO/I/2026,0536/JL/CKRG/0226,2,IMP4468,IMPRABOX B T5 BIRU 1100 X 120 X 200 MM,5.00,PCS,"114,200.00",0,"571,000.00"," 62,810.00 "," 633,810.00 ",,PO : 011/CSI/PO/I/2026 DO : DLV-2602043829
PT. Cipta Synergi Indonesia,2/5/2026 20:58,011/CSI/PO/I/2026,0536/JL/CKRG/0226,3,IMP4469,IMPRABOX D T5 BIRU 700 X 400 X 450 MM,5.00,PCS,"155,300.00",0,"776,500.00"," 85,415.00 "," 861,915.00 ",,PO : 011/CSI/PO/I/2026 DO : DLV-2602043829
PT. Cipta Synergi Indonesia,2/5/2026 20:58,011/CSI/PO/I/2026,0536/JL/CKRG/0226,4,IMP4470,IMPRABOX E T5 BIRU UK 1200 X 320 X 450 MM,5.00,PCS,"166,800.00",0,"834,000.00"," 91,740.00 "," 925,740.00 ",,PO : 011/CSI/PO/I/2026 DO : DLV-2602043829
"SANOH INDONESIA, PT",2/5/2026 21:14,PL2600295,0542/JL/CKRG/0226,1,KRT00051,BOX 700 X 360 X 250 SNI07,100.00,PCS,"16,926.00",0,"1,692,600.00"," 186,186.00 "," 1,878,786.00 ",,PO : PL2600295 DO : DLV-2602053848
"SANOH INDONESIA, PT",2/5/2026 21:14,PL2600295,0542/JL/CKRG/0226,2,KRT02935,KARTON SNI18 (575X275X160),100.00,PCS,"12,560.00",0,"1,256,000.00"," 138,160.00 "," 1,394,160.00 ",,PO : PL2600295 DO : DLV-2602053848
PT. SIGMA PACK GEMILANG,2/5/2026 21:39,SPG-PO/452/XII-2025,0548/JL/CKRG/0226,1,KRT03632,CARTON BOX EXPORT 4L45-SWR (QUARTER) UK 960X850X365 K275/M150X3/K275 BC/F,12.00,PCS,"265,000.00",0,"3,180,000.00"," 349,800.00 "," 3,529,800.00 ",,PO : SPG-PO/452/XII-2025 DO : DLV-2602053849 DLV-2512042855
PT. SIGMA PACK GEMILANG,2/5/2026 21:39,SPG-PO/452/XII-2025,0548/JL/CKRG/0226,2,KRT03633,CARTON BOX EXPORT 4L45-SWL (QUARTER) UK 960X850X365 K275/M150X3/K275 BC/F,10.00,PCS,"265,000.00",0,"2,650,000.00"," 291,500.00 "," 2,941,500.00 ",,PO : SPG-PO/452/XII-2025 DO : DLV-2602053849 DLV-2512042855
PT. KAWATA INDONESIA,2/6/2026 9:01,KIPO26010223,0519/JL/CKRG/0226,1,TRM0063,ROCK WOOL  Ø16 X  Ø26 (BESAR) (NB390),5.00,PCS,"214,600.00",0,"1,073,000.00"," 118,030.00 "," 1,191,030.00 ",04002600029007021,PO : KIPO26010223 DO : 12383-060226
PT. KAWATA INDONESIA,2/6/2026 9:02,KIPO26020015,0518/JL/CKRG/0226,1,KRT00240,CARTON BOX SIZE : 40CM X 40CM X 30CM (NB654),50.00,PCS,"9,500.00",0,"475,000.00"," 52,250.00 "," 527,250.00 ",04012600029007011,PO : KIPO26020015 DO : 12382-060226
PT. KAWATA INDONESIA,2/6/2026 9:02,KIPO26020015,0518/JL/CKRG/0226,2,TRM1302,"PISAU POTONG CIRCLE GMT7"" (NB357)",3.00,PCS,"76,046.00",0,"228,138.00"," 25,095.18 "," 253,233.18 ",04012600029007011,PO : KIPO26020015 DO : 12382-060226
PT. KAWATA INDONESIA,2/6/2026 9:02,KIPO26020015,0518/JL/CKRG/0226,3,TRM1529,PAKU RENG 4CM (NB464),2.00,KG,"42,750.00",0,"85,500.00"," 9,405.00 "," 94,905.00 ",04012600029007011,PO : KIPO26020015 DO : 12382-060226
PT. KAWATA INDONESIA,2/6/2026 9:20,KIPO26020011,0520/JL/CKRG/0226,1,TRM3201,LEM PVC 45GR (ESURON) NO.73S (CP005),2.00,TUBE,"171,000.00",0,"342,000.00"," 37,620.00 "," 379,620.00 ",04002600029007010,PO : KIPO26020011 DO : 12385-060226
PT. DAE HWA INDONESIA,2/6/2026 9:53,TLJ/26-0006,0521/JL/CKRG/0226,1,KRT00189,CARTON BOX DFI 690X510X450 MM K125/M125X3/K125 CB/F,55.00,EA,"21,480.00",0,"1,181,400.00"," 129,954.00 "," 1,311,354.00 ",,PO : TLJ/26-0006 DO : DLV-2602063869
PT. DAE HWA INDONESIA,2/6/2026 9:58,TLJ/26-0004,0522/JL/CKRG/0226,1,KRT00191,CARTON BOX DH1 560X380X340 CF,200.00,EA,"9,400.00",0,"1,880,000.00"," 206,800.00 "," 2,086,800.00 ",,PO : TLJ/26-0004 DO : DLV-2602063870
PT. DAE HWA INDONESIA,2/6/2026 9:58,TLJ/26-0004,0522/JL/CKRG/0226,2,KRT00197,CARTON BOX DH18 380X300X80 MM K125/M125X4 CBF,100.00,EA,"6,160.00",0,"616,000.00"," 67,760.00 "," 683,760.00 ",,PO : TLJ/26-0004 DO : DLV-2602063870
PT. DAE HWA INDONESIA,2/6/2026 10:03,TLJ/25-0088,0523/JL/CKRG/0226,1,KRT00196,CARTON BOX DH17 300X210X80 MM K125/M125X4 CBF,100.00,EA,"4,130.00",0,"413,000.00"," 45,430.00 "," 458,430.00 ",,PO : TLJ/25-0088 DO : DLV-2602063871
PT WANG SARIMULTI UTAMA,2/6/2026 21:18,PO20260100092,0544/JL/CKRG/0226,1,KRT03185,LAYER W1 460X270 - LAYER W1,462.00,PCS,"1,200.00",0,"554,400.00"," 60,984.00 "," 615,384.00 ",,PO : PO20260100092 DO : DLV-2602063885
PT WANG SARIMULTI UTAMA,2/6/2026 21:21,PO20260100147,0545/JL/CKRG/0226,1,KRT03184,BOX W1 S W 479X285X217 - BOX W1,87.00,PCS,"5,200.00",0,"452,400.00"," 49,764.00 "," 502,164.00 ",,PO : PO20260100147 DO : DLV-2602063886 DLV-2602023761
PT WANG SARIMULTI UTAMA,2/6/2026 21:21,PO20260100147,0545/JL/CKRG/0226,2,KRT04064,GEN-2025-725816-PARTISI W1 10 HOLE,262.00,PCS,"2,400.00",0,"628,800.00"," 69,168.00 "," 697,968.00 ",,PO : PO20260100147 DO : DLV-2602063886 DLV-2602023761
PT WANG SARIMULTI UTAMA,2/6/2026 21:30,PO20260100208,0546/JL/CKRG/0226,1,KRT03489,KARTON BOX W20 690X400X420 - BOX W20,32.00,PCS,"18,200.00",0,"582,400.00"," 64,064.00 "," 646,464.00 ",,PO : PO20260100208 DO : DLV-2602063887 DLV-2602033794 DLV-2602023762
PT WANG SARIMULTI UTAMA,2/6/2026 21:30,PO20260100208,0546/JL/CKRG/0226,2,KRT02718,BOX W18 S W 547X269X223 - BOX W18,130.00,PCS,"5,300.00",0,"689,000.00"," 75,790.00 "," 764,790.00 ",,PO : PO20260100208 DO : DLV-2602063887 DLV-2602033794 DLV-2602023762
PT WANG SARIMULTI UTAMA,2/6/2026 21:30,PO20260100208,0546/JL/CKRG/0226,3,KRT02719,BOX W6 S W 370X220X130 - BOX W6,187.00,PCS,"4,000.00",0,"748,000.00"," 82,280.00 "," 830,280.00 ",,PO : PO20260100208 DO : DLV-2602063887 DLV-2602033794 DLV-2602023762
PT WANG SARIMULTI UTAMA,2/6/2026 21:30,PO20260100208,0546/JL/CKRG/0226,4,KRT03187,LAYER W18 520X260 MM - LAYER W18,350.00,PCS,"1,400.00",0,"490,000.00"," 53,900.00 "," 543,900.00 ",,PO : PO20260100208 DO : DLV-2602063887 DLV-2602033794 DLV-2602023762
PT WANG SARIMULTI UTAMA,2/6/2026 21:30,PO20260100208,0546/JL/CKRG/0226,5,KRT03186,LAYER W6 370X220 - LAYER W6,300.00,PCS,"1,000.00",0,"300,000.00"," 33,000.00 "," 333,000.00 ",,PO : PO20260100208 DO : DLV-2602063887 DLV-2602033794 DLV-2602023762
PT. SAKATA NIMOTECH INDONESIA,2/6/2026 21:41,PO0003202601120008,0549/JL/CKRG/0226,1,KRT04218,CARTON BOX S/B INNER,100.00,PCS,"5,000.00",0,"500,000.00"," 55,000.00 "," 555,000.00 ",,PO : PO0003202601120008 DO : DLV-2602063894
PT. SAKATA NIMOTECH INDONESIA,2/6/2026 21:41,PO0003202601120008,0549/JL/CKRG/0226,2,KRT04219,CARTON LAYER S/B,"4,500.00",PCS,700.00,0,"3,150,000.00"," 346,500.00 "," 3,496,500.00 ",,PO : PO0003202601120008 DO : DLV-2602063894
PT. SAKATA NIMOTECH INDONESIA,2/6/2026 21:41,PO0003202601120008,0549/JL/CKRG/0226,3,KRT04220,LAYER INNER RH/LH,250.00,PCS,"1,200.00",0,"300,000.00"," 33,000.00 "," 333,000.00 ",,PO : PO0003202601120008 DO : DLV-2602063894
PT. SAKATA NIMOTECH INDONESIA,2/6/2026 21:41,PO0003202601120008,0549/JL/CKRG/0226,4,KRT04032,PARTISI INNER HOLE 10,300.00,PCS,"1,200.00",0,"360,000.00"," 39,600.00 "," 399,600.00 ",,PO : PO0003202601120008 DO : DLV-2602063894
PT. SAKATA NIMOTECH INDONESIA,2/6/2026 21:41,PO0003202601120008,0549/JL/CKRG/0226,5,KRT03719,PARTISI INNER HOLE 15,100.00,PCS,"1,800.00",0,"180,000.00"," 19,800.00 "," 199,800.00 ",,PO : PO0003202601120008 DO : DLV-2602063894
PT. SAKATA NIMOTECH INDONESIA,2/6/2026 21:41,PO0003202601120008,0549/JL/CKRG/0226,6,KRT03720,PARTISI INNER HOLE 25,100.00,PCS,"2,000.00",0,"200,000.00"," 22,000.00 "," 222,000.00 ",,PO : PO0003202601120008 DO : DLV-2602063894
PT. SAKATA NIMOTECH INDONESIA,2/6/2026 21:41,PO0003202601120008,0549/JL/CKRG/0226,7,KRT04030,PARTISI OUTER HOLE 7 CTR,100.00,PCS,"1,200.00",0,"120,000.00"," 13,200.00 "," 133,200.00 ",,PO : PO0003202601120008 DO : DLV-2602063894
PT. SAKATA NIMOTECH INDONESIA,2/6/2026 21:41,PO0003202601120008,0549/JL/CKRG/0226,8,KRT04031,PARTISI OUTER HOLE 10,150.00,PCS,"2,400.00",0,"360,000.00"," 39,600.00 "," 399,600.00 ",,PO : PO0003202601120008 DO : DLV-2602063894
PT. SAKATA NIMOTECH INDONESIA,2/6/2026 21:41,PO0003202601120008,0549/JL/CKRG/0226,9,KRT02422,PARTISI OUTER HOLE 5 CTR LIPAT,300.00,PCS,"1,450.00",0,"435,000.00"," 47,850.00 "," 482,850.00 ",,PO : PO0003202601120008 DO : DLV-2602063894
PT. SAKATA NIMOTECH INDONESIA,2/6/2026 21:41,PO0003202601120008,0549/JL/CKRG/0226,10,KRT02323,PARTISI OUTER HOLE 5 SIDE (DOUBLE WALL),500.00,PCS,"2,300.00",0,"1,150,000.00"," 126,500.00 "," 1,276,500.00 ",,PO : PO0003202601120008 DO : DLV-2602063894
PT. SAKATA NIMOTECH INDONESIA,2/6/2026 21:41,PO0003202601120008,0549/JL/CKRG/0226,11,KRT04284,LAYER KARTON PERO,120.00,PCS,500.00,0,"60,000.00"," 6,600.00 "," 66,600.00 ",,PO : PO0003202601120008 DO : DLV-2602063894
PT. SAKATA NIMOTECH INDONESIA,2/6/2026 21:41,PO0003202601120008,0549/JL/CKRG/0226,12,KRT04099,PARTISI OC13D 4 HOLE,250.00,PCS,"1,600.00",0,"400,000.00"," 44,000.00 "," 444,000.00 ",,PO : PO0003202601120008 DO : DLV-2602063894
PT. SAKATA NIMOTECH INDONESIA,2/6/2026 21:41,PO0003202601120008,0549/JL/CKRG/0226,13,KRT04100,PARTISI OC13D 7 HOLE,250.00,PCS,"1,900.00",0,"475,000.00"," 52,250.00 "," 527,250.00 ",,PO : PO0003202601120008 DO : DLV-2602063894
PT. SAKATA NIMOTECH INDONESIA,2/6/2026 21:43,PO0003202601080004,0550/JL/CKRG/0226,1,KRT04217,"CARTON BOX S/B, SZ 480X283X160MM","2,500.00",PCS,"6,700.00",0,"16,750,000.00"," 1,842,500.00 "," 18,592,500.00 ",,PO : PO0003202601080004 DO : DLV-2602063896
CV. DAARUL HUDA TEKNIK,2/7/2026 9:04,DHT-2026.01.395,0554/JL/CKRG/0226,1,IMP3889,PARTISI B74 GBWT 40 HOLES UK 290 x 290 x  70MM,200.00,PCS,"74,000.00",0,"14,800,000.00"," 1,628,000.00 "," 16,428,000.00 ",04002600032290571,PO : DHT-2026.01.395 DO : DLV-2602073905
PT. SAMSUNG PRINT & PACK INDONESIA,2/7/2026 15:34,"01/SPPI/2025, 04/SPPI/2025",0524/JL/CKRG/0226,1,KRT05047,"COMM, CPC 1-5 UK 360X310X530 DOUBLE WALL K125/M125X4 GRAND BRASSERIE",250.00,PCS,"16,022.00",0,"4,005,500.00", -   ," 4,005,500.00 ",,PO : 1/SPPI/2026 DO : DLV-2602063895
PT. SAMSUNG PRINT & PACK INDONESIA,2/7/2026 15:34,"01/SPPI/2025, 04/SPPI/2025",0524/JL/CKRG/0226,2,KRT05048,"COMM, CPC 1-1 UK 435X270X630 DOUBLE WALL K125/M125X4 ASORO",200.00,PCS,"18,705.00",0,"3,741,000.00", -   ," 3,741,000.00 ",,PO : 1/SPPI/2026 DO : DLV-2602063895
PT. SAMSUNG PRINT & PACK INDONESIA,2/7/2026 15:34,"01/SPPI/2025, 04/SPPI/2025",0524/JL/CKRG/0226,3,KRT05049,"COMM, CPC 1-2 UK 460X345X360 DOUBLE WALL K125/M125X4 ASORO",67.00,PCS,"18,480.00",0,"1,238,160.00", -   ," 1,238,160.00 ",,PO : 1/SPPI/2026 DO : DLV-2602063895
PT. SAMSUNG PRINT & PACK INDONESIA,2/7/2026 15:34,"01/SPPI/2025, 04/SPPI/2025",0524/JL/CKRG/0226,4,KRT05050,"COMM, CPC 1-3 UK 460X420X350 DOUBLE WALL K125/M125X4 ASORO",67.00,PCS,"20,160.00",0,"1,350,720.00", -   ," 1,350,720.00 ",,PO : 1/SPPI/2026 DO : DLV-2602063895
PT. SAMSUNG PRINT & PACK INDONESIA,2/7/2026 15:34,"01/SPPI/2025, 04/SPPI/2025",0524/JL/CKRG/0226,5,KRT05051,"COMM, CPC 1-27  UK 435X270X720 DOUBLE WALL K125/M125X4 BUDDAKAN",100.00,PCS,"18,705.00",0,"1,870,500.00", -   ," 1,870,500.00 ",,PO : 1/SPPI/2026 DO : DLV-2602063895
PT. SAMSUNG PRINT & PACK INDONESIA,2/7/2026 15:34,"01/SPPI/2025, 04/SPPI/2025",0524/JL/CKRG/0226,6,KRT05052,"COMM, CPC 1-32 UK 435X270X670 DOUBLE WALL K125/M125X4 PASTIS",80.00,PCS,"20,300.00",0,"1,624,000.00", -   ," 1,624,000.00 ",,PO : 1/SPPI/2026 DO : DLV-2602063895
PT. SAMSUNG PRINT & PACK INDONESIA,2/7/2026 15:34,"01/SPPI/2025, 04/SPPI/2025",0524/JL/CKRG/0226,7,KRT05053,"COMM, CPC 1-4 UK 515X190X475 DOUBLE WALL K125/M125X4 PLUM BOTTOM",100.00,PCS,"13,904.00",0,"1,390,400.00", -   ," 1,390,400.00 ",,PO : 1/SPPI/2026 DO : DLV-2602063895
PT. YAMATOGOMU INDONESIA,2/9/2026 8:17,26010059,0553/JL/CKRG/0226,1,KRT00319,KARTON BOX NS-6,500.00,PCS,"18,695.00",0,"9,347,500.00", -   ," 9,347,500.00 ",,PO : 26010059 DO : DLV-2602073908
PT. YAMATOGOMU INDONESIA,2/9/2026 8:17,26010059,0553/JL/CKRG/0226,2,KRT00318,KARTON BOX NS-10,200.00,PCS,"12,389.00",0,"2,477,800.00", -   ," 2,477,800.00 ",,PO : 26010059 DO : DLV-2602073908
PT. KARYA BUMIMAS PERSADA,2/9/2026 8:18,PO/KBP26-00057,0551/JL/CKRG/0226,1,KRT03902,BOX KLOSET JONGKOK ISI 3 EVOGLO (BBP-BOX-SX EVG),500.00,PCS,"24,960.00",0,"12,480,000.00"," 1,372,800.00 "," 13,852,800.00 ",04002600032119303,PO : PO/KBP26-00057 DO : DLV-2602073909
PT. KARYA BUMIMAS PERSADA,2/9/2026 8:19,PO/KBP26-00040,0552/JL/CKRG/0226,1,KRT02188,BOX KLOSET JONGKOK ISI 3 ORTA (BBP-BOX-SX),500.00,PCS,"24,960.00",0,"12,480,000.00"," 1,372,800.00 "," 13,852,800.00 ",04002600032119304,PO : PO/KBP26-00040 DO : DLV-2602073910
PT. KAWATA INDONESIA,2/9/2026 9:20,KIPO26010208,0556/JL/CKRG/0226,1,TRM0152,CABLE NYAF Ø2.50 MM2 (WHITE) (100MTR/ROLL) (CC476-1),100.00,MTR,"5,840.00",0,"584,000.00"," 64,240.00 "," 648,240.00 ",,PO : KIPO26010208 DO : 12387-090226
PT. KAWATA INDONESIA,2/9/2026 9:20,KIPO26010243,0555/JL/CKRG/0226,1,TRM4496,CORRUGATED FLEXIBLE CONDUIT HITAM IDØ7.0MM/OD.12MM TYPE FCP-7 [100MTR./ROLL](NB117-1),100.00,MTR,"1,700.00",0,"170,000.00"," 18,700.00 "," 188,700.00 ",,PO : KIPO26010243 DO : 12386-090226
PT. KAWATA INDONESIA,2/9/2026 9:29,KIPO26020051,0557/JL/CKRG/0226,1,TRM0241,TIMING BELT S5M-800 FOR HONEYCOMB DFG-15/150Z (IDF0050-7313),50.00,PCS,"128,500.00",0,"6,425,000.00"," 706,750.00 "," 7,131,750.00 ",,PO : KIPO26020051 DO : 12388-090226
PT. KAWATA INDONESIA,2/9/2026 9:29,KIPO26020051,0557/JL/CKRG/0226,2,TRM0038,HINGE (ENGSEL PANEL) BLACK 40X40X9MM (IDR0015-6400),150.00,PCS,"29,000.00",0,"4,350,000.00"," 478,500.00 "," 4,828,500.00 ",,PO : KIPO26020051 DO : 12388-090226
PT. KAWATA INDONESIA,2/9/2026 9:29,KIPO26020051,0557/JL/CKRG/0226,3,TRM0024,CLAMP LATCH LOCK FOR PANEL (ADB/ADG-15-300Z) SUS304 (IAD005-6403),50.00,PCS,"24,960.00",0,"1,248,000.00"," 137,280.00 "," 1,385,280.00 ",,PO : KIPO26020051 DO : 12388-090226
PT. KAWATA INDONESIA,2/9/2026 9:30,KIPO26020038,0559/JL/CKRG/0226,1,TRM0062,REVOLVING WARNING LIGHT LTE-1101 AC220V (RED) W/O BUZZER (RG091),10.00,PCS,"90,000.00",0,"900,000.00"," 99,000.00 "," 999,000.00 ",,PO : KIPO26020038 DO : 12391-090226
PT. KAWATA INDONESIA,2/9/2026 9:32,KIPO26020033,0558/JL/CKRG/0226,1,TRM0053,PLASTIC CHAIN STAR 6X50M YELLOW (NB161),1.00,ROL,"643,500.00",0,"643,500.00"," 70,785.00 "," 714,285.00 ",,PO : KIPO26020033 DO : 12390-090226
PT. KAWATA INDONESIA,2/9/2026 9:32,KIPO26020033,0558/JL/CKRG/0226,2,TRM2344,NYLON CABLE GLAND PG-13.5 (BLACK) FOR (Ø20.4 HOLE) (NB479-1),200.00,PCS,"2,800.00",0,"560,000.00"," 61,600.00 "," 621,600.00 ",,PO : KIPO26020033 DO : 12390-090226
PT. KAWATA INDONESIA,2/9/2026 9:32,KIPO26020033,0558/JL/CKRG/0226,3,TRM0081,NYLON CABLE GLAND PG-29 (BLACK) FOR (Ø37.0 HOLE) (NB490),50.00,PCS,"5,280.00",0,"264,000.00"," 29,040.00 "," 293,040.00 ",,PO : KIPO26020033 DO : 12390-090226
PT. KAWATA INDONESIA,2/9/2026 9:32,KIPO26020033,0558/JL/CKRG/0226,4,TRM0046,MARKER TUBE MOTP WHITE 3.2 (200MTR/ROL) (CC104-1),200.00,MTR,"1,804.00",0,"360,800.00"," 39,688.00 "," 400,488.00 ",,PO : KIPO26020033 DO : 12390-090226
PT. KAWATA INDONESIA,2/9/2026 9:32,KIPO26020033,0558/JL/CKRG/0226,5,TRM0070,SOCKET CONNECTOR 2 PIN MALE (NB470),200.00,PCS,"2,250.00",0,"450,000.00"," 49,500.00 "," 499,500.00 ",,PO : KIPO26020033 DO : 12390-090226
PT. KAWATA INDONESIA,2/9/2026 9:32,KIPO26020033,0558/JL/CKRG/0226,6,TRM0069,SOCKET CONNECTOR 2 PIN FEMALE (NB471),200.00,PCS,"2,250.00",0,"450,000.00"," 49,500.00 "," 499,500.00 ",,PO : KIPO26020033 DO : 12390-090226
PT. EVERPRO INDONESIA TECHNOLOGIES,2/9/2026 20:15,PO20260123000050,0530/JL/CKRG/0226,1,KRT04061,(994819000010083) PACKAGING BOX/NEUTRAL LOGO PACKAGING/UK 370X370X430 MM,620.00,PCS,"17,500.00",0,"10,850,000.00"," 1,193,500.00 "," 12,043,500.00 ",,PO : PO20260123000050 DO : DLV-2602043841 DLV-2602043803DLV-2602033774
PT. EVERPRO INDONESIA TECHNOLOGIES,2/9/2026 20:15,PO20260123000050,0530/JL/CKRG/0226,2,KRT04050,(994819000000192) CARTON 5 LAYERS CORRUGATED PAPER OUTER UK 375X375X375 MM HW EXCLUSIVE,"1,210.00",PCS,"18,600.00",0,"22,506,000.00"," 2,475,660.00 "," 24,981,660.00 ",,PO : PO20260123000050 DO : DLV-2602043841 DLV-2602043803DLV-2602033774
