Product Code,Product Name,Product Qty,Material ID,Material Name,Ratio,Material Qty
FG-CAC-00001,CARTON BOX 540X360X220,300,MTRL-00023,"SHEET 186 X 60 CM K150/M125X3/K125 CB/F SCOORE 18,5+23+18,5","1,00",300
FG-CAC-00001,CARTON BOX 540X360X220,300,MTRL-00023,"SHEET 186 X 60 CM K150/M125X3/K125 CB/F SCOORE 18,5+23+18,5","1,00",300
FG-CAC-00001,CARTON BOX 540X360X220,300,MTRL-00023,"SHEET 186 X 60 CM K150/M125X3/K125 CB/F SCOORE 18,5+23+18,5","1,00",500
FG-CAC-00002,CARTON BOX 387X277X125,290,MTRL-00024,"SHEET 128 X 37,3 CM K200/M125X3/K150 CB/F SCOORE 11,8+13,7+11,8","1,00",290
FG-CAC-00002,CARTON BOX 387X277X125,290,MTRL-00024,"SHEET 128 X 37,3 CM K200/M125X3/K150 CB/F SCOORE 11,8+13,7+11,8","0,00",290
FG-CAC-00002,CARTON BOX 387X277X125,290,MTRL-00024,"SHEET 128 X 37,3 CM K200/M125X3/K150 CB/F SCOORE 11,8+13,7+11,8","1,00",400
FG-CAC-00002,CARTON BOX 387X277X125,290,MTRL-00024,"SHEET 128 X 37,3 CM K200/M125X3/K150 CB/F SCOORE 11,8+13,7+11,8","1,00",720
FG-CAC-00002,CARTON BOX 387X277X125,290,MTRL-00024,"SHEET 128 X 37,3 CM K200/M125X3/K150 CB/F SCOORE 11,8+13,7+11,8","0,16",700
FG-CAC-00003,CARTON BOX 720X275X160 (BOLONG SAMPING),64,MTRL-00578,SHEET 105 X 90 CM K125/M125X4 BC/F BRUTO,"1,00",64
FG-CAC-00005,CARTON BOX 620X263X205,400,MTRL-00104,"SHEET 182 X 48 CM K150/M125X3/K125 CB/F SCOORE 13,5+21+13,5","0,00",400
FG-CAC-00005,CARTON BOX 620X263X205,400,MTRL-00104,"SHEET 182 X 48 CM K150/M125X3/K125 CB/F SCOORE 13,5+21+13,5","0,00",500
FG-CAC-00011,CARTON BOX 1000X265X150,1500,MTRL-00577,"SHEET 130 X 42,2 CM K150/M125X3/K125 BC/F SCOORE 13,6 + 15 + 13,6","0,25",1500
FG-DHW-00001,CARTON BOX DH1 560X380X340 C/FLUTE,500,MTRL-00105,"SHEET 192 X 72,4 CM K125/M125/K125 C/F SCOORE 19.2+34+19.2","1,00",500
FG-DHW-00001,CARTON BOX DH1 560X380X340 C/FLUTE,500,MTRL-00105,"SHEET 192 X 72,4 CM K125/M125/K125 C/F SCOORE 19.2+34+19.2","2,00",200
FG-DHW-00003,CARTON BOX DH5 POLOS 820X450X680 MM K125/M125/K125 C/F,100,MTRL-00071,"SHEET 131 X 113,6 CM K125/M125/K125 C/F SCOORE 22.7+68+22.7","1,00",400
FG-DHW-00005,CARTON BOX DH8 POLOS 727X380X320MM K200/M125/K200 C/F,100,MTRL-00167,"SHEET 175 X 94,8 CM K150/M125X3/K125 CB/F 30,9 + 33 + 30,9","1,00",100
FG-DHW-00005,CARTON BOX DH8 POLOS 727X380X320MM K200/M125/K200 C/F,100,MTRL-00167,"SHEET 175 X 94,8 CM K150/M125X3/K125 CB/F 30,9 + 33 + 30,9","0,00",700
FG-DHW-00005,CARTON BOX DH8 POLOS 727X380X320MM K200/M125/K200 C/F,100,MTRL-00167,"SHEET 175 X 94,8 CM K150/M125X3/K125 CB/F 30,9 + 33 + 30,9","0,00",1800
FG-DHW-00005,CARTON BOX DH8 POLOS 727X380X320MM K200/M125/K200 C/F,100,MTRL-00167,"SHEET 175 X 94,8 CM K150/M125X3/K125 CB/F 30,9 + 33 + 30,9","0,00",200
FG-DHW-00005,CARTON BOX DH8 POLOS 727X380X320MM K200/M125/K200 C/F,100,MTRL-00167,"SHEET 175 X 94,8 CM K150/M125X3/K125 CB/F 30,9 + 33 + 30,9","0,66",720
FG-DHW-00012,CARTON BOX DH15 UK 380X280X270 CB/FLUTE,290,MTRL-00098,"SHEET 136 X 55,6 CM K125/M125X3/K125 CB/F SCOORE 14,3 + 27 + 14,3","0,00",290
FG-DHW-00012,CARTON BOX DH15 UK 380X280X270 CB/FLUTE,290,MTRL-00098,"SHEET 136 X 55,6 CM K125/M125X3/K125 CB/F SCOORE 14,3 + 27 + 14,3","0,00",507
FG-DHW-00012,CARTON BOX DH15 UK 380X280X270 CB/FLUTE,290,MTRL-00098,"SHEET 136 X 55,6 CM K125/M125X3/K125 CB/F SCOORE 14,3 + 27 + 14,3","0,00",750
FG-DHW-00012,CARTON BOX DH15 UK 380X280X270 CB/FLUTE,290,MTRL-00098,"SHEET 136 X 55,6 CM K125/M125X3/K125 CB/F SCOORE 14,3 + 27 + 14,3","0,00",300
FG-DHW-00012,CARTON BOX DH15 UK 380X280X270 CB/FLUTE,290,MTRL-00098,"SHEET 136 X 55,6 CM K125/M125X3/K125 CB/F SCOORE 14,3 + 27 + 14,3","1,00",262
FG-DHW-00012,CARTON BOX DH15 UK 380X280X270 CB/FLUTE,290,MTRL-00098,"SHEET 136 X 55,6 CM K125/M125X3/K125 CB/F SCOORE 14,3 + 27 + 14,3","1,00",160
FG-DHW-00012,CARTON BOX DH15 UK 380X280X270 CB/FLUTE,290,MTRL-00098,"SHEET 136 X 55,6 CM K125/M125X3/K125 CB/F SCOORE 14,3 + 27 + 14,3","0,00",750
FG-DHW-00012,CARTON BOX DH15 UK 380X280X270 CB/FLUTE,290,MTRL-00098,"SHEET 136 X 55,6 CM K125/M125X3/K125 CB/F SCOORE 14,3 + 27 + 14,3","0,00",500
FG-DHW-00031,CARTON BOX DFI 690X510X450 MM K125/M125X3/K125 CB/F,50,MTRL-00313,"SHEET 244 X 96,6 CM K125/M125X3/K125 BC/F SCOORE 25,8+45+25,8","1,00",50
FG-DHW-00031,CARTON BOX DFI 690X510X450 MM K125/M125X3/K125 CB/F,50,MTRL-00313,"SHEET 244 X 96,6 CM K125/M125X3/K125 BC/F SCOORE 25,8+45+25,8","0,00",400
FG-DHW-00031,CARTON BOX DFI 690X510X450 MM K125/M125X3/K125 CB/F,50,MTRL-00313,"SHEET 244 X 96,6 CM K125/M125X3/K125 BC/F SCOORE 25,8+45+25,8","0,00",315
FG-DHW-00031,CARTON BOX DFI 690X510X450 MM K125/M125X3/K125 CB/F,50,MTRL-00313,"SHEET 244 X 96,6 CM K125/M125X3/K125 BC/F SCOORE 25,8+45+25,8","1,00",400
FG-DHW-00031,CARTON BOX DFI 690X510X450 MM K125/M125X3/K125 CB/F,50,MTRL-00313,"SHEET 244 X 96,6 CM K125/M125X3/K125 BC/F SCOORE 25,8+45+25,8","0,00",400
FG-DHW-00033,CARTON BOX DH 8,300,MTRL-00167,"SHEET 175 X 94,8 CM K150/M125X3/K125 CB/F 30,9 + 33 + 30,9","1,00",300
FG-EHW-00001,B BOX 14 PM2010,10,MTRL-00324,SHEET 170 X 170 CM K200/M125X3/K200 CB/F BRUTO,"1,00",10
FG-EHW-00001,B BOX 14 PM2010,10,MTRL-00019,SHEET 135 X 135 CM K200/M125/K150 C/F BRUTO,"2,00",10
FG-EHW-00002,EURO SHIPPING BOX 1180X780X780 (PM9044),50,MTRL-00129,"SHEET 201 X 120,5 CM K275/M125X3/K275 BC/F NETTO","1,00",50
FG-EHW-00002,EURO SHIPPING BOX 1180X780X780 (PM9044),50,MTRL-00481,SHEET 159 X 120 CM K275/M125X3/K275 CB/F NETTO,"1,00",50
FG-EHW-00002,EURO SHIPPING BOX 1180X780X780 (PM9044),50,MTRL-00129,"SHEET 201 X 120,5 CM K275/M125X3/K275 BC/F NETTO","0,00",100
FG-EHW-00002,EURO SHIPPING BOX 1180X780X780 (PM9044),50,MTRL-00481,SHEET 159 X 120 CM K275/M125X3/K275 CB/F NETTO,"0,00",100
FG-EHW-00002,EURO SHIPPING BOX 1180X780X780 (PM9044),50,MTRL-00129,"SHEET 201 X 120,5 CM K275/M125X3/K275 BC/F NETTO","0,00",30
FG-EHW-00002,EURO SHIPPING BOX 1180X780X780 (PM9044),50,MTRL-00481,SHEET 159 X 120 CM K275/M125X3/K275 CB/F NETTO,"2,22",30
FG-EHW-00003,B BOX 7 INCH (PM2005),500,MTRL-00002,"SHEET 179 X 66,2 CM K150/M125X3/K150 CB/F SCOORE 17.5+31.2+17.5","0,00",125
FG-EHW-00003,B BOX 7 INCH (PM2005),500,MTRL-00002,"SHEET 179 X 66,2 CM K150/M125X3/K150 CB/F SCOORE 17.5+31.2+17.5","0,00",75
FG-EHW-00003,B BOX 7 INCH (PM2005),500,MTRL-00002,"SHEET 179 X 66,2 CM K150/M125X3/K150 CB/F SCOORE 17.5+31.2+17.5","0,00",75
FG-EHW-00011,OUTBOX HUSQVARNA 14 INCH 10PK 465X425X85 MM (PM2162),500,MTRL-00073,"SHEET 181 X 51,2 CM K150/M125X3/K125 CB/F SCOORE 21.1+9+21.1","1,00",500
FG-EHW-00011,OUTBOX HUSQVARNA 14 INCH 10PK 465X425X85 MM (PM2162),500,MTRL-00073,"SHEET 181 X 51,2 CM K150/M125X3/K125 CB/F SCOORE 21.1+9+21.1","1,00",490
FG-EHW-00011,OUTBOX HUSQVARNA 14 INCH 10PK 465X425X85 MM (PM2162),500,MTRL-00073,"SHEET 181 X 51,2 CM K150/M125X3/K125 CB/F SCOORE 21.1+9+21.1","0,00",500
FG-EHW-00011,OUTBOX HUSQVARNA 14 INCH 10PK 465X425X85 MM (PM2162),500,MTRL-00073,"SHEET 181 X 51,2 CM K150/M125X3/K125 CB/F SCOORE 21.1+9+21.1","1,00",250
FG-EHW-00011,OUTBOX HUSQVARNA 14 INCH 10PK 465X425X85 MM (PM2162),500,MTRL-00073,"SHEET 181 X 51,2 CM K150/M125X3/K125 CB/F SCOORE 21.1+9+21.1","0,00",520
FG-EHW-00022,OUT BOX 4.5 INCH (10PK)- DW4724 (PM2156),900,MTRL-00072,SHEET 176 X 180 CM K150/M125/K125 B/F BRUTO,"0,00",900
FG-EHW-00022,OUT BOX 4.5 INCH (10PK)- DW4724 (PM2156),900,MTRL-00002,"SHEET 179 X 66,2 CM K150/M125X3/K150 CB/F SCOORE 17.5+31.2+17.5","0,00",225
FG-EHW-00022,OUT BOX 4.5 INCH (10PK)- DW4724 (PM2156),900,MTRL-00072,SHEET 176 X 180 CM K150/M125/K125 B/F BRUTO,"0,00",1000
FG-EHW-00022,OUT BOX 4.5 INCH (10PK)- DW4724 (PM2156),900,MTRL-00002,"SHEET 179 X 66,2 CM K150/M125X3/K150 CB/F SCOORE 17.5+31.2+17.5","0,00",250
FG-EHW-00022,OUT BOX 4.5 INCH (10PK)- DW4724 (PM2156),900,MTRL-00072,SHEET 176 X 180 CM K150/M125/K125 B/F BRUTO,"0,00",2000
FG-EHW-00022,OUT BOX 4.5 INCH (10PK)- DW4724 (PM2156),900,MTRL-00002,"SHEET 179 X 66,2 CM K150/M125X3/K150 CB/F SCOORE 17.5+31.2+17.5","1,00",500
FG-EHW-00022,OUT BOX 4.5 INCH (10PK)- DW4724 (PM2156),900,MTRL-00072,SHEET 176 X 180 CM K150/M125/K125 B/F BRUTO,"0,00",4160
FG-EHW-00022,OUT BOX 4.5 INCH (10PK)- DW4724 (PM2156),900,MTRL-00002,"SHEET 179 X 66,2 CM K150/M125X3/K150 CB/F SCOORE 17.5+31.2+17.5","0,00",1040
FG-EHW-00034,OUT BOX BOSCH VA 4-5 INCH IP 5 PCS (PM2093),500,MTRL-00376,SHEET 120 X 120 CM K125/M125/K125 B/F BRUTO,"1,00",500
FG-EHW-00037,OUTBOX HUSQWARVA 16 INCH 5PK 530 X 490 X 50 MM (PM2163),500,MTRL-00045,"SHEET 208 X 54,6 CM K150/M125X3/K125 CB/F SCOORE 24.3+6+24.3","0,15",500
FG-EHW-00037,OUTBOX HUSQWARVA 16 INCH 5PK 530 X 490 X 50 MM (PM2163),500,MTRL-00045,"SHEET 208 X 54,6 CM K150/M125X3/K125 CB/F SCOORE 24.3+6+24.3","0,05",500
FG-EHW-00037,OUTBOX HUSQWARVA 16 INCH 5PK 530 X 490 X 50 MM (PM2163),500,MTRL-00045,"SHEET 208 X 54,6 CM K150/M125X3/K125 CB/F SCOORE 24.3+6+24.3","1,00",500
FG-EHW-00037,OUTBOX HUSQWARVA 16 INCH 5PK 530 X 490 X 50 MM (PM2163),500,MTRL-00045,"SHEET 208 X 54,6 CM K150/M125X3/K125 CB/F SCOORE 24.3+6+24.3","0,00",500
FG-EHW-00037,OUTBOX HUSQWARVA 16 INCH 5PK 530 X 490 X 50 MM (PM2163),500,MTRL-00045,"SHEET 208 X 54,6 CM K150/M125X3/K125 CB/F SCOORE 24.3+6+24.3","0,00",500
FG-EHW-00047,"OUTBOX SGA 14"" MP 9PCS (PM2220)",700,MTRL-00418,"SHEET 152 X 46,1 CM K150/M125X3/K125 CB/F","1,00",700
FG-EHW-00053,BOX DW4712 (10PK) 258X233X75MM (PM2157),2930,MTRL-00572,"SHEET 108 X 31,3 CM K150/M125/K125 C/F","1,00",2930
FG-EHW-00053,BOX DW4712 (10PK) 258X233X75MM (PM2157),2930,MTRL-00572,"SHEET 108 X 31,3 CM K150/M125/K125 C/F","1,00",1020
FG-EHW-00053,BOX DW4712 (10PK) 258X233X75MM (PM2157),2930,MTRL-00572,"SHEET 108 X 31,3 CM K150/M125/K125 C/F","1,00",1000
FG-EHW-00053,BOX DW4712 (10PK) 258X233X75MM (PM2157),2930,MTRL-00572,"SHEET 108 X 31,3 CM K150/M125/K125 C/F","1,00",1400
FG-EHW-00053,BOX DW4712 (10PK) 258X233X75MM (PM2157),2930,MTRL-00572,"SHEET 108 X 31,3 CM K150/M125/K125 C/F","1,23",1200
FG-EHW-00056,OUT BOX DIABLO 4 -5 INCH P 5PK PET 30% (PM2248),1500,MTRL-00348,SHEET 104 X 120 CM K125/M125/K125 B/F BRUTO,"0,00",1500
FG-EHW-00056,OUT BOX DIABLO 4 -5 INCH P 5PK PET 30% (PM2248),1500,MTRL-00348,SHEET 104 X 120 CM K125/M125/K125 B/F BRUTO,"1,00",1500
FG-EHW-00056,OUT BOX DIABLO 4 -5 INCH P 5PK PET 30% (PM2248),1500,MTRL-00348,SHEET 104 X 120 CM K125/M125/K125 B/F BRUTO,"0,00",1000
FG-EHW-00056,OUT BOX DIABLO 4 -5 INCH P 5PK PET 30% (PM2248),1500,MTRL-00348,SHEET 104 X 120 CM K125/M125/K125 B/F BRUTO,"1,00",1680
FG-EHW-00056,OUT BOX DIABLO 4 -5 INCH P 5PK PET 30% (PM2248),1500,MTRL-00348,SHEET 104 X 120 CM K125/M125/K125 B/F BRUTO,"0,00",2000
FG-EHW-00056,OUT BOX DIABLO 4 -5 INCH P 5PK PET 30% (PM2248),1500,MTRL-00348,SHEET 104 X 120 CM K125/M125/K125 B/F BRUTO,"0,00",3250
FG-EHW-00059,OUT BOX DIABLO 3 INCH IP 3 PCS PET 30% (PM2246),850,MTRL-00346,SHEET 132 X 110 CM K125/M125/K125 B/F BRUTO,"0,00",850
FG-EHW-00060,OUT BOX DIABLO 4-5 INCH MP 20PK PET 30% (PM2249),1537,MTRL-00349,SHEET 94 X 75 CM K125/M125X4 CB/F BRUTO,"0,00",1537
FG-EHW-00060,OUT BOX DIABLO 4-5 INCH MP 20PK PET 30% (PM2249),1537,MTRL-00349,SHEET 94 X 75 CM K125/M125X4 CB/F BRUTO,"0,00",600
FG-EHW-00060,OUT BOX DIABLO 4-5 INCH MP 20PK PET 30% (PM2249),1537,MTRL-00349,SHEET 94 X 75 CM K125/M125X4 CB/F BRUTO,"0,00",500
FG-EHW-00060,OUT BOX DIABLO 4-5 INCH MP 20PK PET 30% (PM2249),1537,MTRL-00349,SHEET 94 X 75 CM K125/M125X4 CB/F BRUTO,"0,00",500
FG-EHW-00060,OUT BOX DIABLO 4-5 INCH MP 20PK PET 30% (PM2249),1537,MTRL-00349,SHEET 94 X 75 CM K125/M125X4 CB/F BRUTO,"0,00",500
FG-EHW-00060,OUT BOX DIABLO 4-5 INCH MP 20PK PET 30% (PM2249),1537,MTRL-00349,SHEET 94 X 75 CM K125/M125X4 CB/F BRUTO,"0,00",500
FG-EHW-00061,OUT BOX DIABLO 7 INCH IP 3PK PET 3-% (PM2252),1500,MTRL-00352,SHEET 130 X 150 CM K125/M125/K125 B/F BRUTO,"0,00",380
FG-EHW-00061,OUT BOX DIABLO 7 INCH IP 3PK PET 3-% (PM2252),1500,MTRL-00352,SHEET 130 X 150 CM K125/M125/K125 B/F BRUTO,"0,00",125
FG-EHW-00061,OUT BOX DIABLO 7 INCH IP 3PK PET 3-% (PM2252),1500,MTRL-00352,SHEET 130 X 150 CM K125/M125/K125 B/F BRUTO,"0,00",475
FG-EHW-00061,OUT BOX DIABLO 7 INCH IP 3PK PET 3-% (PM2252),1500,MTRL-00352,SHEET 130 X 150 CM K125/M125/K125 B/F BRUTO,"0,00",275
FG-EHW-00061,OUT BOX DIABLO 7 INCH IP 3PK PET 3-% (PM2252),1500,MTRL-00352,SHEET 130 X 150 CM K125/M125/K125 B/F BRUTO,"0,00",750
FG-EHW-00061,OUT BOX DIABLO 7 INCH IP 3PK PET 3-% (PM2252),1500,MTRL-00352,SHEET 130 X 150 CM K125/M125/K125 B/F BRUTO,"0,00",125
FG-EHW-00061,OUT BOX DIABLO 7 INCH IP 3PK PET 3-% (PM2252),1500,MTRL-00352,SHEET 130 X 150 CM K125/M125/K125 B/F BRUTO,"0,00","62,5"
FG-EHW-00061,OUT BOX DIABLO 7 INCH IP 3PK PET 3-% (PM2252),1500,MTRL-00352,SHEET 130 X 150 CM K125/M125/K125 B/F BRUTO,"0,00",300
FG-EHW-00061,OUT BOX DIABLO 7 INCH IP 3PK PET 3-% (PM2252),1500,MTRL-00352,SHEET 130 X 150 CM K125/M125/K125 B/F BRUTO,"1,00",150
FG-EHW-00065,OUTBOX BOSCH_SLEEVE_4-5INCH_IP (5 PCS) (PM2237),1200,MTRL-00819,SHEET 100 X 145 CM K125/M125/K125 B/F BTURO,"0,00",90
FG-EHW-00065,OUTBOX BOSCH_SLEEVE_4-5INCH_IP (5 PCS) (PM2237),1200,MTRL-00819,SHEET 100 X 145 CM K125/M125/K125 B/F BTURO,"0,00",90
FG-EHW-00067,HUSQVARNA 12 INCH OUT BOX 10 PK 450X360X80 MM (PM2161),500,MTRL-00472,"SHEET 157 X 44,6 CM K150/M125X3/K125 CB/F SCOORE 17,8+9+17,8","0,00",500
FG-EHW-00068,"SIKU KARTOON UK. 5 X 5 X 0,4 CM (P= 150 CM)",500,MTRL-00539,"SIKU KARTOON UK. 5 X 5 X 0,4 CM (P=150CM)","0,00",500
FG-EHW-00074,OUT BOX PEARL 4 (PM2049),500,MTRL-00569,SHEET 174 X 130 CM K150/M125/K125 C/F,"1,00",500
FG-EHW-00083,OUT BOX DIABLO 7 MP 15PK PET30% SEG-TU (PM2254),420,MTRL-00353,SHEET 110 X 150 CM K125/M125/K125 B/F BRUTO,"1,00",400
FG-EHW-00091,OUT BOX DWA47421 OUT BOX 3PK (PM2067),160,MTRL-00749,SHEET 95 X 150 CM K150/M125X3/K125 BC/F BRUTO,"1,00",500
FG-EIT-00002,CARTON BOX 9948190000010143 BOX/EUROPRAN LOGO PACKING BOX/ 370*370*430MM/YN,3000,MTRL-00227,"SHEET 152 X 80,6 CM K275/M125X3/K275 CB/F SCOORE 18.8+43+18.8","0,15",3000
FG-EIT-00002,CARTON BOX 9948190000010143 BOX/EUROPRAN LOGO PACKING BOX/ 370*370*430MM/YN,3000,MTRL-00227,"SHEET 152 X 80,6 CM K275/M125X3/K275 CB/F SCOORE 18.8+43+18.8","0,05",2000
FG-EIT-00002,CARTON BOX 9948190000010143 BOX/EUROPRAN LOGO PACKING BOX/ 370*370*430MM/YN,3000,MTRL-00227,"SHEET 152 X 80,6 CM K275/M125X3/K275 CB/F SCOORE 18.8+43+18.8","1,00",1000
FG-EIT-00002,CARTON BOX 9948190000010143 BOX/EUROPRAN LOGO PACKING BOX/ 370*370*430MM/YN,3000,MTRL-00227,"SHEET 152 X 80,6 CM K275/M125X3/K275 CB/F SCOORE 18.8+43+18.8","0,15",500
FG-EIT-00002,CARTON BOX 9948190000010143 BOX/EUROPRAN LOGO PACKING BOX/ 370*370*430MM/YN,3000,MTRL-00227,"SHEET 152 X 80,6 CM K275/M125X3/K275 CB/F SCOORE 18.8+43+18.8","0,05",900
FG-EPS-00001,DUS DISPATH COKLAT BESAR 230X175X100MM (CSUCMMS003443),500,MTRL-00286,SHEET 176 X 150 CM K125/M125/K125 B/F BRUTO,"0,00",125
FG-EPS-00001,DUS DISPATH COKLAT BESAR 230X175X100MM (CSUCMMS003443),500,MTRL-00286,SHEET 176 X 150 CM K125/M125/K125 B/F BRUTO,"0,00",375
FG-EPS-00004,BOX ESSILOR BESAR POLOS (ISUPRSOIS00024),1200,MTRL-00316,SHEET 120 X 125 CM K125/M125/K125 B/F BRUTO,"0,00",1200
FG-EPS-00004,BOX ESSILOR BESAR POLOS (ISUPRSOIS00024),1200,MTRL-00316,SHEET 120 X 125 CM K125/M125/K125 B/F BRUTO,"1,00",1500
FG-EPS-00004,BOX ESSILOR BESAR POLOS (ISUPRSOIS00024),1200,MTRL-00316,SHEET 120 X 125 CM K125/M125/K125 B/F BRUTO,"0,00",1500
FG-EPS-00006,BOX LOGO POLYSCORE 52X42X33CM (CSUCMMS002912),100,MTRL-00540,"SHEET 194 X 76,2 CM K125/M125x3/K125 CB/F SCOORE 21,6 + 33 + 21,6","0,00",100
FG-EPS-00009,BOX BULK LOGO PACKING 40X50X40 CSUCMMS002871,500,MTRL-00176,SHEET 168 X 125 CM K125/M125/K125 B/F BRUTO,"1,00",500
FG-FLR-00044,CARTON BOX VVA 378X283X210,426,MTRL-00512,"SHEET 135 X 48,6 CM K200/M125X3/K200 BC/F SCOORE 14,3 + 20 + 14,3","0,00",426
FG-FLR-00044,CARTON BOX VVA 378X283X210,426,MTRL-00512,"SHEET 135 X 48,6 CM K200/M125X3/K200 BC/F SCOORE 14,3 + 20 + 14,3","0,00",90
FG-FLR-00044,CARTON BOX VVA 378X283X210,426,MTRL-00512,"SHEET 135 X 48,6 CM K200/M125X3/K200 BC/F SCOORE 14,3 + 20 + 14,3","1,00",604
FG-FLR-00044,CARTON BOX VVA 378X283X210,426,MTRL-00512,"SHEET 135 X 48,6 CM K200/M125X3/K200 BC/F SCOORE 14,3 + 20 + 14,3","1,00",500
FG-FLR-00046,CARTON BOX 32X4X122,100,MTRL-00077,SHEET 245 X 180 CM K125/M125/K125 B/F BRUTO,"0,00",66
FG-FTR-00001,CARTON BOX POUNCH STRAPLES (WTB) 135X135X155MM (K150XM125X3/K150 CBF),1300,MTRL-00477,SHEET 122 X 130 CM K125/M125X3/K125 CB/F BRUTO,"1,00",1300
FG-FTR-00007,CARTON BOX HOP TORQUE (SMALL) 115X115X115MM (PRINTING) K200/M125/K200 CF,3000,MTRL-00138,SHEET 116 X 145 CM K125/M125/K125 B/F BRUTO,"0,00",3000
FG-FTR-00007,CARTON BOX HOP TORQUE (SMALL) 115X115X115MM (PRINTING) K200/M125/K200 CF,3000,MTRL-00138,SHEET 116 X 145 CM K125/M125/K125 B/F BRUTO,"1,00",1500
FG-FTR-00008,CARTON BOX ISUZU P/N. 8974968572 375X280X175MM (K150/M125X3/K150 CF),1020,MTRL-00051,"SHEET 135 X 46,1 CM K125/M125X3/K125 CB/F SCOORE 14.3+17.5+14.3","0,25",200
FG-FTR-00008,CARTON BOX ISUZU P/N. 8974968572 375X280X175MM (K150/M125X3/K150 CF),1020,MTRL-00051,"SHEET 135 X 46,1 CM K125/M125X3/K125 CB/F SCOORE 14.3+17.5+14.3","1,00",510
FG-FTR-00008,CARTON BOX ISUZU P/N. 8974968572 375X280X175MM (K150/M125X3/K150 CF),1020,MTRL-00051,"SHEET 135 X 46,1 CM K125/M125X3/K125 CB/F SCOORE 14.3+17.5+14.3","0,00",500
FG-FTR-00008,CARTON BOX ISUZU P/N. 8974968572 375X280X175MM (K150/M125X3/K150 CF),1020,MTRL-00051,"SHEET 135 X 46,1 CM K125/M125X3/K125 CB/F SCOORE 14.3+17.5+14.3","0,00",1000
FG-FTR-00017,BOX DPG-MC16-M100 315X315X235MM K150/M125X3/K150 CBF,920,MTRL-00151,"SHEET 130 X 55,7 CM K125/M125X4 CB/F SCOORE 16.1+23.5+16.1","0,00",920
FG-FTR-00017,BOX DPG-MC16-M100 315X315X235MM K150/M125X3/K150 CBF,920,MTRL-00151,"SHEET 130 X 55,7 CM K125/M125X4 CB/F SCOORE 16.1+23.5+16.1","0,00",600
FG-FTR-00017,BOX DPG-MC16-M100 315X315X235MM K150/M125X3/K150 CBF,920,MTRL-00151,"SHEET 130 X 55,7 CM K125/M125X4 CB/F SCOORE 16.1+23.5+16.1","0,00",1000
FG-FTR-00028,CARTON BOX IND 335X265X100 MM,100,MTRL-00533,"SHEET 124 X 37,2 CM K125/M125X3/K125 CB/F SCOORE 13.6+10+13.6","0,00",100
FG-FTR-00028,CARTON BOX IND 335X265X100 MM,100,MTRL-00533,"SHEET 124 X 37,2 CM K125/M125X3/K125 CB/F SCOORE 13.6+10+13.6","0,00",920
FG-FTR-00034,CARTON BOX ME017116 UK 355X355X97 MM (TYPE B PARTISI/LAYER 2 PCS 340X200 MM),700,MTRL-00520,"SHEET 145 X 45,6 CM K125/M125X3/K125 CB/F 17.8+10+17.8","0,00",700
FG-FTR-00039,CARTON BOX ENGINE MOUNTING LAYER (1) 235X210X175 MM &amp; 255X220 MM K150/M125X3/K150 CB/F,50,MTRL-00309,SHEET 230 X 125 CM K200/M125X3/K150 CB/F BRUTO,"0,00",8
FG-GBA-00023,MASTER BOX (SABLON-NAF) UK 510X385X130 RAW K150/M125/K150 C/F FX 501 Q,1000,MTRL-00810,"SHEET 186 X 53,9 CM K150/M125/K150 C/F SCOORE 19.7+14.5","0,00",228900
FG-GBU-00002,DUS NAMPAN FIONA 56X42.5X47 CM,100,MTRL-00150,SHEET 104 X 95 CM K125/M125X2 B/F BRUTO,"0,00",100
FG-GBU-00002,DUS NAMPAN FIONA 56X42.5X47 CM,100,MTRL-00150,SHEET 104 X 95 CM K125/M125X2 B/F BRUTO,"0,00",206
FG-GBU-00002,DUS NAMPAN FIONA 56X42.5X47 CM,100,MTRL-00150,SHEET 104 X 95 CM K125/M125X2 B/F BRUTO,"1,00",100
FG-GBU-00009,"DUS SEALWARE BAHAMA S (SW 175) 78X73,5X48,5 CM",50,MTRL-00575,SHEET 157 X 130 CM K125/M125X4 CB/F BRUTO,"0,00",50
FG-GBU-00010,DUS PENGKI KIRENA NEW 96X55X28CM,157,MTRL-00164,SHEET 157 X 90 CM K125/M125X4 CB/F BRUTO,"0,00",153
FG-GBU-00010,DUS PENGKI KIRENA NEW 96X55X28CM,157,MTRL-00164,SHEET 157 X 90 CM K125/M125X4 CB/F BRUTO,"0,00",200
FG-GBU-00010,DUS PENGKI KIRENA NEW 96X55X28CM,157,MTRL-00164,SHEET 157 X 90 CM K125/M125X4 CB/F BRUTO,"0,00",100
FG-GBU-00022,DUS CUTLERY HOLDER CLAUDIA 55.5X53.5X63CM,202,MTRL-00576,,"0,00",202
FG-GBU-00022,DUS CUTLERY HOLDER CLAUDIA 55.5X53.5X63CM,202,MTRL-00576,,"0,00",100
FG-GBU-00022,DUS CUTLERY HOLDER CLAUDIA 55.5X53.5X63CM,202,MTRL-00576,,"0,97",100
FG-GBU-00032,DUS SAPU WINNY 125X30X32.5 CM,100,MTRL-00149,SHEET 161 X 70 CM K125/M125X4 CB/F BRUTO,"0,00",100
FG-GBU-00085,MASTER BOX SAPU ITALY (UK. 121 X 42 X 28 CM ),450,MTRL-00547,SHEET 167 X 75 CM K125/M125/K125 C/F BRUTO,"0,00",450
FG-GBU-00085,MASTER BOX SAPU ITALY (UK. 121 X 42 X 28 CM ),450,MTRL-00547,SHEET 167 X 75 CM K125/M125/K125 C/F BRUTO,"1,00",200
FG-INS-00023,,500,MTRL-00032,"SHEET 223 X 58,8 CM K150/M125/K150 C/F SCOORE 22.4+14+22.4","1,00",500
FG-KBP-00002,BOX KLOSET DUDUK SIRAM EVOGLO (BBP-BOX-DS-EVG),500,MTRL-00566,SHEET 140 X 125 CM K125/M125X2 C/F,"0,25",500
FG-KBP-00002,BOX KLOSET DUDUK SIRAM EVOGLO (BBP-BOX-DS-EVG),500,MTRL-00567,,"1,00",500
FG-KBP-00003,BOX WASTAFEL,100,MTRL-00606,SHEET 134 X 109 CM K200/M125X3/K200 CB/F NETTO,"0,00",100
FG-KBP-00003,BOX WASTAFEL,100,MTRL-00606,SHEET 134 X 109 CM K200/M125X3/K200 CB/F NETTO,"0,00",1000
FG-KBP-00004,BOX KLOSET JONGKOK ISI 3 (BBP-BOX-SX),920,MTRL-00008,SHEET 92 X 160 CM K125/M125X4 CB/F BRUTO,"0,00",920
FG-KBP-00004,BOX KLOSET JONGKOK ISI 3 (BBP-BOX-SX),920,MTRL-00011,SHEET 140 X 105 CM M125X5 CB/F BRUTO,"0,00",138
FG-KBP-00004,BOX KLOSET JONGKOK ISI 3 (BBP-BOX-SX),920,MTRL-00009,SHEET 122 X 150 CM M125X5 CB/F BRUTO,"0,00",46
FG-KBP-00004,BOX KLOSET JONGKOK ISI 3 (BBP-BOX-SX),920,MTRL-00008,SHEET 92 X 160 CM K125/M125X4 CB/F BRUTO,"0,00",1000
FG-KBP-00004,BOX KLOSET JONGKOK ISI 3 (BBP-BOX-SX),920,MTRL-00011,SHEET 140 X 105 CM M125X5 CB/F BRUTO,"0,00",150
FG-KBP-00004,BOX KLOSET JONGKOK ISI 3 (BBP-BOX-SX),920,MTRL-00009,SHEET 122 X 150 CM M125X5 CB/F BRUTO,"1,00",50
FG-KBP-00004,BOX KLOSET JONGKOK ISI 3 (BBP-BOX-SX),920,MTRL-00008,SHEET 92 X 160 CM K125/M125X4 CB/F BRUTO,"1,00",200
FG-KBP-00004,BOX KLOSET JONGKOK ISI 3 (BBP-BOX-SX),920,MTRL-00011,SHEET 140 X 105 CM M125X5 CB/F BRUTO,"0,00",30
FG-KBP-00004,BOX KLOSET JONGKOK ISI 3 (BBP-BOX-SX),920,MTRL-00009,SHEET 122 X 150 CM M125X5 CB/F BRUTO,"1,00",10
FG-KBP-00004,BOX KLOSET JONGKOK ISI 3 (BBP-BOX-SX),920,MTRL-00008,SHEET 92 X 160 CM K125/M125X4 CB/F BRUTO,"1,00",500
FG-KBP-00004,BOX KLOSET JONGKOK ISI 3 (BBP-BOX-SX),920,MTRL-00011,SHEET 140 X 105 CM M125X5 CB/F BRUTO,"0,00",75
FG-KBP-00004,BOX KLOSET JONGKOK ISI 3 (BBP-BOX-SX),920,MTRL-00009,SHEET 122 X 150 CM M125X5 CB/F BRUTO,"0,00",25
FG-KBP-00004,BOX KLOSET JONGKOK ISI 3 (BBP-BOX-SX),920,MTRL-00008,SHEET 92 X 160 CM K125/M125X4 CB/F BRUTO,"0,00",1000
FG-KBP-00004,BOX KLOSET JONGKOK ISI 3 (BBP-BOX-SX),920,MTRL-00011,SHEET 140 X 105 CM M125X5 CB/F BRUTO,"0,00",150
FG-KBP-00004,BOX KLOSET JONGKOK ISI 3 (BBP-BOX-SX),920,MTRL-00009,SHEET 122 X 150 CM M125X5 CB/F BRUTO,"1,00",50
FG-KBP-00004,BOX KLOSET JONGKOK ISI 3 (BBP-BOX-SX),920,MTRL-00008,SHEET 92 X 160 CM K125/M125X4 CB/F BRUTO,"1,00",1000
FG-KBP-00004,BOX KLOSET JONGKOK ISI 3 (BBP-BOX-SX),920,MTRL-00011,SHEET 140 X 105 CM M125X5 CB/F BRUTO,"1,00",150
FG-KBP-00004,BOX KLOSET JONGKOK ISI 3 (BBP-BOX-SX),920,MTRL-00009,SHEET 122 X 150 CM M125X5 CB/F BRUTO,"0,00",50
FG-KBP-00004,BOX KLOSET JONGKOK ISI 3 (BBP-BOX-SX),920,MTRL-00008,SHEET 92 X 160 CM K125/M125X4 CB/F BRUTO,"0,00",1000
FG-KBP-00004,BOX KLOSET JONGKOK ISI 3 (BBP-BOX-SX),920,MTRL-00011,SHEET 140 X 105 CM M125X5 CB/F BRUTO,"0,00",150
FG-KBP-00004,BOX KLOSET JONGKOK ISI 3 (BBP-BOX-SX),920,MTRL-00009,SHEET 122 X 150 CM M125X5 CB/F BRUTO,"0,00",50
FG-KBP-00004,BOX KLOSET JONGKOK ISI 3 (BBP-BOX-SX),920,MTRL-00008,SHEET 92 X 160 CM K125/M125X4 CB/F BRUTO,"0,00",500
FG-KBP-00004,BOX KLOSET JONGKOK ISI 3 (BBP-BOX-SX),920,MTRL-00011,SHEET 140 X 105 CM M125X5 CB/F BRUTO,"0,00",75
FG-KBP-00004,BOX KLOSET JONGKOK ISI 3 (BBP-BOX-SX),920,MTRL-00009,SHEET 122 X 150 CM M125X5 CB/F BRUTO,"0,00",25
FG-KBP-00004,BOX KLOSET JONGKOK ISI 3 (BBP-BOX-SX),920,MTRL-00008,SHEET 92 X 160 CM K125/M125X4 CB/F BRUTO,"0,00",1000
FG-KBP-00004,BOX KLOSET JONGKOK ISI 3 (BBP-BOX-SX),920,MTRL-00011,SHEET 140 X 105 CM M125X5 CB/F BRUTO,"0,00",150
FG-KBP-00004,BOX KLOSET JONGKOK ISI 3 (BBP-BOX-SX),920,MTRL-00009,SHEET 122 X 150 CM M125X5 CB/F BRUTO,"0,00",50
FG-KBP-00004,BOX KLOSET JONGKOK ISI 3 (BBP-BOX-SX),920,MTRL-00008,SHEET 92 X 160 CM K125/M125X4 CB/F BRUTO,"0,00",1000
FG-KBP-00004,BOX KLOSET JONGKOK ISI 3 (BBP-BOX-SX),920,MTRL-00011,SHEET 140 X 105 CM M125X5 CB/F BRUTO,"0,00",150
FG-KBP-00004,BOX KLOSET JONGKOK ISI 3 (BBP-BOX-SX),920,MTRL-00009,SHEET 122 X 150 CM M125X5 CB/F BRUTO,"2,00",50
FG-KBP-00004,BOX KLOSET JONGKOK ISI 3 (BBP-BOX-SX),920,MTRL-00008,SHEET 92 X 160 CM K125/M125X4 CB/F BRUTO,"0,00",1000
FG-KBP-00004,BOX KLOSET JONGKOK ISI 3 (BBP-BOX-SX),920,MTRL-00011,SHEET 140 X 105 CM M125X5 CB/F BRUTO,"0,00",150
FG-KBP-00004,BOX KLOSET JONGKOK ISI 3 (BBP-BOX-SX),920,MTRL-00009,SHEET 122 X 150 CM M125X5 CB/F BRUTO,"1,00",50
FG-KBP-00006,PARTISI SX/MX,11000,MTRL-00009,SHEET 122 X 150 CM M125X5 CB/F BRUTO,"0,00",11000
FG-KBP-00006,PARTISI SX/MX,11000,MTRL-00009,SHEET 122 X 150 CM M125X5 CB/F BRUTO,"0,00",12000
FG-KBP-00006,PARTISI SX/MX,11000,MTRL-00009,SHEET 122 X 150 CM M125X5 CB/F BRUTO,"0,00",6000
FG-KBP-00006,PARTISI SX/MX,11000,MTRL-00009,SHEET 122 X 150 CM M125X5 CB/F BRUTO,"0,00",12000
FG-KBP-00006,PARTISI SX/MX,11000,MTRL-00009,SHEET 122 X 150 CM M125X5 CB/F BRUTO,"0,00",12000
FG-KBP-00006,PARTISI SX/MX,11000,MTRL-00009,SHEET 122 X 150 CM M125X5 CB/F BRUTO,"0,00",12000
FG-KBP-00006,PARTISI SX/MX,11000,MTRL-00009,SHEET 122 X 150 CM M125X5 CB/F BRUTO,"0,00",12000
FG-KBP-00006,PARTISI SX/MX,11000,MTRL-00009,SHEET 122 X 150 CM M125X5 CB/F BRUTO,"0,00",12000
FG-KBP-00006,PARTISI SX/MX,11000,MTRL-00009,SHEET 122 X 150 CM M125X5 CB/F BRUTO,"0,00",6000
FG-KBP-00006,PARTISI SX/MX,11000,MTRL-00009,SHEET 122 X 150 CM M125X5 CB/F BRUTO,"0,00",6000
FG-KBP-00006,PARTISI SX/MX,11000,MTRL-00009,SHEET 122 X 150 CM M125X5 CB/F BRUTO,"1,00",12000
FG-KBP-00006,PARTISI SX/MX,11000,MTRL-00009,SHEET 122 X 150 CM M125X5 CB/F BRUTO,"0,00",12000
FG-KBP-00006,PARTISI SX/MX,11000,MTRL-00009,SHEET 122 X 150 CM M125X5 CB/F BRUTO,"0,00",12000
FG-KBP-00006,PARTISI SX/MX,11000,MTRL-00009,SHEET 122 X 150 CM M125X5 CB/F BRUTO,"0,00",12000
FG-KBP-00006,PARTISI SX/MX,11000,MTRL-00009,SHEET 122 X 150 CM M125X5 CB/F BRUTO,"1,00",12000
FG-KBP-00007,LAYER SX,1500,MTRL-00011,SHEET 140 X 105 CM M125X5 CB/F BRUTO,"0,00",1500
FG-KBP-00007,LAYER SX,1500,MTRL-00011,SHEET 140 X 105 CM M125X5 CB/F BRUTO,"0,00",6000
FG-KBP-00007,LAYER SX,1500,MTRL-00011,SHEET 140 X 105 CM M125X5 CB/F BRUTO,"1,00",3000
FG-KBP-00007,LAYER SX,1500,MTRL-00011,SHEET 140 X 105 CM M125X5 CB/F BRUTO,"0,00",3000
FG-KBP-00007,LAYER SX,1500,MTRL-00011,SHEET 140 X 105 CM M125X5 CB/F BRUTO,"1,00",3000
FG-KBP-00007,LAYER SX,1500,MTRL-00011,SHEET 140 X 105 CM M125X5 CB/F BRUTO,"0,25",1500
FG-KBP-00007,LAYER SX,1500,MTRL-00011,SHEET 140 X 105 CM M125X5 CB/F BRUTO,"0,00",1500
FG-KBP-00007,LAYER SX,1500,MTRL-00011,SHEET 140 X 105 CM M125X5 CB/F BRUTO,"0,00",6000
FG-KBP-00007,LAYER SX,1500,MTRL-00011,SHEET 140 X 105 CM M125X5 CB/F BRUTO,"0,00",3000
FG-KBP-00007,LAYER SX,1500,MTRL-00011,SHEET 140 X 105 CM M125X5 CB/F BRUTO,"0,00",3000
FG-KBP-00007,LAYER SX,1500,MTRL-00011,SHEET 140 X 105 CM M125X5 CB/F BRUTO,"0,00",10000
FG-KBP-00009,BOX KLOSET JONGKOK ISI 3 (BBP-BOX-MX),500,MTRL-00229,SHEET 100 X 170 CM K125/M125X3/K125 CB/F BRUTO,"1,00",900
FG-KBP-00009,BOX KLOSET JONGKOK ISI 3 (BBP-BOX-MX),500,MTRL-00229,SHEET 100 X 170 CM K125/M125X3/K125 CB/F BRUTO,"1,00",350
FG-KBP-00009,BOX KLOSET JONGKOK ISI 3 (BBP-BOX-MX),500,MTRL-00229,SHEET 100 X 170 CM K125/M125X3/K125 CB/F BRUTO,"1,00",1000
FG-KMI-00003,BIG CARTON BOX LX230 STD (K3120-0022),58,MTRL-00301,"SHEET 224 X 131,6 CM K150/M125/K150 C/F SCOORE 28.6+103","0,15",58
FG-KMI-00003,BIG CARTON BOX LX230 STD (K3120-0022),58,MTRL-00302,"SHEET 56 X 131,6 CM K150/M125/K150 C/F SCOORE 28.6+103","0,05",58
FG-KMI-00003,BIG CARTON BOX LX230 STD (K3120-0022),58,MTRL-00301,"SHEET 224 X 131,6 CM K150/M125/K150 C/F SCOORE 28.6+103","1,00",450
FG-KMI-00003,BIG CARTON BOX LX230 STD (K3120-0022),58,MTRL-00302,"SHEET 56 X 131,6 CM K150/M125/K150 C/F SCOORE 28.6+103","0,00",450
FG-KMI-00005,BIG CARTON BOX LX110CD (K3120-0019),500,MTRL-00303,"SHEET 219 X 102,1 CM K150/M125/K150 C/F SCOORE 25,1+77","1,00",1000
FG-KMI-00006,BIG CARTON BOX LX140AB (K3120-0028),60,MTRL-00013,"SHEET 211,5 X 113 CM K150/M125/K150 C/F SCOORE 86,2+26,8","0,00",60
FG-KMI-00006,BIG CARTON BOX LX140AB (K3120-0028),60,MTRL-00014,"SHEET 53 X 113,3 CM K150/M125/K150 C/F SCOORE 86,6+26,8","0,00",60
FG-KMI-00006,BIG CARTON BOX LX140AB (K3120-0028),60,MTRL-00013,"SHEET 211,5 X 113 CM K150/M125/K150 C/F SCOORE 86,2+26,8","1,00",175
FG-KMI-00006,BIG CARTON BOX LX140AB (K3120-0028),60,MTRL-00014,"SHEET 53 X 113,3 CM K150/M125/K150 C/F SCOORE 86,6+26,8","1,00",175
FG-KMI-00007,BIG CARTON BOX LX140C (K3120-0029),200,MTRL-00704,"SHEET 224 X 122,5 CM K125/M125X3/K125 BC/F","1,00",400
FG-KMI-00022,CARTON BOX A-20 (NEW LOGO) (K3110-0070),896,MTRL-00311,SHEET 97 X 125 CM K150/M125/K150 C/F BRUTO,"0,00",896
FG-KMI-00022,CARTON BOX A-20 (NEW LOGO) (K3110-0070),896,MTRL-00311,SHEET 97 X 125 CM K150/M125/K150 C/F BRUTO,"0,00",1200
FG-KMI-00022,CARTON BOX A-20 (NEW LOGO) (K3110-0070),896,MTRL-00311,SHEET 97 X 125 CM K150/M125/K150 C/F BRUTO,"0,00",25
FG-KMI-00022,CARTON BOX A-20 (NEW LOGO) (K3110-0070),896,MTRL-00311,SHEET 97 X 125 CM K150/M125/K150 C/F BRUTO,"0,00",500
FG-KMI-00022,CARTON BOX A-20 (NEW LOGO) (K3110-0070),896,MTRL-00311,SHEET 97 X 125 CM K150/M125/K150 C/F BRUTO,"0,00",800
FG-KMI-00024,CARTON BOX A-25 (NEW LOGO) (K3110-0069),700,MTRL-00537,SHEET 84 X 140 CM K150/M125/K150 C/F BRUTO,"0,00",700
FG-KMI-00024,CARTON BOX A-25 (NEW LOGO) (K3110-0069),700,MTRL-00537,SHEET 84 X 140 CM K150/M125/K150 C/F BRUTO,"0,00",25
FG-KMI-00024,CARTON BOX A-25 (NEW LOGO) (K3110-0069),700,MTRL-00537,SHEET 84 X 140 CM K150/M125/K150 C/F BRUTO,"0,00",208
FG-KMI-00024,CARTON BOX A-25 (NEW LOGO) (K3110-0069),700,MTRL-00537,SHEET 84 X 140 CM K150/M125/K150 C/F BRUTO,"0,00",760
FG-KMI-00025,CARTON BOX A-28 (NEW LOGO) (K3110-0065),681,MTRL-00475,SHEET 121 X 125 CM K150/M125/K150 C/F BRUTO,"0,25",681
FG-KMI-00025,CARTON BOX A-28 (NEW LOGO) (K3110-0065),681,MTRL-00475,SHEET 121 X 125 CM K150/M125/K150 C/F BRUTO,"1,00",681
FG-KMI-00025,CARTON BOX A-28 (NEW LOGO) (K3110-0065),681,MTRL-00475,SHEET 121 X 125 CM K150/M125/K150 C/F BRUTO,"1,00",360
FG-KMI-00025,CARTON BOX A-28 (NEW LOGO) (K3110-0065),681,MTRL-00475,SHEET 121 X 125 CM K150/M125/K150 C/F BRUTO,"0,00",580
FG-KMI-00025,CARTON BOX A-28 (NEW LOGO) (K3110-0065),681,MTRL-00475,SHEET 121 X 125 CM K150/M125/K150 C/F BRUTO,"0,00",500
FG-KMI-00025,CARTON BOX A-28 (NEW LOGO) (K3110-0065),681,MTRL-00475,SHEET 121 X 125 CM K150/M125/K150 C/F BRUTO,"1,00",25
FG-KMI-00025,CARTON BOX A-28 (NEW LOGO) (K3110-0065),681,MTRL-00475,SHEET 121 X 125 CM K150/M125/K150 C/F BRUTO,"1,00",1000
FG-KMI-00025,CARTON BOX A-28 (NEW LOGO) (K3110-0065),681,MTRL-00475,SHEET 121 X 125 CM K150/M125/K150 C/F BRUTO,"1,00",500
FG-KMI-00025,CARTON BOX A-28 (NEW LOGO) (K3110-0065),681,MTRL-00475,SHEET 121 X 125 CM K150/M125/K150 C/F BRUTO,"1,00",1300
FG-KMI-00025,CARTON BOX A-28 (NEW LOGO) (K3110-0065),681,MTRL-00475,SHEET 121 X 125 CM K150/M125/K150 C/F BRUTO,"1,00",1300
FG-KMI-00026,CARTON BOX A-30 (NEW LOGO) (K3110-0068),710,MTRL-00474,SHEET 110 X 120 CM K150/M125/K150 C/F BRUTO,"0,00",710
FG-KMI-00026,CARTON BOX A-30 (NEW LOGO) (K3110-0068),710,MTRL-00474,SHEET 110 X 120 CM K150/M125/K150 C/F BRUTO,"0,00",1534
FG-KMI-00026,CARTON BOX A-30 (NEW LOGO) (K3110-0068),710,MTRL-00474,SHEET 110 X 120 CM K150/M125/K150 C/F BRUTO,"0,00",1500
FG-KMI-00026,CARTON BOX A-30 (NEW LOGO) (K3110-0068),710,MTRL-00474,SHEET 110 X 120 CM K150/M125/K150 C/F BRUTO,"0,00",25
FG-KMI-00026,CARTON BOX A-30 (NEW LOGO) (K3110-0068),710,MTRL-00474,SHEET 110 X 120 CM K150/M125/K150 C/F BRUTO,"0,00",590
FG-KMI-00026,CARTON BOX A-30 (NEW LOGO) (K3110-0068),710,MTRL-00474,SHEET 110 X 120 CM K150/M125/K150 C/F BRUTO,"0,00",600
FG-KMI-00026,CARTON BOX A-30 (NEW LOGO) (K3110-0068),710,MTRL-00474,SHEET 110 X 120 CM K150/M125/K150 C/F BRUTO,"0,00",500
FG-KMI-00026,CARTON BOX A-30 (NEW LOGO) (K3110-0068),710,MTRL-00474,SHEET 110 X 120 CM K150/M125/K150 C/F BRUTO,"0,00",1800
FG-KMI-00028,CARTON BOX A-56 (NEW LOGO) (K3110-0066),1245,MTRL-00096,SHEET 135 X 140 CM K150/M125/K150 C/F BRUTO,"0,00",1245
FG-KMI-00028,CARTON BOX A-56 (NEW LOGO) (K3110-0066),1245,MTRL-00096,SHEET 135 X 140 CM K150/M125/K150 C/F BRUTO,"0,00",890
FG-KMI-00028,CARTON BOX A-56 (NEW LOGO) (K3110-0066),1245,MTRL-00096,SHEET 135 X 140 CM K150/M125/K150 C/F BRUTO,"1,00",1389
FG-KMI-00028,CARTON BOX A-56 (NEW LOGO) (K3110-0066),1245,MTRL-00096,SHEET 135 X 140 CM K150/M125/K150 C/F BRUTO,"1,00",25
FG-KMI-00028,CARTON BOX A-56 (NEW LOGO) (K3110-0066),1245,MTRL-00096,SHEET 135 X 140 CM K150/M125/K150 C/F BRUTO,"1,00",515
FG-KMI-00028,CARTON BOX A-56 (NEW LOGO) (K3110-0066),1245,MTRL-00096,SHEET 135 X 140 CM K150/M125/K150 C/F BRUTO,"1,00",750
FG-KMI-00029,CARTON BOX A-87 (NEW LOGO) (K3110-0064),1410,MTRL-00114,SHEET 70 X 105 CM K150/M125/K150 C/F BRUTO,"0,00",1410
FG-KMI-00029,CARTON BOX A-87 (NEW LOGO) (K3110-0064),1410,MTRL-00114,SHEET 70 X 105 CM K150/M125/K150 C/F BRUTO,"0,00",1410
FG-KMI-00029,CARTON BOX A-87 (NEW LOGO) (K3110-0064),1410,MTRL-00114,SHEET 70 X 105 CM K150/M125/K150 C/F BRUTO,"0,00",684
FG-KMI-00029,CARTON BOX A-87 (NEW LOGO) (K3110-0064),1410,MTRL-00114,SHEET 70 X 105 CM K150/M125/K150 C/F BRUTO,"0,00",878
FG-KMI-00029,CARTON BOX A-87 (NEW LOGO) (K3110-0064),1410,MTRL-00114,SHEET 70 X 105 CM K150/M125/K150 C/F BRUTO,"0,00",25
FG-KMI-00029,CARTON BOX A-87 (NEW LOGO) (K3110-0064),1410,MTRL-00114,SHEET 70 X 105 CM K150/M125/K150 C/F BRUTO,"0,00",1300
FG-KMI-00029,CARTON BOX A-87 (NEW LOGO) (K3110-0064),1410,MTRL-00114,SHEET 70 X 105 CM K150/M125/K150 C/F BRUTO,"0,00",1300
FG-KMI-00029,CARTON BOX A-87 (NEW LOGO) (K3110-0064),1410,MTRL-00114,SHEET 70 X 105 CM K150/M125/K150 C/F BRUTO,"0,00",1000
FG-KMI-00029,CARTON BOX A-87 (NEW LOGO) (K3110-0064),1410,MTRL-00114,SHEET 70 X 105 CM K150/M125/K150 C/F BRUTO,"1,00",2000
FG-KMI-00029,CARTON BOX A-87 (NEW LOGO) (K3110-0064),1410,MTRL-00114,SHEET 70 X 105 CM K150/M125/K150 C/F BRUTO,"1,00",1454
FG-KMI-00030,CARTON BOX CB 22-A (K3110-0001),212,MTRL-00305,"SHEET 216 X 100,4 CM K200/M125/K150 C/F SCOORE 26,7+47+26,7","0,00",212
FG-KMI-00030,CARTON BOX CB 22-A (K3110-0001),212,MTRL-00305,"SHEET 216 X 100,4 CM K200/M125/K150 C/F SCOORE 26,7+47+26,7","0,00",25
FG-KMI-00030,CARTON BOX CB 22-A (K3110-0001),212,MTRL-00305,"SHEET 216 X 100,4 CM K200/M125/K150 C/F SCOORE 26,7+47+26,7","1,00",200
FG-KMI-00030,CARTON BOX CB 22-A (K3110-0001),212,MTRL-00305,"SHEET 216 X 100,4 CM K200/M125/K150 C/F SCOORE 26,7+47+26,7","1,00",290
FG-KMI-00031,CARTON BOX CB 22-B (K3110-0003),637,MTRL-00306,"SHEET 216 X 83,4 CM K200/M125/K150 C/F SCOORE 26,7+30+26,7","1,00",637
FG-KMI-00031,CARTON BOX CB 22-B (K3110-0003),637,MTRL-00306,"SHEET 216 X 83,4 CM K200/M125/K150 C/F SCOORE 26,7+30+26,7","0,15",30
FG-KMI-00031,CARTON BOX CB 22-B (K3110-0003),637,MTRL-00306,"SHEET 216 X 83,4 CM K200/M125/K150 C/F SCOORE 26,7+30+26,7","0,05",500
FG-KMI-00031,CARTON BOX CB 22-B (K3110-0003),637,MTRL-00306,"SHEET 216 X 83,4 CM K200/M125/K150 C/F SCOORE 26,7+30+26,7","1,00",500
FG-KMI-00031,CARTON BOX CB 22-B (K3110-0003),637,MTRL-00306,"SHEET 216 X 83,4 CM K200/M125/K150 C/F SCOORE 26,7+30+26,7","1,00",25
FG-KMI-00031,CARTON BOX CB 22-B (K3110-0003),637,MTRL-00306,"SHEET 216 X 83,4 CM K200/M125/K150 C/F SCOORE 26,7+30+26,7","0,00",720
FG-KMI-00031,CARTON BOX CB 22-B (K3110-0003),637,MTRL-00306,"SHEET 216 X 83,4 CM K200/M125/K150 C/F SCOORE 26,7+30+26,7","0,00",720
FG-KMI-00032,CARTON BOX CB 23-B (K3110-0005),225,MTRL-00102,"SHEET 160 X 55,4 CM K200/M125/K150 C/F SCOORE 12,7 + 30 +12,7","0,00",225
FG-KMI-00032,CARTON BOX CB 23-B (K3110-0005),225,MTRL-00102,"SHEET 160 X 55,4 CM K200/M125/K150 C/F SCOORE 12,7 + 30 +12,7","0,00",25
FG-KMI-00032,CARTON BOX CB 23-B (K3110-0005),225,MTRL-00102,"SHEET 160 X 55,4 CM K200/M125/K150 C/F SCOORE 12,7 + 30 +12,7","0,00",470
FG-KMI-00032,CARTON BOX CB 23-B (K3110-0005),225,MTRL-00102,"SHEET 160 X 55,4 CM K200/M125/K150 C/F SCOORE 12,7 + 30 +12,7","0,00",280
FG-KMI-00033,CARTON BOX CB 24-C (K3110-0007),297,MTRL-00029,"SHEET 108 X 51,4 CM K200/M125/K150 C/F SCOORE 13.2+25+13.2","0,00",297
FG-KMI-00033,CARTON BOX CB 24-C (K3110-0007),297,MTRL-00029,"SHEET 108 X 51,4 CM K200/M125/K150 C/F SCOORE 13.2+25+13.2","0,00",25
FG-KMI-00033,CARTON BOX CB 24-C (K3110-0007),297,MTRL-00029,"SHEET 108 X 51,4 CM K200/M125/K150 C/F SCOORE 13.2+25+13.2","0,00",300
FG-KMI-00034,CARTON BOX CB 24-E (K3110-0012),2000,MTRL-00006,"SHEET 108 X 41,4 CM K200/M125/K150 C/F SCOORE 13.2+15+13.2","0,00",2000
FG-KMI-00034,CARTON BOX CB 24-E (K3110-0012),2000,MTRL-00006,"SHEET 108 X 41,4 CM K200/M125/K150 C/F SCOORE 13.2+15+13.2","1,00",25
FG-KMI-00034,CARTON BOX CB 24-E (K3110-0012),2000,MTRL-00006,"SHEET 108 X 41,4 CM K200/M125/K150 C/F SCOORE 13.2+15+13.2","0,00",1200
FG-KMI-00034,CARTON BOX CB 24-E (K3110-0012),2000,MTRL-00006,"SHEET 108 X 41,4 CM K200/M125/K150 C/F SCOORE 13.2+15+13.2","1,00",3100
FG-KMI-00035,CARTON BOX CB 25-D (K3110-0011),695,MTRL-00307,SHEET 164 X 105 CM K200/M125/K150 C/F BRUTO,"0,00",695
FG-KMI-00035,CARTON BOX CB 25-D (K3110-0011),695,MTRL-00307,SHEET 164 X 105 CM K200/M125/K150 C/F BRUTO,"0,00",25
FG-KMI-00035,CARTON BOX CB 25-D (K3110-0011),695,MTRL-00307,SHEET 164 X 105 CM K200/M125/K150 C/F BRUTO,"1,00",1000
FG-KMI-00035,CARTON BOX CB 25-D (K3110-0011),695,MTRL-00307,SHEET 164 X 105 CM K200/M125/K150 C/F BRUTO,"0,00",1000
FG-KMI-00036,CARTON BOX CB 31-D (K3110-0008),25,MTRL-00066,"SHEET 144 X 55,4 CM K200/M125/K150 C/F SCOORE 17.7+20+17.7","0,00",50
FG-KMI-00036,CARTON BOX CB 31-D (K3110-0008),25,MTRL-00066,"SHEET 144 X 55,4 CM K200/M125/K150 C/F SCOORE 17.7+20+17.7","0,00",50
FG-KMI-00036,CARTON BOX CB 31-D (K3110-0008),25,MTRL-00066,"SHEET 144 X 55,4 CM K200/M125/K150 C/F SCOORE 17.7+20+17.7","0,00",1200
FG-KMI-00036,CARTON BOX CB 31-D (K3110-0008),25,MTRL-00066,"SHEET 144 X 55,4 CM K200/M125/K150 C/F SCOORE 17.7+20+17.7","0,00",420
FG-KMI-00036,CARTON BOX CB 31-D (K3110-0008),25,MTRL-00066,"SHEET 144 X 55,4 CM K200/M125/K150 C/F SCOORE 17.7+20+17.7","0,00",800
FG-KMI-00036,CARTON BOX CB 31-D (K3110-0008),25,MTRL-00066,"SHEET 144 X 55,4 CM K200/M125/K150 C/F SCOORE 17.7+20+17.7","0,00",720
FG-KMI-00037,CARTON BOX CB 32-B (K3110-0004),530,MTRL-00069,"SHEET 180 X 65,4 CM K200/M125/K150 C/F SCOORE 17.7+30+17.7","0,00",530
FG-KMI-00037,CARTON BOX CB 32-B (K3110-0004),530,MTRL-00069,"SHEET 180 X 65,4 CM K200/M125/K150 C/F SCOORE 17.7+30+17.7","0,00",500
FG-KMI-00037,CARTON BOX CB 32-B (K3110-0004),530,MTRL-00069,"SHEET 180 X 65,4 CM K200/M125/K150 C/F SCOORE 17.7+30+17.7","0,00",25
FG-KMI-00037,CARTON BOX CB 32-B (K3110-0004),530,MTRL-00069,"SHEET 180 X 65,4 CM K200/M125/K150 C/F SCOORE 17.7+30+17.7","1,00",500
FG-KMI-00037,CARTON BOX CB 32-B (K3110-0004),530,MTRL-00069,"SHEET 180 X 65,4 CM K200/M125/K150 C/F SCOORE 17.7+30+17.7","0,25",200
FG-KMI-00038,CARTON BOX CB 33-C (K3110-0006),500,MTRL-00092,"SHEET 126 X 51,4 CM K200/M125/K150 C/F SCOORE 13,2 + 25 + 13,2","1,00",500
FG-KMI-00038,CARTON BOX CB 33-C (K3110-0006),500,MTRL-00092,"SHEET 126 X 51,4 CM K200/M125/K150 C/F SCOORE 13,2 + 25 + 13,2","1,00",25
FG-KMI-00038,CARTON BOX CB 33-C (K3110-0006),500,MTRL-00092,"SHEET 126 X 51,4 CM K200/M125/K150 C/F SCOORE 13,2 + 25 + 13,2","1,00",570
FG-KMI-00038,CARTON BOX CB 33-C (K3110-0006),500,MTRL-00092,"SHEET 126 X 51,4 CM K200/M125/K150 C/F SCOORE 13,2 + 25 + 13,2","0,00",721
FG-KMI-00040,CARTON BOX CB 35-D (K3110-0010),25,MTRL-00030,"SHEET 108 X 37,4 CM K200/M125/K150 C/F SCOORE 8.7+20+8.7","0,00",25
FG-KMI-00042,LAYER UK 1065X250X5 (K3140-0021),2000,MTRL-00184,"SHEET 106,5 X 50 CM K200/M125X3K150 CB/F NETTO","0,00",2000
FG-KMI-00042,LAYER UK 1065X250X5 (K3140-0021),2000,MTRL-00184,"SHEET 106,5 X 50 CM K200/M125X3K150 CB/F NETTO","0,00",1580
FG-KMI-00042,LAYER UK 1065X250X5 (K3140-0021),2000,MTRL-00184,"SHEET 106,5 X 50 CM K200/M125X3K150 CB/F NETTO","0,00",4000
FG-KMI-00042,LAYER UK 1065X250X5 (K3140-0021),2000,MTRL-00184,"SHEET 106,5 X 50 CM K200/M125X3K150 CB/F NETTO","0,00",4000
FG-KMI-00045,MASTERBOX M-01 COMMUNICATION SYMBOL (K3110-0057),32,MTRL-00379,SHEET 227 X 134 CM K200/M125X3/K150 CB/F SCOORE 20+101+13,"1,00",64
FG-KMI-00045,MASTERBOX M-01 COMMUNICATION SYMBOL (K3110-0057),32,MTRL-00379,SHEET 227 X 134 CM K200/M125X3/K150 CB/F SCOORE 20+101+13,"0,00",200
FG-KMI-00046,MASTERBOX M-02 COMMUNICATION SYMBOL (K3110-0058),252,MTRL-00380,SHEET 227 X 125 CM K150/M125X3/K150 CB/F,"1,00",504
FG-KMI-00046,MASTERBOX M-02 COMMUNICATION SYMBOL (K3110-0058),252,MTRL-00380,SHEET 227 X 125 CM K150/M125X3/K150 CB/F,"1,00",400
FG-KMI-00046,MASTERBOX M-02 COMMUNICATION SYMBOL (K3110-0058),252,MTRL-00380,SHEET 227 X 125 CM K150/M125X3/K150 CB/F,"1,00",400
FG-KMI-00047,MASTERBOX M-03 COMMUNICATION SYMBOL (K3110-0059),200,MTRL-00204,SHEET 227 X 73 CM K200/M125X3/K150 CB/F SCOORE 20+40+13,"0,15",400
FG-KMI-00048,MASTERBOX M-04 COMMUNICATION SYMBOL (K3110-0060),480,MTRL-00203,SHEET 174 X 73 CM K200/M125X3/K150 CB/F SCOORE 20 + 40 + 13,"0,05",960
FG-KMI-00048,MASTERBOX M-04 COMMUNICATION SYMBOL (K3110-0060),480,MTRL-00203,SHEET 174 X 73 CM K200/M125X3/K150 CB/F SCOORE 20 + 40 + 13,"1,00",200
FG-KMI-00048,MASTERBOX M-04 COMMUNICATION SYMBOL (K3110-0060),480,MTRL-00203,SHEET 174 X 73 CM K200/M125X3/K150 CB/F SCOORE 20 + 40 + 13,"0,13",1242
FG-KMI-00048,MASTERBOX M-04 COMMUNICATION SYMBOL (K3110-0060),480,MTRL-00203,SHEET 174 X 73 CM K200/M125X3/K150 CB/F SCOORE 20 + 40 + 13,"1,00",140
FG-KMI-00048,MASTERBOX M-04 COMMUNICATION SYMBOL (K3110-0060),480,MTRL-00204,SHEET 227 X 73 CM K200/M125X3/K150 CB/F SCOORE 20+40+13,"1,00",140
FG-KMI-00048,MASTERBOX M-04 COMMUNICATION SYMBOL (K3110-0060),480,MTRL-00203,SHEET 174 X 73 CM K200/M125X3/K150 CB/F SCOORE 20 + 40 + 13,"0,00",400
FG-KMI-00048,MASTERBOX M-04 COMMUNICATION SYMBOL (K3110-0060),480,MTRL-00204,SHEET 227 X 73 CM K200/M125X3/K150 CB/F SCOORE 20+40+13,"0,00",400
FG-KMI-00049,MASTERBOX Z-02 COMMUNICATION SYMBOL (K3110-0062),5,MTRL-00309,SHEET 230 X 125 CM K200/M125X3/K150 CB/F BRUTO,"0,00",10
FG-KMI-00049,MASTERBOX Z-02 COMMUNICATION SYMBOL (K3110-0062),5,MTRL-00309,SHEET 230 X 125 CM K200/M125X3/K150 CB/F BRUTO,"0,00",100
FG-KMI-00049,MASTERBOX Z-02 COMMUNICATION SYMBOL (K3110-0062),5,MTRL-00309,SHEET 230 X 125 CM K200/M125X3/K150 CB/F BRUTO,"0,00",320
FG-KMI-00049,MASTERBOX Z-02 COMMUNICATION SYMBOL (K3110-0062),5,MTRL-00309,SHEET 230 X 125 CM K200/M125X3/K150 CB/F BRUTO,"0,00",518
FG-KMI-00049,MASTERBOX Z-02 COMMUNICATION SYMBOL (K3110-0062),5,MTRL-00309,SHEET 230 X 125 CM K200/M125X3/K150 CB/F BRUTO,"0,00",518
FG-KMI-00049,MASTERBOX Z-02 COMMUNICATION SYMBOL (K3110-0062),5,MTRL-00309,SHEET 230 X 125 CM K200/M125X3/K150 CB/F BRUTO,"2,00",88
FG-KMI-00049,MASTERBOX Z-02 COMMUNICATION SYMBOL (K3110-0062),5,MTRL-00309,SHEET 230 X 125 CM K200/M125X3/K150 CB/F BRUTO,"2,00",88
FG-KMI-00049,MASTERBOX Z-02 COMMUNICATION SYMBOL (K3110-0062),5,MTRL-00309,SHEET 230 X 125 CM K200/M125X3/K150 CB/F BRUTO,"0,00",310
FG-KMI-00049,MASTERBOX Z-02 COMMUNICATION SYMBOL (K3110-0062),5,MTRL-00309,SHEET 230 X 125 CM K200/M125X3/K150 CB/F BRUTO,"0,00",360
FG-KMI-00049,MASTERBOX Z-02 COMMUNICATION SYMBOL (K3110-0062),5,MTRL-00309,SHEET 230 X 125 CM K200/M125X3/K150 CB/F BRUTO,"1,00",116
FG-KMI-00050,MASTERBOX Z-03 COMMUNICATION SYMBOL (K3110-0063),5,MTRL-00180,SHEET 227 X 95 CM K200/M125X3/K150 CB/F BRUTO,"1,00",10
FG-KMI-00050,MASTERBOX Z-03 COMMUNICATION SYMBOL (K3110-0063),5,MTRL-00180,SHEET 227 X 95 CM K200/M125X3/K150 CB/F BRUTO,"0,00",300
FG-KMI-00050,MASTERBOX Z-03 COMMUNICATION SYMBOL (K3110-0063),5,MTRL-00180,SHEET 227 X 95 CM K200/M125X3/K150 CB/F BRUTO,"0,20",322
FG-KMI-00050,MASTERBOX Z-03 COMMUNICATION SYMBOL (K3110-0063),5,MTRL-00180,SHEET 227 X 95 CM K200/M125X3/K150 CB/F BRUTO,"1,00",300
FG-KMI-00050,MASTERBOX Z-03 COMMUNICATION SYMBOL (K3110-0063),5,MTRL-00180,SHEET 227 X 95 CM K200/M125X3/K150 CB/F BRUTO,"1,00",200
FG-KMI-00050,MASTERBOX Z-03 COMMUNICATION SYMBOL (K3110-0063),5,MTRL-00180,SHEET 227 X 95 CM K200/M125X3/K150 CB/F BRUTO,"1,00",760
FG-KMI-00060,PJ LX 140 AB,600,MTRL-00013,"SHEET 211,5 X 113 CM K150/M125/K150 C/F SCOORE 86,2+26,8","0,00",600
FG-KMI-00060,PJ LX 140 AB,600,MTRL-00013,"SHEET 211,5 X 113 CM K150/M125/K150 C/F SCOORE 86,2+26,8","1,00",380
FG-KMI-00060,PJ LX 140 AB,600,MTRL-00013,"SHEET 211,5 X 113 CM K150/M125/K150 C/F SCOORE 86,2+26,8","2,00",380
FG-KMI-00062,PJ LX 140 C,130,MTRL-00015,"SHEET 224 X 118,2 CM K150/M125/K150 C/F SCOORE 91,4+26,8","2,00",130
FG-KMI-00076,BIG CARTON BX/BR 125 (NEW COM.SYMBOL) PACKING (K3120-0034),360,MTRL-00108,"SHEET 223 X 134,6 CM K150/M125/K150 C/F SCOORE 36,1 + 98,5","1,00",253
FG-KMI-00076,BIG CARTON BX/BR 125 (NEW COM.SYMBOL) PACKING (K3120-0034),360,MTRL-00115,"SHEET 71,5 X 134,6 CM K150/M125/K150 C/F SCOORE 36,1 + 98,5","1,00",253
FG-MEIH-00001,,200,MTRL-00375,"SHEET 185 X 90,4 CM K150/M125/K150 C/F SCOORE 19,2+52+19,2","1,00",200
FG-MEIH-00009,K125/M125/K125 C/F BROWN 100TXL550XP1400,215,MTRL-00782,"SHEET 214 X 40,4 CM K150/M125/K150 C/F SCOORE 15.2+10+15.2","1,00",80000
FG-MMM-00001,JUNGLE BOX TIPE M,200,MTRL-00202,"SHEET 249 X 123,3 CM K125/M125X3/K125 CB/F SCOORE 61.8 + 61.5","1,00",200
FG-MMM-00001,JUNGLE BOX TIPE M,200,MTRL-00026,SHEET 244 X 122 CM K125/M125X3/K125 CB/F SCOORE 60.5+61.5,"1,00",200
FG-MMM-00002,JUNGLE BOX TIPE S,250,MTRL-00049,"SHEET 225 X 117,3 CM K125/M125X3/K125 CB/F SCOORE 55.8+61.5","1,00",250
FG-MMM-00002,JUNGLE BOX TIPE S,250,MTRL-00050,SHEET 220 X 116 CM K125/M125X3/K125 CB/F SCOORE 54.5+61.5,"1,00",250
FG-MMM-00002,JUNGLE BOX TIPE S,250,MTRL-00049,"SHEET 225 X 117,3 CM K125/M125X3/K125 CB/F SCOORE 55.8+61.5","0,00",250
FG-MMM-00002,JUNGLE BOX TIPE S,250,MTRL-00050,SHEET 220 X 116 CM K125/M125X3/K125 CB/F SCOORE 54.5+61.5,"0,00",250
FG-MMM-00002,JUNGLE BOX TIPE S,250,MTRL-00049,"SHEET 225 X 117,3 CM K125/M125X3/K125 CB/F SCOORE 55.8+61.5","0,00",250
FG-MMM-00002,JUNGLE BOX TIPE S,250,MTRL-00050,SHEET 220 X 116 CM K125/M125X3/K125 CB/F SCOORE 54.5+61.5,"1,00",250
FG-MNA-00008,KARDUS UK 122X62X14 SINGLE FACE,50,MTRL-00298,SHEET 220 X 105 CM K150/M125/K150 B/F BRUTO,"1,00",9300
FG-MNA-00015,KARDUS UK. 500X550X500 DOUBLE FACE,100,MTRL-00297,SHEET 227 X 103 CM K200/M125X3/K150 CB/F SCOORE 20 + 70 + 13,"1,00",10200
FG-PMI-00019,PACKING MOTOR 04-UK 206X126X256 MM,172,MTRL-00137,SHEET 229 X 145 CM K275/M125/K275 B/F BRUTO,"1,00",172
FG-PP-00002,KARTON BOX MELEK TEA,2000,MTRL-00007,SHEET 148 X 120 CM K125/M125/K125 B/F BRUTO,"1,00",2000
FG-SIG-00001,CB.DPT-IC0G-L096 UK 630X130X130 K200/M125/K200 B/F,1000,MTRL-00543,SHEET 114 X 100 CM K200/M125/K200 B/F BRUTO,"2,00",1000
FG-SIG-00001,CB.DPT-IC0G-L096 UK 630X130X130 K200/M125/K200 B/F,1000,MTRL-00543,SHEET 114 X 100 CM K200/M125/K200 B/F BRUTO,"1,00",760
FG-SIG-00001,CB.DPT-IC0G-L096 UK 630X130X130 K200/M125/K200 B/F,1000,MTRL-00543,SHEET 114 X 100 CM K200/M125/K200 B/F BRUTO,"1,00",840
FG-SIG-00002,BOX DPT ICOG M047 UK 630X190X190 MM K200/M125/K200 B/F,500,MTRL-00542,SHEET 162 X 110 CM K200/M125/K200 B/F,"1,00",500
FG-SIG-00002,BOX DPT ICOG M047 UK 630X190X190 MM K200/M125/K200 B/F,500,MTRL-00542,SHEET 162 X 110 CM K200/M125/K200 B/F,"1,00",485
FG-SIG-00003,CB.DPT-IC0G-M034 UK 570X190X190 K200/M125/K200 B/F,1850,MTRL-00541,SHEET 162 X 105 CM K200/M125/K200 B/F BRUTO,"1,00",1850
FG-SIG-00003,CB.DPT-IC0G-M034 UK 570X190X190 K200/M125/K200 B/F,1850,MTRL-00541,SHEET 162 X 105 CM K200/M125/K200 B/F BRUTO,"1,00",1000
FG-SIG-00003,CB.DPT-IC0G-M034 UK 570X190X190 K200/M125/K200 B/F,1850,MTRL-00541,SHEET 162 X 105 CM K200/M125/K200 B/F BRUTO,"0,00",980
FG-SIG-00003,CB.DPT-IC0G-M034 UK 570X190X190 K200/M125/K200 B/F,1850,MTRL-00541,SHEET 162 X 105 CM K200/M125/K200 B/F BRUTO,"0,00",2050
FG-SIG-00003,CB.DPT-IC0G-M034 UK 570X190X190 K200/M125/K200 B/F,1850,MTRL-00541,SHEET 162 X 105 CM K200/M125/K200 B/F BRUTO,"1,00",2214
FG-SIG-00003,CB.DPT-IC0G-M034 UK 570X190X190 K200/M125/K200 B/F,1850,MTRL-00541,SHEET 162 X 105 CM K200/M125/K200 B/F BRUTO,"0,00",1000
FG-SIG-00004,KARTON BOX SUZUKI 14,500,MTRL-00548,"SHEET 164 X 60,6 CM K150/M125X3/K150 CB/F SCOORE 20.3 + 20 + 20.3","1,00",500
FG-SIG-00004,KARTON BOX SUZUKI 14,500,MTRL-00548,"SHEET 164 X 60,6 CM K150/M125X3/K150 CB/F SCOORE 20.3 + 20 + 20.3","1,00",600
FG-SIG-00007,CB ISUZU VC K200/M150X3/K200 BC/F 2300X220X940,103,MTRL-00668,SHEET 256 X 137 CM K150/M125X3/K150 CB/F SCOORE 21.5 + 94 + 21.5,"1,00",206
FG-SIG-00007,CB ISUZU VC K200/M150X3/K200 BC/F 2300X220X940,103,MTRL-00668,SHEET 256 X 137 CM K150/M125X3/K150 CB/F SCOORE 21.5 + 94 + 21.5,"1,00",222
FG-SIG-00018,CB. SUZUKI HANDLE WITH CARE 475 X 405 X 125 MM K150/M125X3/K150 CB/F,200,MTRL-00776,"SHEET 184 X 56,2 CM K150/M125X3/K150 CB/F SCOORE 21.1+14+21.1","1,00",500
FG-SNH-00004,BOX 700 X 360 X 250 SNI 07,182,MTRL-00065,SHEET 220 X 64 CM K200/M125X3/K150 CB/F SCOORE 18.8+26.4+18.8,"0,00",182
FG-SNH-00004,BOX 700 X 360 X 250 SNI 07,182,MTRL-00065,SHEET 220 X 64 CM K200/M125X3/K150 CB/F SCOORE 18.8+26.4+18.8,"1,00",177
FG-SNH-00004,BOX 700 X 360 X 250 SNI 07,182,MTRL-00065,SHEET 220 X 64 CM K200/M125X3/K150 CB/F SCOORE 18.8+26.4+18.8,"0,00",315
FG-SNH-00004,BOX 700 X 360 X 250 SNI 07,182,MTRL-00065,SHEET 220 X 64 CM K200/M125X3/K150 CB/F SCOORE 18.8+26.4+18.8,"0,00",290
FG-SNH-00005,BOX 735 X 255 X 200 SNI 09,320,MTRL-00535,SHEET 204 X 48 CM K200/M125X3/K150 BC/F SCOORE 13.3+21.4+13.3,"0,00",320
FG-SNH-00006,BOX 575X550X340 SNI10,200,MTRL-00012,"SHEET 231 X 91,5 CM K200/M125X3/K150 CB/F SCOORE 28+35.5+28","0,00",200
FG-SNH-00006,BOX 575X550X340 SNI10,200,MTRL-00012,"SHEET 231 X 91,5 CM K200/M125X3/K150 CB/F SCOORE 28+35.5+28","0,00",315
FG-SNH-00006,BOX 575X550X340 SNI10,200,MTRL-00012,"SHEET 231 X 91,5 CM K200/M125X3/K150 CB/F SCOORE 28+35.5+28","1,00",300
FG-SNH-00007,BOX 500 X 330 X 240 (SNI 11),430,MTRL-00295,"SHEET 172 X 59,5 CM K200/M125X3/K150 CB/F SCOORE 17+25,5+17 CM","0,00",430
FG-SNH-00007,BOX 500 X 330 X 240 (SNI 11),430,MTRL-00295,"SHEET 172 X 59,5 CM K200/M125X3/K150 CB/F SCOORE 17+25,5+17 CM","0,00",510
FG-SNH-00007,BOX 500 X 330 X 240 (SNI 11),430,MTRL-00295,"SHEET 172 X 59,5 CM K200/M125X3/K150 CB/F SCOORE 17+25,5+17 CM","0,00",300
FG-SNH-00007,BOX 500 X 330 X 240 (SNI 11),430,MTRL-00295,"SHEET 172 X 59,5 CM K200/M125X3/K150 CB/F SCOORE 17+25,5+17 CM","0,00",500
FG-SNH-00010,BOX 530X460X315 SNI14,300,MTRL-00017,"SHEET 202 X 63,3 CM K200/M125X3/K150 CB/F SCOORE 23.3+32+8","1,00",300
FG-SNH-00010,BOX 530X460X315 SNI14,300,MTRL-00017,"SHEET 202 X 63,3 CM K200/M125X3/K150 CB/F SCOORE 23.3+32+8","1,00",310
FG-SNH-00011,BOX 695 X 265 X 180 SNI 15,285,MTRL-00523,"SHEET 196 X 40 CM K200M125X3/K150 BC/F SCOORE 13,5 + 18,5 + 8","1,00",285
FG-SNH-00012,BOX 1060 X 460 X 315 (SNI16),200,MTRL-00036,"SHEET 156 X 63,3 CM K200/M125X3/K150 CB/F SCOORE 23.3+32+8 CM","0,00",200
FG-SNH-00012,BOX 1060 X 460 X 315 (SNI16),200,MTRL-00036,"SHEET 156 X 63,3 CM K200/M125X3/K150 CB/F SCOORE 23.3+32+8 CM","0,00",25
FG-SNH-00012,BOX 1060 X 460 X 315 (SNI16),200,MTRL-00036,"SHEET 156 X 63,3 CM K200/M125X3/K150 CB/F SCOORE 23.3+32+8 CM","1,00",408
FG-SNH-00012,BOX 1060 X 460 X 315 (SNI16),200,MTRL-00036,"SHEET 156 X 63,3 CM K200/M125X3/K150 CB/F SCOORE 23.3+32+8 CM","1,00",150
FG-SNH-00012,BOX 1060 X 460 X 315 (SNI16),200,MTRL-00036,"SHEET 156 X 63,3 CM K200/M125X3/K150 CB/F SCOORE 23.3+32+8 CM","1,00",150
FG-SNH-00014,BOX 575X275X160 (SNI18),315,MTRL-00027,"SHEET 161 X 39,3 CM K200/M125X3/K150 CB/F SCOORE 14.3+17+8","1,00",315
FG-SNH-00014,BOX 575X275X160 (SNI18),315,MTRL-00027,"SHEET 161 X 39,3 CM K200/M125X3/K150 CB/F SCOORE 14.3+17+8","1,00",300
FG-SNH-00014,BOX 575X275X160 (SNI18),315,MTRL-00027,"SHEET 161 X 39,3 CM K200/M125X3/K150 CB/F SCOORE 14.3+17+8","1,00",380
FG-SNI-00005,KARTON BOX PRINTING,120,MTRL-00201,"SHEET 155 X 44,5 CM K150/M125X3/K150 CB/FSCOORE 14,3 + 16 + 14,3","1,00",120
FG-SNI-00005,KARTON BOX PRINTING,120,MTRL-00201,"SHEET 155 X 44,5 CM K150/M125X3/K150 CB/FSCOORE 14,3 + 16 + 14,3","0,00",1300
FG-SNI-00005,KARTON BOX PRINTING,120,MTRL-00201,"SHEET 155 X 44,5 CM K150/M125X3/K150 CB/FSCOORE 14,3 + 16 + 14,3","0,00",1700
FG-SNI-00005,KARTON BOX PRINTING,120,MTRL-00201,"SHEET 155 X 44,5 CM K150/M125X3/K150 CB/FSCOORE 14,3 + 16 + 14,3","0,00",740
FG-SNI-00005,KARTON BOX PRINTING,120,MTRL-00201,"SHEET 155 X 44,5 CM K150/M125X3/K150 CB/FSCOORE 14,3 + 16 + 14,3","0,00",200
FG-SNI-00005,KARTON BOX PRINTING,120,MTRL-00201,"SHEET 155 X 44,5 CM K150/M125X3/K150 CB/FSCOORE 14,3 + 16 + 14,3","0,00",2737
FG-STP-00011,SIDE REEL 10 STP,3000,MTRL-00261,SHEET 112 X 145 CM K200/M125/K200 B/F BRUTO,"0,00",600
FG-STP-00012,SIDE REEL 550 STP,5000,MTRL-00324,SHEET 170 X 170 CM K200/M125X3/K200 CB/F BRUTO,"0,00",5000
FG-STP-00012,SIDE REEL 550 STP,5000,MTRL-00324,SHEET 170 X 170 CM K200/M125X3/K200 CB/F BRUTO,"0,00",5000
FG-TPP-00002,ALAS KARTON PALLET KAYU,200,MTRL-00067,SHEET 110 X 110 CM K125/M125X4 CB/F NETTO,"0,00",200
FG-TPP-00002,ALAS KARTON PALLET KAYU,200,MTRL-00067,SHEET 110 X 110 CM K125/M125X4 CB/F NETTO,"0,00",200
FG-TSSI-00001,LAYER KARTON BOX IA,3000,MTRL-00532,,"0,00",390
FG-TSSI-00001,LAYER KARTON BOX IA,3000,MTRL-00532,,"0,00",1950
FG-WIRS-00003,INNER PARTY,5000,MTRL-00494,SHEET 111 X 110 CM WK150/M125X2 B/F BRUTO,"0,00",5000
FG-WIRS-00003,INNER PARTY,5000,MTRL-00494,SHEET 111 X 110 CM WK150/M125X2 B/F BRUTO,"0,00",7000
FG-WIRS-00004,PARTISI PARTY,2980,MTRL-00495,SHEET 119 X 105 CM WK150/M125X2 B/F BRUTO,"0,00",2980
FG-WIRS-00004,PARTISI PARTY,2980,MTRL-00495,SHEET 119 X 105 CM WK150/M125X2 B/F BRUTO,"0,00",5000
FG-YMT-00001,KARTON BOX NS-6,1500,MTRL-00373,SHEET 94 X 65 CM K125/M125X4 CB/F BRUTO,"0,00",1500
FG-YMT-00001,KARTON BOX NS-6,1500,MTRL-00319,"SHEET 175 X 64,6 CM K200/M150X3/K150 CB/F SCOORE 17.3+30+17.3","0,00",1000
FG-YMT-00001,KARTON BOX NS-6,1500,MTRL-00319,"SHEET 175 X 64,6 CM K200/M150X3/K150 CB/F SCOORE 17.3+30+17.3","0,00",1500
FG-YMT-00001,KARTON BOX NS-6,1500,MTRL-00319,"SHEET 175 X 64,6 CM K200/M150X3/K150 CB/F SCOORE 17.3+30+17.3","0,00",1500
FG-YMT-00001,KARTON BOX NS-6,1500,MTRL-00319,"SHEET 175 X 64,6 CM K200/M150X3/K150 CB/F SCOORE 17.3+30+17.3","0,00",1500
FG-YMT-00001,KARTON BOX NS-6,1500,MTRL-00319,"SHEET 175 X 64,6 CM K200/M150X3/K150 CB/F SCOORE 17.3+30+17.3","0,00",1500
FG-YMT-00001,KARTON BOX NS-6,1500,MTRL-00319,"SHEET 175 X 64,6 CM K200/M150X3/K150 CB/F SCOORE 17.3+30+17.3","0,00",1572
FG-YMT-00002,KARTON BOX NS-10,1360,MTRL-00320,,"0,00",1360
FG-YMT-00002,KARTON BOX NS-10,1360,MTRL-00320,,"0,00",1000
FG-YMT-00002,KARTON BOX NS-10,1360,MTRL-00320,,"0,00",997
FG-YMT-00002,KARTON BOX NS-10,1360,MTRL-00320,,"1,00",500
FG-YMT-00002,KARTON BOX NS-10,1360,MTRL-00320,,"0,00",500
FG-YSG-00001,OUTER BOX CONROD (995X555X250) MM,30,MTRL-00283,SHEET 158 X 86 CM K200/M125X3/K150 CB/F SCOORE 29.5+27+29.5,"1,00",30
FG-YSG-00002,INNER BOX (306X271X110) MM,1120,MTRL-00090,SHEET 121 X 40 CM K125/M125X3/K125 BC/F SCOORE 14+12+14,"1,00",1120
,,,,,"0,00",
,,,,,"0,00",
,,,,,"0,00",
,,,,,"0,00",
,,,,,"0,00",
,,,,,"0,00",
,,,,,"0,00",
,,,,,"0,00",
,,,,,"0,00",
,,,,,"0,00",
,,,,,"0,00",
,,,,,"0,00",
,,,,,"0,00",
,,,,,"0,00",
,,,,,"1,00",
,,,,,"0,00",
,,,,,"0,00",
,,,,,"0,00",
,,,,,"0,00",
,,,,,"0,00",
,,,,,"0,00",
,,,,,"1,00",
,,,,,"2,00",
,,,,,"2,00",
,,,,,"0,00",
,,,,,"1,00",
,,,,,"1,00",
,,,,,"0,00",
,,,,,"0,00",
,,,,,"1,00",
,,,,,"0,00",
,,,,,"0,00",
,,,,,"0,00",
,,,,,"0,00",
,,,,,"1,00",
,,,,,"0,00",
,,,,,"0,00",
,,,,,"0,00",
,,,,,"0,00",
,,,,,"0,00",
,,,,,"1,00",
,,,,,"0,00",
,,,,,"0,00",
,,,,,"0,00",
,,,,,"0,00",
,,,,,"0,00",
,,,,,"0,00",
,,,,,"1,00",
,,,,,"0,00",
,,,,,"1,00",